Order Date,Ship Date,Ship Mode,State/Province,Region,Factory,Shipping Lead Time,Route,Sales,Units,Gross Profit
2023-11-24,2023-11-28,Standard,OR,West,Lot's O' Nuts,4,Lot's O' Nuts → OR,1068.7,387,488.20000000000005
2023-10-07,2023-10-13,Standard,NY,Northeast,Lot's O' Nuts,6,Lot's O' Nuts → NY,820.4,268,418.4
2023-10-15,2023-10-20,Standard,PA,Northeast,Wicked Choccy's,5,Wicked Choccy's → PA,1138.29,424,629.49
2023-03-23,2023-03-28,Standard,GA,South,Secret Factory,5,Secret Factory → GA,142.38,62,80.38
2023-02-19,2023-02-27,Standard,VA,South,Sugar Shack,8,Sugar Shack → VA,394.04,284,252.04000000000002
2023-07-13,2023-07-16,Expedited,VA,South,Lot's O' Nuts,3,Lot's O' Nuts → VA,858.69,305,401.19000000000005
2023-02-05,2023-02-07,Expedited,MI,Midwest,Lot's O' Nuts,2,Lot's O' Nuts → MI,1250.55,453,571.05
2023-05-23,2023-05-27,Standard,FL,South,Secret Factory,4,Secret Factory → FL,841.37,353,488.37
2023-12-16,2023-12-18,Expedited,WI,Midwest,Lot's O' Nuts,2,Lot's O' Nuts → WI,720.21,246,351.21000000000004
2023-11-24,2023-11-25,Expedited,MI,Midwest,The Other Factory,1,The Other Factory → MI,297.38,127,183.07999999999998
2023-06-11,2023-06-16,Standard,TX,South,Secret Factory,5,Secret Factory → TX,304.17,118,186.17000000000002
2023-07-22,2023-07-27,Standard,MI,Midwest,Secret Factory,5,Secret Factory → MI,996.58,392,604.58
2023-10-26,2023-10-28,Expedited,FL,South,Secret Factory,2,Secret Factory → FL,674.12,270,404.12
2023-01-25,2023-01-29,Expedited,OH,Midwest,Lot's O' Nuts,4,Lot's O' Nuts → OH,862.51,315,390.01
2023-07-15,2023-07-18,Standard,CT,Northeast,The Other Factory,3,The Other Factory → CT,822.37,358,500.17
2023-12-16,2023-12-22,Standard,GA,South,The Other Factory,6,The Other Factory → GA,196.17,90,115.16999999999999
2023-05-15,2023-05-18,Expedited,WI,Midwest,The Other Factory,3,The Other Factory → WI,994.9,440,598.9
2023-11-08,2023-11-09,Expedited,MI,Midwest,Wicked Choccy's,1,Wicked Choccy's → MI,762.22,316,383.02000000000004
2023-01-10,2023-01-14,Standard,GA,South,Lot's O' Nuts,4,Lot's O' Nuts → GA,1395.55,459,707.05
2023-02-10,2023-02-14,Expedited,NY,Northeast,Lot's O' Nuts,4,Lot's O' Nuts → NY,1035.85,347,515.3499999999999
2023-10-09,2023-10-13,Expedited,VA,South,Wicked Choccy's,4,Wicked Choccy's → VA,320.31,118,178.71
2023-12-20,2023-12-23,Expedited,NC,South,Wicked Choccy's,3,Wicked Choccy's → NC,631.75,234,350.95
2023-08-20,2023-08-23,Standard,OH,Midwest,Lot's O' Nuts,3,Lot's O' Nuts → OH,943.06,311,476.55999999999995
2023-10-29,2023-11-01,Expedited,CA,West,Wicked Choccy's,3,Wicked Choccy's → CA,118.92,44,66.12
2023-06-19,2023-06-23,Standard,MI,Midwest,Lot's O' Nuts,4,Lot's O' Nuts → MI,794.9,286,365.9
2023-10-20,2023-10-24,Expedited,PA,Northeast,The Other Factory,4,The Other Factory → PA,216.3,107,120.00000000000001
2023-12-04,2023-12-07,Standard,NC,South,Secret Factory,3,Secret Factory → NC,912.16,354,558.16
2023-11-27,2023-11-28,Expedited,NV,West,Lot's O' Nuts,1,Lot's O' Nuts → NV,385.65,137,180.14999999999998
2023-10-02,2023-10-08,Standard,IN,Midwest,Secret Factory,6,Secret Factory → IN,368.15,137,231.14999999999998
2023-02-08,2023-02-12,Standard,CA,West,Secret Factory,4,Secret Factory → CA,1271.36,484,787.3599999999999
2023-05-02,2023-05-08,Standard,NJ,Northeast,Wicked Choccy's,6,Wicked Choccy's → NJ,1075.84,472,509.43999999999994
2023-07-14,2023-07-18,Expedited,MA,Northeast,Lot's O' Nuts,4,Lot's O' Nuts → MA,460.79,156,226.79000000000002
2023-10-12,2023-10-15,Standard,OH,Midwest,Secret Factory,3,Secret Factory → OH,801.07,306,495.07000000000005
2023-02-01,2023-02-06,Standard,CA,West,Sugar Shack,5,Sugar Shack → CA,370.99,270,235.99
2023-04-06,2023-04-10,Standard,WA,West,Lot's O' Nuts,4,Lot's O' Nuts → WA,935.35,306,476.35
2023-11-14,2023-11-19,Standard,CT,Northeast,Lot's O' Nuts,5,Lot's O' Nuts → CT,1393.95,488,661.95
2023-12-09,2023-12-14,Standard,MI,Midwest,Sugar Shack,5,Sugar Shack → MI,352.54,244,230.54000000000002
2023-02-07,2023-02-08,Expedited,CT,Northeast,Lot's O' Nuts,1,Lot's O' Nuts → CT,142.06,47,71.56
2023-09-17,2023-09-19,Expedited,MI,Midwest,Sugar Shack,2,Sugar Shack → MI,285.66,199,186.16000000000003
2023-08-13,2023-08-14,Expedited,VA,South,The Other Factory,1,The Other Factory → VA,821.17,351,505.27
2023-06-03,2023-06-06,Standard,MI,Midwest,Lot's O' Nuts,3,Lot's O' Nuts → MI,1182.45,390,597.45
2023-05-20,2023-05-25,Standard,MI,Midwest,Sugar Shack,5,Sugar Shack → MI,401.08,268,267.08
2023-01-27,2023-02-01,Standard,MA,Northeast,Lot's O' Nuts,5,Lot's O' Nuts → MA,1122.51,404,516.51
2023-05-15,2023-05-16,Expedited,CT,Northeast,Wicked Choccy's,1,Wicked Choccy's → CT,153.27,67,72.87
2023-12-20,2023-12-24,Standard,OR,West,Wicked Choccy's,4,Wicked Choccy's → OR,532.16,230,256.15999999999997
2023-06-07,2023-06-11,Standard,OR,West,Sugar Shack,4,Sugar Shack → OR,484.67,351,309.17
2023-10-14,2023-10-16,Expedited,OH,Midwest,Secret Factory,2,Secret Factory → OH,1132.28,461,671.28
2023-04-02,2023-04-05,Standard,PA,Northeast,Sugar Shack,3,Sugar Shack → PA,330.39,205,227.89
2023-08-29,2023-09-02,Standard,IN,Midwest,Wicked Choccy's,4,Wicked Choccy's → IN,280.47,124,131.67000000000002
2023-04-09,2023-04-12,Expedited,GA,South,Secret Factory,3,Secret Factory → GA,485.87,189,296.87
2023-07-24,2023-07-29,Standard,TX,South,The Other Factory,5,The Other Factory → TX,225.78,101,134.88
2023-05-16,2023-05-21,Standard,AZ,West,Lot's O' Nuts,5,Lot's O' Nuts → AZ,713.85,233,364.35
2023-09-19,2023-09-22,Standard,CT,Northeast,Lot's O' Nuts,3,Lot's O' Nuts → CT,1101.73,372,543.73
2023-09-24,2023-09-29,Standard,MI,Midwest,The Other Factory,5,The Other Factory → MI,696.86,329,400.76
2023-03-05,2023-03-13,Standard,NC,South,Sugar Shack,8,Sugar Shack → NC,159.42,108,105.41999999999999
2023-07-14,2023-07-17,Standard,NC,South,Wicked Choccy's,3,Wicked Choccy's → NC,394.92,165,196.92000000000002
2023-08-09,2023-08-13,Standard,NC,South,The Other Factory,4,The Other Factory → NC,593.0,271,349.1
2023-03-28,2023-04-02,Standard,VA,South,Lot's O' Nuts,5,Lot's O' Nuts → VA,181.89,57,96.38999999999999
2023-05-01,2023-05-04,Standard,OH,Midwest,Sugar Shack,3,Sugar Shack → OH,222.1,135,154.6
2023-11-09,2023-11-11,Expedited,NJ,Northeast,Lot's O' Nuts,2,Lot's O' Nuts → NJ,1175.42,377,609.9200000000001
2023-09-11,2023-09-14,Standard,OH,Midwest,Secret Factory,3,Secret Factory → OH,1226.1,467,759.0999999999999
2023-02-24,2023-02-28,Expedited,OH,Midwest,Secret Factory,4,Secret Factory → OH,88.5,35,53.5
2023-03-04,2023-03-09,Standard,IN,Midwest,Secret Factory,5,Secret Factory → IN,1303.3,496,807.3
2023-08-15,2023-08-19,Standard,CT,Northeast,The Other Factory,4,The Other Factory → CT,920.03,390,569.03
2023-08-19,2023-08-23,Expedited,MI,Midwest,Sugar Shack,4,Sugar Shack → MI,469.19,330,304.19
2023-08-14,2023-08-19,Standard,FL,South,Lot's O' Nuts,5,Lot's O' Nuts → FL,1412.25,467,711.75
2023-03-12,2023-03-16,Standard,IN,Midwest,Wicked Choccy's,4,Wicked Choccy's → IN,103.21,42,52.809999999999995
2023-06-19,2023-06-25,Standard,NJ,Northeast,The Other Factory,6,The Other Factory → NJ,497.03,209,308.92999999999995
2023-10-27,2023-11-01,Standard,NJ,Northeast,Lot's O' Nuts,5,Lot's O' Nuts → NJ,510.64,162,267.64
2023-08-03,2023-08-09,Standard,IN,Midwest,The Other Factory,6,The Other Factory → IN,514.13,258,281.93
2023-06-22,2023-06-23,Expedited,IN,Midwest,Secret Factory,1,Secret Factory → IN,1159.88,474,685.8800000000001
2023-10-16,2023-10-22,Standard,NV,West,Lot's O' Nuts,6,Lot's O' Nuts → NV,281.21,103,126.70999999999998
2023-07-14,2023-07-20,Standard,IN,Midwest,Sugar Shack,6,Sugar Shack → IN,239.49,152,163.49
2023-08-04,2023-08-07,Standard,NV,West,Sugar Shack,3,Sugar Shack → NV,723.13,497,474.63
2023-11-29,2023-12-02,Expedited,CA,West,Lot's O' Nuts,3,Lot's O' Nuts → CA,915.59,328,423.59000000000003
2023-03-06,2023-03-10,Expedited,AZ,West,Secret Factory,4,Secret Factory → AZ,875.15,368,507.15
2023-07-08,2023-07-09,Expedited,WA,West,Wicked Choccy's,1,Wicked Choccy's → WA,692.43,306,325.22999999999996
2023-06-09,2023-06-11,Expedited,NJ,Northeast,The Other Factory,2,The Other Factory → NJ,107.55,48,64.35
2023-11-18,2023-11-19,Expedited,OR,West,Wicked Choccy's,1,Wicked Choccy's → OR,1143.38,417,642.9800000000001
2023-01-22,2023-01-27,Standard,MA,Northeast,Sugar Shack,5,Sugar Shack → MA,25.68,16,17.68
2023-09-08,2023-09-14,Standard,MA,Northeast,Lot's O' Nuts,6,Lot's O' Nuts → MA,1038.55,372,480.54999999999995
2023-04-01,2023-04-05,Expedited,VA,South,The Other Factory,4,The Other Factory → VA,538.57,248,315.37000000000006
2023-10-31,2023-11-05,Expedited,FL,South,Sugar Shack,5,Sugar Shack → FL,684.7,461,454.20000000000005
2023-08-26,2023-08-31,Standard,MA,Northeast,The Other Factory,5,The Other Factory → MA,226.04,103,133.33999999999997
2023-07-01,2023-07-06,Expedited,GA,South,Sugar Shack,5,Sugar Shack → GA,447.83,274,310.83
2023-02-13,2023-02-17,Standard,NJ,Northeast,Wicked Choccy's,4,Wicked Choccy's → NJ,903.16,363,467.55999999999995
2023-12-31,2024-01-08,Standard,NY,Northeast,Secret Factory,8,Secret Factory → NY,863.28,364,499.28
2023-12-06,2023-12-11,Standard,NC,South,The Other Factory,5,The Other Factory → NC,549.0,227,344.7
2023-10-09,2023-10-17,Standard,NC,South,Sugar Shack,8,Sugar Shack → NC,111.21,71,75.71
2023-06-11,2023-06-17,Standard,OH,Midwest,Lot's O' Nuts,6,Lot's O' Nuts → OH,473.35,151,246.85000000000002
2023-09-26,2023-09-29,Expedited,TX,South,The Other Factory,3,The Other Factory → TX,269.49,126,156.09
2023-06-04,2023-06-07,Standard,MI,Midwest,Lot's O' Nuts,3,Lot's O' Nuts → MI,842.46,293,402.96000000000004
2023-03-06,2023-03-16,Standard,CA,West,Secret Factory,10,Secret Factory → CA,568.78,235,333.78
2023-01-27,2023-02-04,Expedited,NY,Northeast,Sugar Shack,8,Sugar Shack → NY,71.59,47,48.09
2023-12-18,2023-12-21,Expedited,OH,Midwest,Lot's O' Nuts,3,Lot's O' Nuts → OH,174.71,53,95.21000000000001
2023-03-02,2023-03-06,Standard,CT,Northeast,The Other Factory,4,The Other Factory → CT,899.44,407,533.1400000000001
2023-08-19,2023-08-22,Expedited,VA,South,Secret Factory,3,Secret Factory → VA,770.71,301,469.71000000000004
2023-11-09,2023-11-12,Standard,OH,Midwest,Lot's O' Nuts,3,Lot's O' Nuts → OH,255.95,90,120.94999999999999
2023-10-10,2023-10-16,Standard,IL,Midwest,Lot's O' Nuts,6,Lot's O' Nuts → IL,432.41,159,193.91000000000003
2023-05-28,2023-06-04,Standard,NY,Northeast,Sugar Shack,7,Sugar Shack → NY,314.27,227,200.76999999999998
2023-04-26,2023-04-30,Standard,FL,South,Wicked Choccy's,4,Wicked Choccy's → FL,997.58,415,499.58000000000004
2023-10-19,2023-10-28,Standard,NY,Northeast,Sugar Shack,9,Sugar Shack → NY,704.38,492,458.38
2023-10-04,2023-10-13,Standard,NY,Northeast,Secret Factory,9,Secret Factory → NY,757.68,319,438.67999999999995
2023-02-16,2023-02-20,Standard,OR,West,Wicked Choccy's,4,Wicked Choccy's → OR,627.37,250,327.37
2023-08-15,2023-08-21,Standard,WI,Midwest,Sugar Shack,6,Sugar Shack → WI,83.5,56,55.5
2023-07-29,2023-08-06,Expedited,TX,South,Sugar Shack,8,Sugar Shack → TX,547.0,365,364.5
2023-12-06,2023-12-11,Standard,NV,West,Secret Factory,5,Secret Factory → NV,403.89,175,228.89
2023-07-26,2023-07-29,Standard,AZ,West,The Other Factory,3,The Other Factory → AZ,234.06,106,138.66
2023-11-15,2023-11-22,Standard,NY,Northeast,Secret Factory,7,Secret Factory → NY,629.56,234,395.55999999999995
2023-09-06,2023-09-08,Expedited,AZ,West,Lot's O' Nuts,2,Lot's O' Nuts → AZ,512.16,169,258.65999999999997
2023-10-10,2023-10-11,Expedited,WA,West,Secret Factory,1,Secret Factory → WA,669.99,246,423.99
2023-11-28,2023-12-03,Standard,MA,Northeast,Wicked Choccy's,5,Wicked Choccy's → MA,592.15,222,325.75
2023-08-30,2023-09-03,Standard,CT,Northeast,Wicked Choccy's,4,Wicked Choccy's → CT,1226.4,481,649.2
2023-03-11,2023-03-16,Standard,NC,South,Lot's O' Nuts,5,Lot's O' Nuts → NC,1161.66,430,516.6600000000001
2023-06-02,2023-06-08,Standard,PA,Northeast,The Other Factory,6,The Other Factory → PA,395.49,186,228.09
2023-10-06,2023-10-08,Expedited,MA,Northeast,Secret Factory,2,Secret Factory → MA,737.33,302,435.33000000000004
2023-07-30,2023-08-03,Expedited,NC,South,Lot's O' Nuts,4,Lot's O' Nuts → NC,681.66,207,371.15999999999997
2023-11-30,2023-12-06,Standard,NY,Northeast,Wicked Choccy's,6,Wicked Choccy's → NY,1221.34,457,672.9399999999999
2023-02-21,2023-02-27,Expedited,NY,Northeast,The Other Factory,6,The Other Factory → NY,104.96,48,61.75999999999999
2023-05-16,2023-05-23,Expedited,NY,Northeast,Sugar Shack,7,Sugar Shack → NY,516.65,330,351.65
2023-09-07,2023-09-12,Standard,AZ,West,The Other Factory,5,The Other Factory → AZ,290.88,126,177.48
2023-08-11,2023-08-16,Standard,NV,West,Lot's O' Nuts,5,Lot's O' Nuts → NV,1282.6,472,574.5999999999999
2023-06-16,2023-06-20,Standard,GA,South,Lot's O' Nuts,4,Lot's O' Nuts → GA,407.52,135,205.01999999999998
2023-10-17,2023-10-23,Standard,OH,Midwest,Wicked Choccy's,6,Wicked Choccy's → OH,847.44,327,455.0400000000001
2023-09-12,2023-09-17,Standard,OH,Midwest,The Other Factory,5,The Other Factory → OH,512.62,245,292.12
2023-01-05,2023-01-11,Standard,VA,South,Secret Factory,6,Secret Factory → VA,1194.43,493,701.4300000000001
2023-10-28,2023-11-02,Standard,MA,Northeast,Sugar Shack,5,Sugar Shack → MA,183.13,111,127.63
2023-09-05,2023-09-10,Standard,IN,Midwest,Lot's O' Nuts,5,Lot's O' Nuts → IN,1058.79,368,506.78999999999996
2023-12-04,2023-12-07,Standard,TX,South,Secret Factory,3,Secret Factory → TX,1215.32,476,739.3199999999999
2023-09-12,2023-09-14,Expedited,WI,Midwest,Sugar Shack,2,Sugar Shack → WI,471.36,335,303.86
2023-05-09,2023-05-16,Standard,CA,West,Wicked Choccy's,7,Wicked Choccy's → CA,744.32,306,377.12000000000006
2023-03-09,2023-03-11,Expedited,GA,South,Lot's O' Nuts,2,Lot's O' Nuts → GA,311.28,112,143.27999999999997
2023-10-04,2023-10-14,Standard,FL,South,Sugar Shack,10,Sugar Shack → FL,631.56,392,435.55999999999995
2023-02-28,2023-03-02,Expedited,WA,West,Secret Factory,2,Secret Factory → WA,1164.67,450,714.6700000000001
2023-12-12,2023-12-13,Expedited,TX,South,Secret Factory,1,Secret Factory → TX,365.15,145,220.14999999999998
2023-08-21,2023-08-28,Standard,VA,South,Sugar Shack,7,Sugar Shack → VA,504.15,355,326.65
2023-01-13,2023-01-16,Standard,VA,South,The Other Factory,3,The Other Factory → VA,784.74,335,483.24
2023-12-25,2023-12-31,Standard,NY,Northeast,Sugar Shack,6,Sugar Shack → NY,362.83,262,231.82999999999998
2023-05-01,2023-05-07,Standard,IN,Midwest,The Other Factory,6,The Other Factory → IN,715.05,310,436.04999999999995
2023-03-21,2023-03-26,Standard,NV,West,Secret Factory,5,Secret Factory → NV,67.47,26,41.47
2023-04-22,2023-04-23,Expedited,PA,Northeast,Secret Factory,1,Secret Factory → PA,878.55,361,517.55
2023-11-27,2023-11-30,Standard,NV,West,Sugar Shack,3,Sugar Shack → NV,794.18,495,546.68
2023-08-21,2023-08-22,Expedited,WI,Midwest,Lot's O' Nuts,1,Lot's O' Nuts → WI,1194.84,412,576.8399999999999
2023-03-06,2023-03-08,Expedited,IL,Midwest,The Other Factory,2,The Other Factory → IL,643.26,310,364.26
2023-04-30,2023-05-04,Standard,WI,Midwest,Sugar Shack,4,Sugar Shack → WI,114.92,76,76.92
2023-03-31,2023-04-04,Standard,WA,West,Lot's O' Nuts,4,Lot's O' Nuts → WA,900.12,311,433.62
2023-03-31,2023-04-01,Expedited,WA,West,Sugar Shack,1,Sugar Shack → WA,535.31,391,339.80999999999995
2023-08-18,2023-08-21,Standard,NV,West,Sugar Shack,3,Sugar Shack → NV,605.46,382,414.46000000000004
2023-12-04,2023-12-07,Standard,NC,South,The Other Factory,3,The Other Factory → NC,99.19,41,62.29
2023-07-25,2023-07-29,Expedited,NV,West,Secret Factory,4,Secret Factory → NV,126.88,47,79.88
2023-06-14,2023-06-19,Standard,IL,Midwest,The Other Factory,5,The Other Factory → IL,495.62,205,311.12
2023-09-29,2023-10-02,Standard,CT,Northeast,Sugar Shack,3,Sugar Shack → CT,649.18,416,441.17999999999995
2023-12-02,2023-12-06,Standard,IN,Midwest,The Other Factory,4,The Other Factory → IN,470.54,221,271.64
2023-08-21,2023-08-29,Standard,NY,Northeast,Secret Factory,8,Secret Factory → NY,548.09,201,347.09000000000003
2023-12-18,2023-12-23,Expedited,CA,West,Secret Factory,5,Secret Factory → CA,154.72,59,95.72
2023-07-10,2023-07-13,Expedited,AZ,West,Wicked Choccy's,3,Wicked Choccy's → AZ,815.82,353,392.22
2023-07-01,2023-07-06,Standard,OR,West,Secret Factory,5,Secret Factory → OR,159.95,63,96.94999999999999
2023-04-19,2023-04-22,Expedited,PA,Northeast,Wicked Choccy's,3,Wicked Choccy's → PA,1117.43,442,587.0300000000001
2023-02-28,2023-03-01,Expedited,IN,Midwest,Sugar Shack,1,Sugar Shack → IN,522.82,321,362.32000000000005
2023-12-22,2023-12-27,Standard,WA,West,Sugar Shack,5,Sugar Shack → WA,698.39,481,457.89
2023-01-04,2023-01-07,Standard,WI,Midwest,Wicked Choccy's,3,Wicked Choccy's → WI,214.88,82,116.47999999999999
2023-01-16,2023-01-21,Standard,IN,Midwest,Lot's O' Nuts,5,Lot's O' Nuts → IN,262.98,90,127.98000000000002
2023-06-16,2023-06-20,Standard,CA,West,The Other Factory,4,The Other Factory → CA,324.07,149,189.97
2023-08-06,2023-08-09,Standard,NJ,Northeast,Secret Factory,3,Secret Factory → NJ,458.48,186,272.48
2023-05-26,2023-05-29,Standard,CT,Northeast,The Other Factory,3,The Other Factory → CT,262.78,122,152.97999999999996
2023-11-03,2023-11-07,Standard,WA,West,Lot's O' Nuts,4,Lot's O' Nuts → WA,1118.5,402,515.5
2023-05-11,2023-05-20,Standard,TX,South,Sugar Shack,9,Sugar Shack → TX,111.27,76,73.27
2023-12-27,2023-12-30,Standard,TX,South,Wicked Choccy's,3,Wicked Choccy's → TX,526.43,233,246.82999999999993
2023-02-09,2023-02-15,Standard,CT,Northeast,Sugar Shack,6,Sugar Shack → CT,218.76,158,139.76
2023-01-11,2023-01-16,Standard,WI,Midwest,Sugar Shack,5,Sugar Shack → WI,81.46,55,53.959999999999994
2023-02-24,2023-02-27,Standard,CT,Northeast,Wicked Choccy's,3,Wicked Choccy's → CT,569.28,212,314.88
2023-06-23,2023-06-26,Standard,FL,South,Wicked Choccy's,3,Wicked Choccy's → FL,703.9,281,366.7
2023-06-28,2023-07-03,Standard,OH,Midwest,Sugar Shack,5,Sugar Shack → OH,155.63,111,100.13
2023-03-20,2023-03-26,Standard,IN,Midwest,Lot's O' Nuts,6,Lot's O' Nuts → IN,1165.11,358,628.1099999999999
2023-10-17,2023-10-20,Standard,GA,South,The Other Factory,3,The Other Factory → GA,543.64,250,318.64
2023-06-05,2023-06-10,Standard,OR,West,Sugar Shack,5,Sugar Shack → OR,365.45,246,242.45
2023-01-30,2023-02-07,Standard,TX,South,Sugar Shack,8,Sugar Shack → TX,374.93,246,251.93
2023-01-22,2023-01-26,Standard,MI,Midwest,Secret Factory,4,Secret Factory → MI,1140.47,500,640.47
2023-02-22,2023-02-25,Standard,AZ,West,Sugar Shack,3,Sugar Shack → AZ,212.47,136,144.47
2023-08-13,2023-08-18,Standard,MI,Midwest,The Other Factory,5,The Other Factory → MI,449.25,208,262.05
2023-06-23,2023-06-26,Standard,OR,West,The Other Factory,3,The Other Factory → OR,672.15,295,406.65
2023-05-26,2023-05-30,Standard,MI,Midwest,Sugar Shack,4,Sugar Shack → MI,696.92,479,457.41999999999996
2023-12-02,2023-12-03,Expedited,WI,Midwest,Secret Factory,1,Secret Factory → WI,424.95,168,256.95
2023-11-26,2023-12-02,Standard,WI,Midwest,Sugar Shack,6,Sugar Shack → WI,393.81,270,258.81
2023-07-05,2023-07-11,Standard,OH,Midwest,Sugar Shack,6,Sugar Shack → OH,153.14,108,99.13999999999999
2023-03-12,2023-03-13,Expedited,OR,West,Wicked Choccy's,1,Wicked Choccy's → OR,708.93,269,386.12999999999994
2023-09-27,2023-10-03,Standard,VA,South,Lot's O' Nuts,6,Lot's O' Nuts → VA,246.17,88,114.16999999999999
2023-12-21,2023-12-26,Standard,IN,Midwest,The Other Factory,5,The Other Factory → IN,817.6,356,497.20000000000005
2023-08-16,2023-08-20,Standard,NC,South,The Other Factory,4,The Other Factory → NC,404.02,168,252.82
2023-08-29,2023-09-02,Expedited,VA,South,Wicked Choccy's,4,Wicked Choccy's → VA,963.53,403,479.92999999999995
2023-07-15,2023-07-17,Expedited,PA,Northeast,The Other Factory,2,The Other Factory → PA,953.04,456,542.64
2023-11-25,2023-11-26,Expedited,VA,South,Secret Factory,1,Secret Factory → VA,355.25,155,200.25
2023-03-24,2023-03-30,Standard,CT,Northeast,Sugar Shack,6,Sugar Shack → CT,91.5,56,63.5
2023-04-24,2023-04-30,Standard,TX,South,Secret Factory,6,Secret Factory → TX,650.67,267,383.66999999999996
2023-07-17,2023-07-20,Standard,FL,South,Lot's O' Nuts,3,Lot's O' Nuts → FL,1373.55,439,715.05
2023-06-21,2023-06-27,Standard,IL,Midwest,Wicked Choccy's,6,Wicked Choccy's → IL,975.59,366,536.3900000000001
2023-12-28,2023-12-31,Standard,CT,Northeast,Secret Factory,3,Secret Factory → CT,45.18,19,26.18
2023-03-18,2023-03-23,Expedited,NY,Northeast,The Other Factory,5,The Other Factory → NY,144.07,72,79.27
2023-08-03,2023-08-10,Standard,NY,Northeast,The Other Factory,7,The Other Factory → NY,734.85,333,435.15000000000003
2023-05-04,2023-05-09,Standard,NC,South,Wicked Choccy's,5,Wicked Choccy's → NC,337.2,133,177.6
2023-04-06,2023-04-07,Expedited,TX,South,Lot's O' Nuts,1,Lot's O' Nuts → TX,673.82,209,360.32000000000005
2023-01-23,2023-01-26,Expedited,GA,South,Secret Factory,3,Secret Factory → GA,943.2,413,530.2
2023-05-04,2023-05-09,Standard,FL,South,Lot's O' Nuts,5,Lot's O' Nuts → FL,1314.5,426,675.5
2023-12-17,2023-12-18,Expedited,PA,Northeast,Secret Factory,1,Secret Factory → PA,991.92,376,615.92
2023-08-23,2023-08-27,Standard,FL,South,Lot's O' Nuts,4,Lot's O' Nuts → FL,1261.74,463,567.24
2023-06-08,2023-06-11,Standard,CT,Northeast,The Other Factory,3,The Other Factory → CT,894.53,395,539.03
2023-05-27,2023-06-01,Standard,OR,West,Sugar Shack,5,Sugar Shack → OR,376.73,233,260.23
2023-08-14,2023-08-20,Standard,FL,South,Secret Factory,6,Secret Factory → FL,537.01,198,339.01
2023-09-23,2023-09-27,Standard,NV,West,Sugar Shack,4,Sugar Shack → NV,415.62,289,271.12
2023-02-22,2023-02-28,Standard,GA,South,Lot's O' Nuts,6,Lot's O' Nuts → GA,295.82,95,153.32
2023-06-29,2023-07-05,Standard,OR,West,Secret Factory,6,Secret Factory → OR,385.46,150,235.45999999999998
2023-01-30,2023-02-03,Standard,MA,Northeast,Lot's O' Nuts,4,Lot's O' Nuts → MA,1351.19,497,605.69
2023-11-08,2023-11-13,Standard,WA,West,Secret Factory,5,Secret Factory → WA,476.08,195,281.08
2023-10-18,2023-10-21,Expedited,IN,Midwest,Lot's O' Nuts,3,Lot's O' Nuts → IN,748.41,237,392.90999999999997
2023-10-21,2023-10-26,Standard,NC,South,Wicked Choccy's,5,Wicked Choccy's → NC,374.05,137,209.65
2023-01-14,2023-01-17,Standard,CT,Northeast,Wicked Choccy's,3,Wicked Choccy's → CT,379.8,144,207.0
2023-12-27,2024-01-02,Standard,WI,Midwest,Secret Factory,6,Secret Factory → WI,258.87,112,146.87
2023-02-07,2023-02-10,Expedited,IN,Midwest,Secret Factory,3,Secret Factory → IN,850.72,351,499.72
2023-02-03,2023-02-05,Expedited,GA,South,The Other Factory,2,The Other Factory → GA,889.85,416,515.45
2023-04-25,2023-05-01,Standard,OH,Midwest,Lot's O' Nuts,6,Lot's O' Nuts → OH,67.08,23,32.58
2023-10-21,2023-10-24,Standard,CT,Northeast,Sugar Shack,3,Sugar Shack → CT,62.04,43,40.54
2023-09-03,2023-09-04,Expedited,NJ,Northeast,The Other Factory,1,The Other Factory → NJ,178.18,74,111.58000000000001
2023-11-25,2023-11-30,Standard,NJ,Northeast,Lot's O' Nuts,5,Lot's O' Nuts → NJ,242.01,75,129.51
2023-10-10,2023-10-13,Standard,OH,Midwest,The Other Factory,3,The Other Factory → OH,885.06,435,493.55999999999995
2023-03-20,2023-03-24,Standard,OH,Midwest,Sugar Shack,4,Sugar Shack → OH,305.6,187,212.10000000000002
2023-09-23,2023-09-28,Standard,OR,West,Sugar Shack,5,Sugar Shack → OR,113.78,74,76.78
2023-11-11,2023-11-15,Standard,AZ,West,The Other Factory,4,The Other Factory → AZ,220.17,97,132.87
2023-11-06,2023-11-13,Standard,CA,West,Sugar Shack,7,Sugar Shack → CA,611.7,402,410.70000000000005
2023-11-13,2023-11-18,Standard,CT,Northeast,Lot's O' Nuts,5,Lot's O' Nuts → CT,731.66,257,346.15999999999997
2023-12-17,2023-12-20,Standard,NC,South,Secret Factory,3,Secret Factory → NC,222.28,90,132.28
2023-09-05,2023-09-10,Standard,MI,Midwest,Secret Factory,5,Secret Factory → MI,1176.74,451,725.74
2023-06-26,2023-06-29,Standard,MI,Midwest,Secret Factory,3,Secret Factory → MI,410.16,173,237.16000000000003
2023-03-04,2023-03-07,Standard,PA,Northeast,Sugar Shack,3,Sugar Shack → PA,258.11,158,179.11
2023-11-12,2023-11-15,Expedited,OH,Midwest,Secret Factory,3,Secret Factory → OH,281.58,107,174.57999999999998
2023-09-13,2023-09-17,Expedited,NJ,Northeast,The Other Factory,4,The Other Factory → NJ,42.41,21,23.509999999999998
2023-07-21,2023-07-26,Standard,PA,Northeast,The Other Factory,5,The Other Factory → PA,68.08,34,37.48
2023-09-11,2023-09-14,Standard,MA,Northeast,The Other Factory,3,The Other Factory → MA,468.95,230,261.95
2023-05-16,2023-05-19,Standard,MA,Northeast,Sugar Shack,3,Sugar Shack → MA,457.08,301,306.58
2023-07-05,2023-07-11,Standard,TX,South,The Other Factory,6,The Other Factory → TX,891.0,401,530.1
2023-11-16,2023-11-20,Expedited,WA,West,The Other Factory,4,The Other Factory → WA,468.28,201,287.38
2023-06-23,2023-06-29,Standard,FL,South,The Other Factory,6,The Other Factory → FL,531.39,266,291.99
2023-01-20,2023-01-24,Standard,NC,South,Wicked Choccy's,4,Wicked Choccy's → NC,862.9,320,478.9
2023-03-13,2023-03-22,Standard,FL,South,Sugar Shack,9,Sugar Shack → FL,429.99,269,295.49
2023-09-30,2023-10-03,Expedited,NC,South,Secret Factory,3,Secret Factory → NC,463.06,179,284.06
2023-08-02,2023-08-07,Standard,TX,South,The Other Factory,5,The Other Factory → TX,801.94,345,491.44000000000005
2023-10-24,2023-10-28,Standard,IL,Midwest,The Other Factory,4,The Other Factory → IL,627.38,278,377.18
2023-11-14,2023-11-17,Standard,OH,Midwest,Secret Factory,3,Secret Factory → OH,241.76,107,134.76
2023-06-10,2023-06-16,Standard,IN,Midwest,Secret Factory,6,Secret Factory → IN,701.57,266,435.57000000000005
2023-08-30,2023-09-04,Standard,WI,Midwest,Lot's O' Nuts,5,Lot's O' Nuts → WI,1042.47,349,518.97
2023-07-12,2023-07-15,Expedited,IN,Midwest,Sugar Shack,3,Sugar Shack → IN,420.87,289,276.37
2023-12-15,2023-12-18,Expedited,PA,Northeast,Sugar Shack,3,Sugar Shack → PA,424.67,295,277.17
2023-06-02,2023-06-07,Standard,IN,Midwest,Sugar Shack,5,Sugar Shack → IN,482.51,296,334.51
2023-05-21,2023-05-27,Standard,AZ,West,Sugar Shack,6,Sugar Shack → AZ,769.41,468,535.41
2023-06-26,2023-06-29,Standard,TX,South,Wicked Choccy's,3,Wicked Choccy's → TX,507.14,187,282.74
2023-12-02,2023-12-07,Standard,PA,Northeast,Sugar Shack,5,Sugar Shack → PA,739.56,487,496.05999999999995
2023-05-20,2023-05-22,Expedited,AZ,West,Wicked Choccy's,2,Wicked Choccy's → AZ,304.9,134,144.09999999999997
2023-09-29,2023-10-04,Standard,IL,Midwest,Wicked Choccy's,5,Wicked Choccy's → IL,937.3,377,484.9
2023-12-15,2023-12-17,Expedited,AZ,West,Wicked Choccy's,2,Wicked Choccy's → AZ,561.67,218,300.06999999999994
2023-09-01,2023-09-04,Standard,MI,Midwest,Secret Factory,3,Secret Factory → MI,1248.69,474,774.69
2023-11-30,2023-12-01,Expedited,WI,Midwest,The Other Factory,1,The Other Factory → WI,1137.86,477,708.56
2023-08-02,2023-08-04,Expedited,NV,West,Wicked Choccy's,2,Wicked Choccy's → NV,1283.38,489,696.5800000000002
2023-05-29,2023-06-01,Standard,OR,West,Lot's O' Nuts,3,Lot's O' Nuts → OR,1595.55,485,868.05
2023-05-26,2023-05-30,Expedited,PA,Northeast,Secret Factory,4,Secret Factory → PA,349.61,149,200.61
2023-02-27,2023-03-03,Standard,IN,Midwest,Sugar Shack,4,Sugar Shack → IN,26.71,17,18.21
2023-06-01,2023-06-07,Standard,OH,Midwest,The Other Factory,6,The Other Factory → OH,938.83,433,549.1300000000001
2023-06-17,2023-06-25,Standard,NY,Northeast,Lot's O' Nuts,8,Lot's O' Nuts → NY,570.76,175,308.26
2023-01-04,2023-01-09,Standard,PA,Northeast,Sugar Shack,5,Sugar Shack → PA,721.55,498,472.54999999999995
2023-10-26,2023-10-30,Standard,OR,West,The Other Factory,4,The Other Factory → OR,93.23,41,56.330000000000005
2023-08-27,2023-09-01,Standard,IN,Midwest,Sugar Shack,5,Sugar Shack → IN,502.84,363,321.34
2023-06-01,2023-06-05,Expedited,OH,Midwest,Sugar Shack,4,Sugar Shack → OH,130.81,88,86.81
2023-11-07,2023-11-09,Expedited,CT,Northeast,Sugar Shack,2,Sugar Shack → CT,569.7,400,369.70000000000005
2023-11-02,2023-11-03,Expedited,CT,Northeast,Lot's O' Nuts,1,Lot's O' Nuts → CT,1455.44,479,736.94
2023-02-01,2023-02-05,Standard,WI,Midwest,The Other Factory,4,The Other Factory → WI,417.01,177,257.71
2023-08-15,2023-08-21,Standard,WI,Midwest,Lot's O' Nuts,6,Lot's O' Nuts → WI,1158.95,424,522.95
2023-03-09,2023-03-15,Standard,NJ,Northeast,The Other Factory,6,The Other Factory → NJ,826.61,354,508.01
2023-01-12,2023-01-13,Expedited,TX,South,Secret Factory,1,Secret Factory → TX,81.24,33,48.239999999999995
2023-12-25,2023-12-30,Expedited,CA,West,Lot's O' Nuts,5,Lot's O' Nuts → CA,459.47,156,225.47000000000003
2023-03-11,2023-03-17,Standard,NC,South,Secret Factory,6,Secret Factory → NC,462.61,202,260.61
2023-12-05,2023-12-11,Standard,MI,Midwest,The Other Factory,6,The Other Factory → MI,570.09,280,318.09000000000003
2023-04-25,2023-05-01,Standard,OR,West,Lot's O' Nuts,6,Lot's O' Nuts → OR,825.57,282,402.57000000000005
2023-04-28,2023-05-02,Standard,MA,Northeast,Wicked Choccy's,4,Wicked Choccy's → MA,1314.24,489,727.44
2023-02-27,2023-02-28,Expedited,CT,Northeast,Lot's O' Nuts,1,Lot's O' Nuts → CT,375.55,133,176.05
2023-02-21,2023-02-24,Standard,NV,West,The Other Factory,3,The Other Factory → NV,311.29,135,189.79000000000002
2023-07-25,2023-07-28,Standard,WI,Midwest,Secret Factory,3,Secret Factory → WI,202.66,81,121.66
2023-05-29,2023-06-03,Standard,VA,South,Wicked Choccy's,5,Wicked Choccy's → VA,314.52,131,157.32
2023-03-15,2023-03-18,Standard,IN,Midwest,The Other Factory,3,The Other Factory → IN,707.22,295,441.72
2023-03-31,2023-04-07,Expedited,NY,Northeast,Secret Factory,7,Secret Factory → NY,899.69,366,533.69
2023-03-18,2023-03-22,Expedited,PA,Northeast,Sugar Shack,4,Sugar Shack → PA,213.44,133,146.94
2023-06-03,2023-06-11,Standard,NY,Northeast,Wicked Choccy's,8,Wicked Choccy's → NY,493.26,208,243.66
2023-04-15,2023-04-16,Expedited,NV,West,Sugar Shack,1,Sugar Shack → NV,445.13,284,303.13
2023-04-08,2023-04-11,Standard,NC,South,Lot's O' Nuts,3,Lot's O' Nuts → NC,1253.86,457,568.3599999999999
2023-10-28,2023-11-02,Standard,IN,Midwest,The Other Factory,5,The Other Factory → IN,396.18,165,247.68
2023-01-08,2023-01-12,Expedited,IL,Midwest,Wicked Choccy's,4,Wicked Choccy's → IL,1133.48,478,559.88
2023-11-06,2023-11-11,Standard,PA,Northeast,Wicked Choccy's,5,Wicked Choccy's → PA,506.56,204,261.76
2023-11-29,2023-12-10,Standard,GA,South,Sugar Shack,11,Sugar Shack → GA,95.45,60,65.45
2023-08-29,2023-09-01,Standard,MI,Midwest,Sugar Shack,3,Sugar Shack → MI,479.55,298,330.55
2023-03-16,2023-03-20,Expedited,VA,South,Lot's O' Nuts,4,Lot's O' Nuts → VA,449.42,161,207.92000000000002
2023-06-18,2023-06-22,Expedited,CT,Northeast,Wicked Choccy's,4,Wicked Choccy's → CT,750.0,291,400.8
2023-12-17,2023-12-26,Expedited,NC,South,Sugar Shack,9,Sugar Shack → NC,150.7,96,102.69999999999999
2023-06-30,2023-07-03,Standard,WI,Midwest,Wicked Choccy's,3,Wicked Choccy's → WI,630.2,278,296.6
2023-02-08,2023-02-12,Standard,NV,West,Lot's O' Nuts,4,Lot's O' Nuts → NV,137.47,44,71.47
2023-01-05,2023-01-11,Standard,MA,Northeast,Wicked Choccy's,6,Wicked Choccy's → MA,865.39,347,448.99
2023-01-04,2023-01-12,Standard,NY,Northeast,The Other Factory,8,The Other Factory → NY,39.62,18,23.419999999999998
2023-12-24,2023-12-26,Expedited,IL,Midwest,Secret Factory,2,Secret Factory → IL,312.01,133,179.01
2023-09-27,2023-10-02,Expedited,GA,South,Sugar Shack,5,Sugar Shack → GA,322.83,217,214.32999999999998
2023-05-05,2023-05-08,Standard,TX,South,Wicked Choccy's,3,Wicked Choccy's → TX,139.8,57,71.4
2023-07-13,2023-07-18,Standard,NY,Northeast,The Other Factory,5,The Other Factory → NY,623.27,265,384.77
2023-11-27,2023-11-29,Expedited,AZ,West,Sugar Shack,2,Sugar Shack → AZ,191.21,118,132.21
2023-12-21,2023-12-24,Standard,MA,Northeast,The Other Factory,3,The Other Factory → MA,859.41,360,535.41
2023-10-06,2023-10-09,Expedited,WA,West,The Other Factory,3,The Other Factory → WA,43.25,18,27.05
2023-10-28,2023-11-05,Standard,NY,Northeast,Wicked Choccy's,8,Wicked Choccy's → NY,960.58,356,533.3800000000001
2023-06-19,2023-06-24,Standard,IL,Midwest,Secret Factory,5,Secret Factory → IL,85.06,37,48.06
2023-04-29,2023-05-03,Expedited,VA,South,Lot's O' Nuts,4,Lot's O' Nuts → VA,1175.71,406,566.71
2023-11-21,2023-11-27,Standard,NJ,Northeast,Sugar Shack,6,Sugar Shack → NJ,324.72,231,209.22000000000003
2023-10-27,2023-10-31,Standard,AZ,West,Secret Factory,4,Secret Factory → AZ,857.53,375,482.53
2023-05-18,2023-05-21,Expedited,PA,Northeast,Wicked Choccy's,3,Wicked Choccy's → PA,446.84,194,214.03999999999996
2023-01-03,2023-01-04,Expedited,MA,Northeast,Sugar Shack,1,Sugar Shack → MA,105.97,77,67.47
2023-08-09,2023-08-15,Standard,NY,Northeast,Secret Factory,6,Secret Factory → NY,802.94,315,487.94000000000005
2023-06-16,2023-06-19,Standard,OR,West,Secret Factory,3,Secret Factory → OR,1028.92,381,647.9200000000001
2023-05-05,2023-05-10,Standard,IN,Midwest,The Other Factory,5,The Other Factory → IN,344.09,164,196.48999999999998
2023-03-16,2023-03-21,Standard,IN,Midwest,Lot's O' Nuts,5,Lot's O' Nuts → IN,814.59,257,429.09000000000003
2023-07-04,2023-07-08,Standard,IN,Midwest,Sugar Shack,4,Sugar Shack → IN,337.23,244,215.23000000000002
2023-06-05,2023-06-09,Expedited,MA,Northeast,Lot's O' Nuts,4,Lot's O' Nuts → MA,1354.49,421,722.99
2023-08-14,2023-08-19,Standard,CT,Northeast,Sugar Shack,5,Sugar Shack → CT,519.67,318,360.66999999999996
2023-04-13,2023-04-16,Expedited,FL,South,Secret Factory,3,Secret Factory → FL,416.17,159,257.17
2023-11-21,2023-11-27,Standard,MI,Midwest,Secret Factory,6,Secret Factory → MI,452.16,196,256.16
2023-10-16,2023-10-22,Standard,WI,Midwest,Wicked Choccy's,6,Wicked Choccy's → WI,1281.26,492,690.86
2023-08-13,2023-08-17,Standard,NV,West,Sugar Shack,4,Sugar Shack → NV,481.24,334,314.24
2023-05-10,2023-05-16,Standard,NJ,Northeast,Wicked Choccy's,6,Wicked Choccy's → NJ,754.72,308,385.12
2023-09-17,2023-09-18,Expedited,OR,West,Secret Factory,1,Secret Factory → OR,171.24,65,106.24000000000001
2023-12-03,2023-12-09,Standard,WI,Midwest,Sugar Shack,6,Sugar Shack → WI,572.54,395,375.03999999999996
2023-08-09,2023-08-17,Standard,CA,West,Lot's O' Nuts,8,Lot's O' Nuts → CA,589.87,201,288.37
2023-12-14,2023-12-18,Expedited,MI,Midwest,The Other Factory,4,The Other Factory → MI,132.93,63,76.23
2023-02-13,2023-02-19,Standard,MI,Midwest,Lot's O' Nuts,6,Lot's O' Nuts → MI,1160.71,411,544.21
2023-09-05,2023-09-14,Standard,NY,Northeast,Sugar Shack,9,Sugar Shack → NY,63.36,44,41.36
2023-12-30,2024-01-03,Standard,OR,West,Lot's O' Nuts,4,Lot's O' Nuts → OR,1599.11,486,870.1099999999999
2023-05-05,2023-05-11,Standard,WI,Midwest,The Other Factory,6,The Other Factory → WI,1091.65,500,641.6500000000001
2023-07-27,2023-07-31,Standard,IN,Midwest,Wicked Choccy's,4,Wicked Choccy's → IN,611.06,240,323.05999999999995
2023-07-19,2023-07-22,Standard,OH,Midwest,Lot's O' Nuts,3,Lot's O' Nuts → OH,842.12,305,384.62
2023-10-02,2023-10-05,Standard,GA,South,Wicked Choccy's,3,Wicked Choccy's → GA,372.29,144,199.49
2023-09-08,2023-09-14,Standard,VA,South,The Other Factory,6,The Other Factory → VA,629.38,310,350.38
2023-06-30,2023-07-01,Expedited,MI,Midwest,Secret Factory,1,Secret Factory → MI,820.21,354,466.21000000000004
2023-03-02,2023-03-06,Standard,TX,South,Wicked Choccy's,4,Wicked Choccy's → TX,662.39,271,337.19
2023-11-02,2023-11-06,Standard,NJ,Northeast,Wicked Choccy's,4,Wicked Choccy's → NJ,686.03,294,333.22999999999996
2023-05-28,2023-05-29,Expedited,MI,Midwest,Wicked Choccy's,1,Wicked Choccy's → MI,1100.57,453,556.9699999999999
2023-01-05,2023-01-09,Expedited,OH,Midwest,Secret Factory,4,Secret Factory → OH,567.72,219,348.72
2023-08-01,2023-08-04,Standard,PA,Northeast,Secret Factory,3,Secret Factory → PA,1096.93,417,679.9300000000001
2023-05-30,2023-06-03,Standard,FL,South,Lot's O' Nuts,4,Lot's O' Nuts → FL,1216.53,409,603.03
2023-09-11,2023-09-16,Standard,AZ,West,The Other Factory,5,The Other Factory → AZ,672.14,287,413.84
2023-01-22,2023-01-26,Standard,IN,Midwest,Secret Factory,4,Secret Factory → IN,435.36,162,273.36
2023-01-17,2023-01-18,Expedited,GA,South,Secret Factory,1,Secret Factory → GA,627.74,234,393.74
2023-03-02,2023-03-08,Standard,WI,Midwest,Wicked Choccy's,6,Wicked Choccy's → WI,240.46,94,127.66000000000001
2023-04-16,2023-04-21,Standard,AZ,West,Wicked Choccy's,5,Wicked Choccy's → AZ,793.61,315,415.61
2023-06-15,2023-06-21,Standard,VA,South,Sugar Shack,6,Sugar Shack → VA,624.77,394,427.77
2023-01-31,2023-02-05,Standard,OH,Midwest,Sugar Shack,5,Sugar Shack → OH,618.13,434,401.13
2023-12-13,2023-12-18,Standard,PA,Northeast,Secret Factory,5,Secret Factory → PA,813.3,331,482.29999999999995
2023-08-20,2023-08-25,Standard,NV,West,Lot's O' Nuts,5,Lot's O' Nuts → NV,1190.56,365,643.06
2023-07-08,2023-07-11,Standard,MA,Northeast,Secret Factory,3,Secret Factory → MA,1050.65,384,666.6500000000001
2023-11-22,2023-11-28,Standard,AZ,West,Sugar Shack,6,Sugar Shack → AZ,610.66,432,394.65999999999997
2023-05-18,2023-05-27,Standard,GA,South,Sugar Shack,9,Sugar Shack → GA,600.14,413,393.64
2023-12-16,2023-12-23,Standard,CA,West,Lot's O' Nuts,7,Lot's O' Nuts → CA,237.81,73,128.31
2023-03-22,2023-03-28,Expedited,NY,Northeast,Secret Factory,6,Secret Factory → NY,979.1,362,617.1
2023-11-29,2023-12-04,Standard,MI,Midwest,Sugar Shack,5,Sugar Shack → MI,189.71,138,120.71000000000001
2023-12-07,2023-12-11,Standard,NV,West,Wicked Choccy's,4,Wicked Choccy's → NV,590.3,229,315.49999999999994
2023-12-27,2023-12-31,Standard,WA,West,Lot's O' Nuts,4,Lot's O' Nuts → WA,887.58,313,418.08000000000004
2023-12-15,2023-12-22,Standard,CA,West,Secret Factory,7,Secret Factory → CA,845.37,365,480.37
2023-02-06,2023-02-08,Expedited,NY,Northeast,Wicked Choccy's,2,Wicked Choccy's → NY,413.74,170,209.74
2023-06-03,2023-06-07,Standard,PA,Northeast,Wicked Choccy's,4,Wicked Choccy's → PA,113.19,45,59.19
2023-01-05,2023-01-09,Standard,IN,Midwest,The Other Factory,4,The Other Factory → IN,764.36,331,466.46000000000004
2023-07-30,2023-08-02,Standard,PA,Northeast,The Other Factory,3,The Other Factory → PA,187.2,81,114.29999999999998
2023-10-29,2023-11-02,Standard,NC,South,Secret Factory,4,Secret Factory → NC,324.83,136,188.82999999999998
2023-02-13,2023-02-16,Expedited,TX,South,Wicked Choccy's,3,Wicked Choccy's → TX,288.52,115,150.51999999999998
2023-09-18,2023-09-22,Standard,MA,Northeast,Wicked Choccy's,4,Wicked Choccy's → MA,642.49,263,326.89
2023-05-04,2023-05-05,Expedited,AZ,West,Secret Factory,1,Secret Factory → AZ,527.09,194,333.09000000000003
2023-03-09,2023-03-13,Standard,MA,Northeast,Secret Factory,4,Secret Factory → MA,994.2,400,594.2
2023-02-07,2023-02-11,Standard,CA,West,Lot's O' Nuts,4,Lot's O' Nuts → CA,1570.92,495,828.4200000000001
2023-09-17,2023-09-18,Expedited,NJ,Northeast,Sugar Shack,1,Sugar Shack → NJ,509.2,337,340.7
2023-11-12,2023-11-16,Standard,TX,South,Wicked Choccy's,4,Wicked Choccy's → TX,984.61,423,477.01
2023-06-17,2023-06-21,Standard,OR,West,Secret Factory,4,Secret Factory → OR,92.52,39,53.519999999999996
2023-08-11,2023-08-16,Standard,CT,Northeast,Lot's O' Nuts,5,Lot's O' Nuts → CT,1103.9,351,577.4000000000001
2023-03-31,2023-04-02,Expedited,WA,West,Lot's O' Nuts,2,Lot's O' Nuts → WA,863.76,264,467.76
2023-09-25,2023-09-30,Standard,FL,South,The Other Factory,5,The Other Factory → FL,912.46,385,565.96
2023-01-16,2023-01-21,Standard,MA,Northeast,Sugar Shack,5,Sugar Shack → MA,614.3,374,427.29999999999995
2023-11-18,2023-11-21,Standard,NJ,Northeast,Lot's O' Nuts,3,Lot's O' Nuts → NJ,852.14,265,454.64
2023-03-27,2023-03-28,Expedited,MI,Midwest,Sugar Shack,1,Sugar Shack → MI,198.1,126,135.1
2023-01-02,2023-01-07,Standard,WA,West,Lot's O' Nuts,5,Lot's O' Nuts → WA,669.94,206,360.94000000000005
2023-04-02,2023-04-08,Standard,PA,Northeast,Lot's O' Nuts,6,Lot's O' Nuts → PA,1497.18,478,780.1800000000001
2023-05-19,2023-05-22,Standard,TX,South,Lot's O' Nuts,3,Lot's O' Nuts → TX,286.23,101,134.73000000000002
2023-09-22,2023-09-28,Expedited,NY,Northeast,Lot's O' Nuts,6,Lot's O' Nuts → NY,487.07,177,221.57
2023-08-22,2023-08-27,Standard,FL,South,Lot's O' Nuts,5,Lot's O' Nuts → FL,1192.57,388,610.5699999999999
2023-08-26,2023-08-28,Expedited,PA,Northeast,Sugar Shack,2,Sugar Shack → PA,117.62,87,74.12
2023-07-29,2023-08-01,Standard,WI,Midwest,Lot's O' Nuts,3,Lot's O' Nuts → WI,1438.9,496,694.9000000000001
2023-12-03,2023-12-07,Standard,TX,South,Secret Factory,4,Secret Factory → TX,559.11,224,335.11
2023-01-31,2023-02-04,Standard,TX,South,Wicked Choccy's,4,Wicked Choccy's → TX,1253.52,469,690.72
2023-07-31,2023-08-08,Standard,NY,Northeast,Sugar Shack,8,Sugar Shack → NY,73.32,48,49.31999999999999
2023-02-01,2023-02-06,Standard,OH,Midwest,Secret Factory,5,Secret Factory → OH,1282.8,484,798.8
2023-12-25,2023-12-31,Standard,NC,South,Sugar Shack,6,Sugar Shack → NC,125.13,79,85.63
2023-10-27,2023-11-02,Standard,IL,Midwest,Lot's O' Nuts,6,Lot's O' Nuts → IL,500.46,170,245.45999999999998
2023-10-02,2023-10-07,Standard,IN,Midwest,Sugar Shack,5,Sugar Shack → IN,618.14,446,395.14
2023-03-22,2023-03-25,Expedited,WA,West,Sugar Shack,3,Sugar Shack → WA,117.08,85,74.58
2023-05-08,2023-05-13,Standard,CT,Northeast,Sugar Shack,5,Sugar Shack → CT,228.23,143,156.73
2023-03-31,2023-04-04,Standard,NJ,Northeast,Lot's O' Nuts,4,Lot's O' Nuts → NJ,172.68,58,85.68
2023-03-13,2023-03-17,Expedited,CA,West,Lot's O' Nuts,4,Lot's O' Nuts → CA,354.56,111,188.06
2023-07-10,2023-07-13,Standard,TX,South,Lot's O' Nuts,3,Lot's O' Nuts → TX,359.81,111,193.31
2023-08-16,2023-08-22,Standard,OR,West,Wicked Choccy's,6,Wicked Choccy's → OR,81.69,35,39.69
2023-10-21,2023-10-27,Standard,NJ,Northeast,Secret Factory,6,Secret Factory → NJ,237.84,98,139.84
2023-04-06,2023-04-10,Expedited,NC,South,Sugar Shack,4,Sugar Shack → NC,490.54,341,320.04
2023-07-30,2023-08-07,Standard,NY,Northeast,The Other Factory,8,The Other Factory → NY,463.18,224,261.58000000000004
2023-09-27,2023-09-30,Expedited,NV,West,Wicked Choccy's,3,Wicked Choccy's → NV,643.18,255,337.17999999999995
2023-09-06,2023-09-13,Standard,NC,South,Sugar Shack,7,Sugar Shack → NC,445.95,315,288.45
2023-05-24,2023-05-28,Standard,CT,Northeast,Lot's O' Nuts,4,Lot's O' Nuts → CT,251.17,91,114.66999999999999
2023-12-03,2023-12-04,Expedited,VA,South,Wicked Choccy's,1,Wicked Choccy's → VA,1102.03,401,620.8299999999999
2023-04-23,2023-04-25,Expedited,MA,Northeast,The Other Factory,2,The Other Factory → MA,208.41,100,118.41
2023-06-12,2023-06-14,Expedited,OR,West,Sugar Shack,2,Sugar Shack → OR,487.08,298,338.08
2023-09-10,2023-09-13,Standard,FL,South,The Other Factory,3,The Other Factory → FL,79.13,38,44.92999999999999
2023-04-23,2023-04-29,Standard,NY,Northeast,Lot's O' Nuts,6,Lot's O' Nuts → NY,575.95,184,299.95000000000005
2023-06-15,2023-06-19,Standard,WA,West,Lot's O' Nuts,4,Lot's O' Nuts → WA,1123.22,406,514.22
2023-09-27,2023-10-01,Expedited,OR,West,Sugar Shack,4,Sugar Shack → OR,427.9,310,272.9
2023-06-04,2023-06-08,Expedited,OH,Midwest,Sugar Shack,4,Sugar Shack → OH,639.84,415,432.34000000000003
2023-09-07,2023-09-12,Standard,WI,Midwest,Sugar Shack,5,Sugar Shack → WI,192.16,124,130.16
2023-03-31,2023-04-03,Standard,GA,South,Secret Factory,3,Secret Factory → GA,1287.5,495,792.5
2023-10-21,2023-10-25,Standard,WA,West,Secret Factory,4,Secret Factory → WA,853.55,337,516.55
2023-09-12,2023-09-17,Standard,TX,South,Wicked Choccy's,5,Wicked Choccy's → TX,243.97,95,129.97
2023-02-15,2023-02-20,Standard,NY,Northeast,Sugar Shack,5,Sugar Shack → NY,269.7,189,175.2
2023-02-25,2023-03-03,Standard,NV,West,Lot's O' Nuts,6,Lot's O' Nuts → NV,306.92,95,164.42000000000002
2023-09-10,2023-09-16,Standard,VA,South,Secret Factory,6,Secret Factory → VA,1107.68,413,694.6800000000001
2023-11-30,2023-12-03,Standard,IN,Midwest,Wicked Choccy's,3,Wicked Choccy's → IN,361.61,160,169.61
2023-05-14,2023-05-20,Standard,OR,West,Lot's O' Nuts,6,Lot's O' Nuts → OR,288.81,92,150.81
2023-10-08,2023-10-12,Expedited,VA,South,Lot's O' Nuts,4,Lot's O' Nuts → VA,1005.88,370,450.88
2023-12-01,2023-12-06,Standard,PA,Northeast,Wicked Choccy's,5,Wicked Choccy's → PA,314.78,115,176.77999999999997
2023-07-29,2023-08-01,Standard,GA,South,The Other Factory,3,The Other Factory → GA,75.35,35,43.849999999999994
2023-10-09,2023-10-15,Standard,IL,Midwest,Secret Factory,6,Secret Factory → IL,129.45,54,75.44999999999999
2023-12-05,2023-12-09,Standard,PA,Northeast,The Other Factory,4,The Other Factory → PA,219.3,97,132.0
2023-02-11,2023-02-15,Expedited,OR,West,Secret Factory,4,Secret Factory → OR,701.33,260,441.33000000000004
2023-05-16,2023-05-22,Standard,PA,Northeast,Lot's O' Nuts,6,Lot's O' Nuts → PA,559.58,199,261.08000000000004
2023-01-23,2023-01-28,Standard,NJ,Northeast,Sugar Shack,5,Sugar Shack → NJ,407.81,298,258.81
2023-12-23,2023-12-27,Expedited,OR,West,Lot's O' Nuts,4,Lot's O' Nuts → OR,1212.37,397,616.8699999999999
2023-10-11,2023-10-17,Standard,CT,Northeast,Lot's O' Nuts,6,Lot's O' Nuts → CT,978.38,303,523.88
2023-09-01,2023-09-02,Expedited,NV,West,Sugar Shack,1,Sugar Shack → NV,406.2,267,272.7
2023-09-22,2023-09-26,Expedited,IL,Midwest,The Other Factory,4,The Other Factory → IL,234.96,98,146.76
2023-03-27,2023-03-30,Standard,OH,Midwest,Wicked Choccy's,3,Wicked Choccy's → OH,885.9,359,455.09999999999997
2023-11-18,2023-11-19,Expedited,GA,South,Wicked Choccy's,1,Wicked Choccy's → GA,131.98,54,67.17999999999999
2023-07-23,2023-07-26,Standard,GA,South,The Other Factory,3,The Other Factory → GA,942.73,412,571.9300000000001
2023-10-28,2023-11-02,Standard,NY,Northeast,The Other Factory,5,The Other Factory → NY,978.79,483,544.0899999999999
2023-02-21,2023-03-04,Standard,NC,South,Sugar Shack,11,Sugar Shack → NC,40.65,29,26.15
2023-07-26,2023-08-02,Standard,NY,Northeast,Wicked Choccy's,7,Wicked Choccy's → NY,91.8,35,49.8
2023-05-18,2023-05-21,Expedited,OR,West,Sugar Shack,3,Sugar Shack → OR,242.36,169,157.86
2023-09-09,2023-09-15,Standard,OH,Midwest,Lot's O' Nuts,6,Lot's O' Nuts → OH,1297.37,406,688.3699999999999
2023-05-18,2023-05-24,Standard,WA,West,Secret Factory,6,Secret Factory → WA,969.48,389,580.48
2023-09-22,2023-09-23,Expedited,AZ,West,Sugar Shack,1,Sugar Shack → AZ,264.13,169,179.63
2023-07-26,2023-07-30,Standard,WA,West,Wicked Choccy's,4,Wicked Choccy's → WA,998.12,438,472.52
2023-01-17,2023-01-20,Expedited,OR,West,Secret Factory,3,Secret Factory → OR,527.03,198,329.03
2023-09-16,2023-09-26,Standard,CA,West,Secret Factory,10,Secret Factory → CA,273.03,100,173.02999999999997
2023-08-31,2023-09-05,Standard,GA,South,The Other Factory,5,The Other Factory → GA,921.81,393,568.1099999999999
2023-02-16,2023-02-20,Standard,NV,West,Sugar Shack,4,Sugar Shack → NV,634.55,448,410.54999999999995
2023-04-26,2023-04-29,Standard,NC,South,Wicked Choccy's,3,Wicked Choccy's → NC,681.85,252,379.45000000000005
2023-11-28,2023-12-03,Standard,WA,West,Wicked Choccy's,5,Wicked Choccy's → WA,1022.33,374,573.53
2023-11-26,2023-11-30,Expedited,NJ,Northeast,Sugar Shack,4,Sugar Shack → NJ,196.75,139,127.25
2023-06-04,2023-06-09,Standard,CT,Northeast,The Other Factory,5,The Other Factory → CT,672.65,297,405.34999999999997
2023-11-08,2023-11-17,Standard,TX,South,Sugar Shack,9,Sugar Shack → TX,487.82,337,319.32
2023-05-22,2023-05-28,Standard,FL,South,Sugar Shack,6,Sugar Shack → FL,678.24,422,467.24
2023-11-04,2023-11-08,Expedited,FL,South,Secret Factory,4,Secret Factory → FL,383.13,161,222.13
2023-08-03,2023-08-10,Standard,NY,Northeast,Secret Factory,7,Secret Factory → NY,993.15,381,612.15
2023-12-18,2023-12-22,Standard,MA,Northeast,The Other Factory,4,The Other Factory → MA,998.51,440,602.51
2023-10-13,2023-10-18,Standard,TX,South,Wicked Choccy's,5,Wicked Choccy's → TX,1011.24,381,554.04
2023-04-04,2023-04-09,Standard,WA,West,Sugar Shack,5,Sugar Shack → WA,356.95,225,244.45
2023-06-19,2023-06-27,Standard,VA,South,Sugar Shack,8,Sugar Shack → VA,59.57,37,41.07
2023-10-26,2023-10-27,Expedited,NV,West,The Other Factory,1,The Other Factory → NV,1034.9,454,626.3000000000001
2023-09-29,2023-10-03,Expedited,NY,Northeast,Sugar Shack,4,Sugar Shack → NY,162.71,112,106.71000000000001
2023-10-19,2023-10-21,Expedited,MI,Midwest,Secret Factory,2,Secret Factory → MI,934.49,408,526.49
2023-06-20,2023-06-25,Standard,TX,South,Wicked Choccy's,5,Wicked Choccy's → TX,307.78,117,167.37999999999997
2023-03-28,2023-03-29,Expedited,IN,Midwest,The Other Factory,1,The Other Factory → IN,171.03,76,102.63
2023-11-21,2023-11-25,Expedited,NJ,Northeast,Secret Factory,4,Secret Factory → NJ,27.23,12,15.23
2023-04-13,2023-04-15,Expedited,OR,West,Sugar Shack,2,Sugar Shack → OR,29.51,19,20.01
2023-11-17,2023-11-20,Standard,MI,Midwest,Wicked Choccy's,3,Wicked Choccy's → MI,515.34,206,268.14000000000004
2023-06-06,2023-06-15,Standard,CA,West,Wicked Choccy's,9,Wicked Choccy's → CA,958.88,382,500.48
2023-09-26,2023-10-02,Standard,PA,Northeast,Sugar Shack,6,Sugar Shack → PA,303.98,193,207.48000000000002
2023-03-26,2023-03-30,Standard,WA,West,Secret Factory,4,Secret Factory → WA,308.81,118,190.81
2023-10-29,2023-11-01,Standard,IL,Midwest,The Other Factory,3,The Other Factory → IL,477.87,202,296.07
2023-05-11,2023-05-12,Expedited,AZ,West,The Other Factory,1,The Other Factory → AZ,807.68,344,498.0799999999999
2023-01-25,2023-01-30,Standard,NJ,Northeast,Lot's O' Nuts,5,Lot's O' Nuts → NJ,786.52,252,408.52
2023-04-16,2023-04-21,Standard,NC,South,Lot's O' Nuts,5,Lot's O' Nuts → NC,1004.79,328,512.79
2023-03-12,2023-03-13,Expedited,AZ,West,Secret Factory,1,Secret Factory → AZ,355.28,154,201.27999999999997
2023-02-24,2023-03-01,Standard,WI,Midwest,Secret Factory,5,Secret Factory → WI,1092.53,435,657.53
2023-04-14,2023-04-20,Standard,MA,Northeast,Sugar Shack,6,Sugar Shack → MA,672.26,476,434.26
2023-09-04,2023-09-07,Standard,IL,Midwest,Sugar Shack,3,Sugar Shack → IL,655.6,474,418.6
2023-10-21,2023-10-22,Expedited,IL,Midwest,Secret Factory,1,Secret Factory → IL,992.48,380,612.48
2023-05-12,2023-05-15,Standard,MA,Northeast,Wicked Choccy's,3,Wicked Choccy's → MA,162.05,61,88.85000000000001
2023-01-21,2023-01-26,Standard,GA,South,Sugar Shack,5,Sugar Shack → GA,701.97,445,479.47
2023-01-24,2023-01-30,Standard,OH,Midwest,Lot's O' Nuts,6,Lot's O' Nuts → OH,1533.47,499,784.97
2023-02-17,2023-02-28,Standard,FL,South,Sugar Shack,11,Sugar Shack → FL,238.51,149,164.01
2023-12-20,2023-12-23,Standard,PA,Northeast,Secret Factory,3,Secret Factory → PA,1314.71,492,822.71
2023-02-23,2023-02-27,Standard,CT,Northeast,Secret Factory,4,Secret Factory → CT,785.64,322,463.64
2023-07-03,2023-07-09,Standard,WA,West,The Other Factory,6,The Other Factory → WA,158.83,67,98.53000000000002
2023-08-14,2023-08-17,Standard,OR,West,Lot's O' Nuts,3,Lot's O' Nuts → OR,1191.77,370,636.77
2023-09-26,2023-09-29,Standard,MI,Midwest,The Other Factory,3,The Other Factory → MI,524.64,231,316.74
2023-05-08,2023-05-11,Standard,NC,South,Secret Factory,3,Secret Factory → NC,38.58,15,23.58
2023-03-22,2023-03-23,Expedited,NJ,Northeast,The Other Factory,1,The Other Factory → NJ,865.35,394,510.75
2023-05-04,2023-05-15,Standard,TX,South,Sugar Shack,11,Sugar Shack → TX,607.97,428,393.97
2023-08-24,2023-08-31,Expedited,NY,Northeast,Secret Factory,7,Secret Factory → NY,191.82,70,121.82
2023-12-01,2023-12-04,Standard,NV,West,Lot's O' Nuts,3,Lot's O' Nuts → NV,1189.96,432,541.96
2023-11-06,2023-11-12,Standard,VA,South,The Other Factory,6,The Other Factory → VA,1056.47,496,610.07
2023-01-28,2023-02-03,Standard,MA,Northeast,Wicked Choccy's,6,Wicked Choccy's → MA,969.55,376,518.3499999999999
2023-08-20,2023-08-25,Standard,WA,West,Lot's O' Nuts,5,Lot's O' Nuts → WA,1336.81,434,685.81
2023-05-30,2023-06-03,Standard,TX,South,The Other Factory,4,The Other Factory → TX,534.95,262,299.15000000000003
2023-07-29,2023-08-01,Standard,VA,South,Lot's O' Nuts,3,Lot's O' Nuts → VA,1560.7,486,831.7
2023-04-21,2023-04-27,Standard,MI,Midwest,Secret Factory,6,Secret Factory → MI,89.54,33,56.540000000000006
2023-12-11,2023-12-15,Standard,NV,West,The Other Factory,4,The Other Factory → NV,525.21,265,286.71000000000004
2023-01-25,2023-01-29,Standard,CT,Northeast,The Other Factory,4,The Other Factory → CT,813.38,364,485.78
2023-03-07,2023-03-12,Standard,CT,Northeast,Lot's O' Nuts,5,Lot's O' Nuts → CT,865.33,268,463.33000000000004
2023-08-03,2023-08-08,Standard,MI,Midwest,The Other Factory,5,The Other Factory → MI,348.68,160,204.68
2023-03-10,2023-03-13,Expedited,CT,Northeast,Wicked Choccy's,3,Wicked Choccy's → CT,1146.93,441,617.73
2023-06-10,2023-06-15,Standard,OH,Midwest,The Other Factory,5,The Other Factory → OH,769.63,361,444.73
2023-12-11,2023-12-16,Standard,WI,Midwest,Wicked Choccy's,5,Wicked Choccy's → WI,860.77,373,413.16999999999996
2023-06-30,2023-07-06,Standard,CT,Northeast,The Other Factory,6,The Other Factory → CT,819.72,355,500.22
2023-10-01,2023-10-08,Standard,NY,Northeast,Sugar Shack,7,Sugar Shack → NY,114.74,84,72.74
2023-01-29,2023-02-01,Expedited,FL,South,Wicked Choccy's,3,Wicked Choccy's → FL,224.25,84,123.45
2023-12-20,2023-12-26,Standard,WI,Midwest,Sugar Shack,6,Sugar Shack → WI,95.16,62,64.16
2023-12-12,2023-12-17,Standard,WI,Midwest,The Other Factory,5,The Other Factory → WI,827.15,364,499.54999999999995
2023-07-15,2023-07-16,Expedited,MA,Northeast,Secret Factory,1,Secret Factory → MA,41.95,16,25.950000000000003
2023-04-14,2023-04-17,Expedited,PA,Northeast,The Other Factory,3,The Other Factory → PA,886.6,396,530.2
2023-11-05,2023-11-08,Standard,MI,Midwest,Wicked Choccy's,3,Wicked Choccy's → MI,286.78,105,160.77999999999997
2023-09-21,2023-09-28,Standard,NY,Northeast,Lot's O' Nuts,7,Lot's O' Nuts → NY,280.64,92,142.64
2023-05-11,2023-05-13,Expedited,NC,South,Lot's O' Nuts,2,Lot's O' Nuts → NC,83.77,30,38.769999999999996
2023-06-15,2023-06-18,Expedited,AZ,West,The Other Factory,3,The Other Factory → AZ,607.49,261,372.59000000000003
2023-10-09,2023-10-13,Standard,OR,West,Sugar Shack,4,Sugar Shack → OR,378.25,276,240.25
2023-09-16,2023-09-19,Standard,CT,Northeast,Wicked Choccy's,3,Wicked Choccy's → CT,443.79,188,218.19000000000003
2023-04-20,2023-04-28,Standard,GA,South,Sugar Shack,8,Sugar Shack → GA,105.45,68,71.45
2023-08-17,2023-08-22,Standard,IL,Midwest,Wicked Choccy's,5,Wicked Choccy's → IL,555.13,205,309.13
2023-02-28,2023-03-01,Expedited,VA,South,Secret Factory,1,Secret Factory → VA,1194.01,476,718.01
2023-07-11,2023-07-15,Standard,NJ,Northeast,The Other Factory,4,The Other Factory → NJ,383.86,174,227.26000000000002
2023-02-19,2023-02-27,Standard,CA,West,Wicked Choccy's,8,Wicked Choccy's → CA,1005.96,437,481.56000000000006
2023-10-03,2023-10-08,Standard,WA,West,Secret Factory,5,Secret Factory → WA,66.52,29,37.519999999999996
2023-01-28,2023-02-01,Standard,VA,South,Wicked Choccy's,4,Wicked Choccy's → VA,1132.56,476,561.3599999999999
2023-07-18,2023-07-24,Standard,NJ,Northeast,Secret Factory,6,Secret Factory → NJ,817.44,354,463.44000000000005
2023-01-04,2023-01-07,Standard,AZ,West,The Other Factory,3,The Other Factory → AZ,460.95,193,287.25
2023-02-24,2023-03-07,Standard,VA,South,Sugar Shack,11,Sugar Shack → VA,338.49,212,232.49
2023-01-16,2023-01-22,Standard,WI,Midwest,Secret Factory,6,Secret Factory → WI,1104.53,417,687.53
2023-10-07,2023-10-12,Standard,MI,Midwest,Sugar Shack,5,Sugar Shack → MI,817.42,500,567.42
2023-10-11,2023-10-17,Standard,IL,Midwest,The Other Factory,6,The Other Factory → IL,632.96,285,376.46000000000004
2023-02-13,2023-02-17,Standard,MI,Midwest,Sugar Shack,4,Sugar Shack → MI,129.28,92,83.28
2023-11-12,2023-11-15,Standard,IL,Midwest,Sugar Shack,3,Sugar Shack → IL,701.01,445,478.51
2023-10-09,2023-10-14,Standard,OR,West,Secret Factory,5,Secret Factory → OR,140.92,60,80.91999999999999
2023-10-25,2023-10-29,Standard,GA,South,Secret Factory,4,Secret Factory → GA,145.95,61,84.94999999999999
2023-02-05,2023-02-10,Standard,NC,South,Wicked Choccy's,5,Wicked Choccy's → NC,927.86,365,489.86
2023-10-17,2023-10-19,Expedited,GA,South,The Other Factory,2,The Other Factory → GA,25.41,12,14.61
2023-04-24,2023-04-29,Standard,GA,South,Secret Factory,5,Secret Factory → GA,1142.9,459,683.9000000000001
2023-08-17,2023-08-23,Standard,NC,South,Sugar Shack,6,Sugar Shack → NC,631.04,440,411.03999999999996
2023-03-13,2023-03-14,Expedited,MI,Midwest,The Other Factory,1,The Other Factory → MI,769.03,382,425.22999999999996
2023-01-10,2023-01-14,Standard,AZ,West,The Other Factory,4,The Other Factory → AZ,946.17,474,519.5699999999999
2023-05-14,2023-05-18,Standard,PA,Northeast,The Other Factory,4,The Other Factory → PA,1081.0,466,661.6
2023-05-29,2023-06-04,Standard,CT,Northeast,Wicked Choccy's,6,Wicked Choccy's → CT,490.21,196,255.01
2023-12-06,2023-12-10,Standard,WI,Midwest,Wicked Choccy's,4,Wicked Choccy's → WI,255.85,101,134.64999999999998
2023-10-17,2023-10-23,Standard,MA,Northeast,Wicked Choccy's,6,Wicked Choccy's → MA,292.02,128,138.42
2023-07-09,2023-07-14,Standard,WA,West,Wicked Choccy's,5,Wicked Choccy's → WA,516.85,208,267.25
2023-08-21,2023-08-26,Standard,OR,West,Lot's O' Nuts,5,Lot's O' Nuts → OR,1374.43,437,718.9300000000001
2023-10-24,2023-10-29,Standard,IN,Midwest,The Other Factory,5,The Other Factory → IN,702.92,310,423.91999999999996
2023-02-09,2023-02-11,Expedited,NC,South,The Other Factory,2,The Other Factory → NC,591.45,274,344.85
2023-06-26,2023-06-30,Standard,CT,Northeast,Secret Factory,4,Secret Factory → CT,548.21,235,313.21000000000004
2023-02-09,2023-02-13,Standard,FL,South,The Other Factory,4,The Other Factory → FL,437.75,195,262.25
2023-03-02,2023-03-06,Expedited,MA,Northeast,Wicked Choccy's,4,Wicked Choccy's → MA,883.74,355,457.74
2023-04-18,2023-04-21,Standard,IN,Midwest,The Other Factory,3,The Other Factory → IN,167.43,75,99.93
2023-03-24,2023-03-28,Standard,AZ,West,Wicked Choccy's,4,Wicked Choccy's → AZ,384.99,142,214.59
2023-09-22,2023-09-24,Expedited,OR,West,Secret Factory,2,Secret Factory → OR,610.23,239,371.23
2023-08-30,2023-09-01,Expedited,OH,Midwest,Secret Factory,2,Secret Factory → OH,1057.19,416,641.19
2023-04-04,2023-04-07,Expedited,FL,South,The Other Factory,3,The Other Factory → FL,1050.53,482,616.73
2023-10-30,2023-11-02,Standard,IN,Midwest,Lot's O' Nuts,3,Lot's O' Nuts → IN,50.79,18,23.79
2023-09-16,2023-09-22,Standard,WI,Midwest,Secret Factory,6,Secret Factory → WI,1204.52,471,733.52
2023-01-20,2023-01-25,Standard,CA,West,The Other Factory,5,The Other Factory → CA,1122.13,469,700.0300000000001
2023-12-14,2023-12-18,Expedited,MA,Northeast,Secret Factory,4,Secret Factory → MA,345.34,127,218.33999999999997
2023-09-04,2023-09-05,Expedited,VA,South,Secret Factory,1,Secret Factory → VA,525.95,227,298.95000000000005
2023-09-02,2023-09-08,Standard,OR,West,Wicked Choccy's,6,Wicked Choccy's → OR,330.58,141,161.38
2023-12-30,2024-01-03,Standard,AZ,West,Lot's O' Nuts,4,Lot's O' Nuts → AZ,1152.09,362,609.0899999999999
2023-07-29,2023-08-03,Standard,WA,West,Sugar Shack,5,Sugar Shack → WA,229.73,143,158.23
2023-08-05,2023-08-11,Standard,VA,South,The Other Factory,6,The Other Factory → VA,819.57,396,463.1700000000001
2023-10-10,2023-10-16,Standard,PA,Northeast,The Other Factory,6,The Other Factory → PA,335.68,139,210.58
2023-10-23,2023-10-24,Expedited,PA,Northeast,Sugar Shack,1,Sugar Shack → PA,556.22,392,360.22
2023-12-25,2023-12-30,Standard,WA,West,Wicked Choccy's,5,Wicked Choccy's → WA,1060.62,420,556.6199999999999
2023-12-23,2023-12-24,Expedited,IN,Midwest,Lot's O' Nuts,1,Lot's O' Nuts → IN,1159.71,421,528.21
2023-03-16,2023-03-23,Standard,NY,Northeast,Secret Factory,7,Secret Factory → NY,127.73,50,77.73
2023-07-16,2023-07-20,Standard,VA,South,Secret Factory,4,Secret Factory → VA,841.55,337,504.54999999999995
2023-01-06,2023-01-10,Standard,FL,South,Wicked Choccy's,4,Wicked Choccy's → FL,756.46,324,367.66
2023-01-19,2023-01-20,Expedited,IL,Midwest,Sugar Shack,1,Sugar Shack → IL,239.17,151,163.67
2023-06-30,2023-07-03,Standard,CT,Northeast,Secret Factory,3,Secret Factory → CT,1006.9,387,619.9
2023-02-16,2023-02-19,Expedited,VA,South,The Other Factory,3,The Other Factory → VA,449.52,187,281.21999999999997
2023-05-22,2023-05-23,Expedited,IN,Midwest,Wicked Choccy's,1,Wicked Choccy's → IN,334.26,143,162.66
2023-09-17,2023-09-20,Standard,AZ,West,Lot's O' Nuts,3,Lot's O' Nuts → AZ,1266.36,421,634.8599999999999
2023-05-12,2023-05-16,Expedited,NC,South,The Other Factory,4,The Other Factory → NC,843.16,404,479.55999999999995
2023-06-23,2023-06-27,Expedited,CT,Northeast,Secret Factory,4,Secret Factory → CT,164.14,69,95.13999999999999
2023-07-15,2023-07-20,Standard,MI,Midwest,Wicked Choccy's,5,Wicked Choccy's → MI,689.88,274,361.08
2023-12-25,2023-12-30,Standard,MI,Midwest,Sugar Shack,5,Sugar Shack → MI,72.79,48,48.790000000000006
2023-04-02,2023-04-07,Standard,GA,South,Secret Factory,5,Secret Factory → GA,280.53,103,177.52999999999997
2023-12-16,2023-12-20,Standard,PA,Northeast,Wicked Choccy's,4,Wicked Choccy's → PA,1086.51,456,539.31
2023-04-28,2023-05-01,Standard,WI,Midwest,Wicked Choccy's,3,Wicked Choccy's → WI,192.42,71,107.21999999999998
2023-12-13,2023-12-17,Expedited,AZ,West,Secret Factory,4,Secret Factory → AZ,512.07,200,312.07000000000005
2023-09-10,2023-09-15,Standard,NC,South,The Other Factory,5,The Other Factory → NC,442.55,213,250.85000000000002
2023-10-23,2023-10-27,Expedited,AZ,West,Wicked Choccy's,4,Wicked Choccy's → AZ,1237.51,491,648.31
2023-09-15,2023-09-18,Standard,PA,Northeast,Sugar Shack,3,Sugar Shack → PA,552.5,367,369.0
2023-06-11,2023-06-14,Standard,WA,West,Lot's O' Nuts,3,Lot's O' Nuts → WA,513.39,176,249.39
2023-05-13,2023-05-18,Standard,FL,South,Wicked Choccy's,5,Wicked Choccy's → FL,461.37,197,224.97
2023-08-06,2023-08-12,Standard,MA,Northeast,Wicked Choccy's,6,Wicked Choccy's → MA,378.73,153,195.13000000000002
2023-10-20,2023-10-22,Expedited,IL,Midwest,Wicked Choccy's,2,Wicked Choccy's → IL,725.04,294,372.23999999999995
2023-07-15,2023-07-18,Standard,OH,Midwest,Wicked Choccy's,3,Wicked Choccy's → OH,246.08,100,126.08000000000001
2023-03-10,2023-03-13,Standard,NC,South,The Other Factory,3,The Other Factory → NC,431.02,213,239.32
2023-03-25,2023-03-28,Standard,MI,Midwest,Lot's O' Nuts,3,Lot's O' Nuts → MI,755.22,240,395.22
2023-05-14,2023-05-23,Standard,VA,South,Sugar Shack,9,Sugar Shack → VA,29.47,20,19.47
2023-06-29,2023-07-03,Standard,WI,Midwest,The Other Factory,4,The Other Factory → WI,861.04,409,492.93999999999994
2023-06-16,2023-06-20,Expedited,NJ,Northeast,The Other Factory,4,The Other Factory → NJ,682.37,324,390.77
2023-11-20,2023-11-26,Standard,MI,Midwest,Wicked Choccy's,6,Wicked Choccy's → MI,1200.37,444,667.5699999999999
2023-02-10,2023-02-15,Standard,FL,South,Wicked Choccy's,5,Wicked Choccy's → FL,889.13,373,441.53
2023-11-27,2023-11-30,Expedited,NC,South,Secret Factory,3,Secret Factory → NC,997.04,392,605.04
2023-08-19,2023-08-21,Expedited,OH,Midwest,Secret Factory,2,Secret Factory → OH,904.31,382,522.31
2023-05-09,2023-05-12,Standard,OH,Midwest,Lot's O' Nuts,3,Lot's O' Nuts → OH,137.01,42,74.00999999999999
2023-08-31,2023-09-02,Expedited,CA,West,The Other Factory,2,The Other Factory → CA,324.28,144,194.67999999999998
2023-02-13,2023-02-18,Standard,FL,South,Secret Factory,5,Secret Factory → FL,604.92,236,368.91999999999996
2023-03-09,2023-03-14,Standard,IL,Midwest,The Other Factory,5,The Other Factory → IL,1072.22,450,667.22
2023-09-01,2023-09-05,Standard,VA,South,Secret Factory,4,Secret Factory → VA,795.22,312,483.22
2023-11-20,2023-11-25,Standard,CT,Northeast,The Other Factory,5,The Other Factory → CT,1013.06,475,585.56
2023-10-04,2023-10-10,Standard,NV,West,Wicked Choccy's,6,Wicked Choccy's → NV,332.88,143,161.28
2023-01-06,2023-01-09,Standard,MI,Midwest,Lot's O' Nuts,3,Lot's O' Nuts → MI,1177.68,362,634.6800000000001
2023-09-02,2023-09-04,Expedited,NV,West,Sugar Shack,2,Sugar Shack → NV,563.85,417,355.35
2023-07-11,2023-07-15,Standard,CT,Northeast,Wicked Choccy's,4,Wicked Choccy's → CT,242.49,93,130.89000000000001
2023-11-27,2023-12-03,Standard,PA,Northeast,Secret Factory,6,Secret Factory → PA,782.03,330,452.03
2023-11-10,2023-11-17,Expedited,VA,South,Sugar Shack,7,Sugar Shack → VA,611.26,446,388.26
2023-03-11,2023-03-16,Standard,NV,West,Sugar Shack,5,Sugar Shack → NV,565.55,368,381.54999999999995
2023-04-07,2023-04-10,Standard,WA,West,Sugar Shack,3,Sugar Shack → WA,172.38,105,119.88
2023-05-25,2023-05-27,Expedited,IN,Midwest,Sugar Shack,2,Sugar Shack → IN,78.13,56,50.129999999999995
2023-09-10,2023-09-16,Standard,NC,South,Wicked Choccy's,6,Wicked Choccy's → NC,496.37,200,256.37
2023-01-17,2023-01-23,Standard,WA,West,Sugar Shack,6,Sugar Shack → WA,69.6,46,46.599999999999994
2023-04-03,2023-04-04,Expedited,NC,South,Wicked Choccy's,1,Wicked Choccy's → NC,1050.76,403,567.16
2023-07-17,2023-07-20,Standard,IL,Midwest,Secret Factory,3,Secret Factory → IL,712.91,276,436.90999999999997
2023-04-17,2023-04-19,Expedited,MA,Northeast,Secret Factory,2,Secret Factory → MA,867.89,332,535.89
2023-10-09,2023-10-14,Standard,OR,West,The Other Factory,5,The Other Factory → OR,237.38,111,137.48
2023-01-27,2023-02-01,Standard,WA,West,Wicked Choccy's,5,Wicked Choccy's → WA,39.67,17,19.270000000000003
2023-05-22,2023-05-23,Expedited,NV,West,The Other Factory,1,The Other Factory → NV,69.31,31,41.410000000000004
2023-12-20,2023-12-22,Expedited,MI,Midwest,Secret Factory,2,Secret Factory → MI,225.0,90,135.0
2023-12-18,2023-12-22,Standard,TX,South,The Other Factory,4,The Other Factory → TX,817.7,369,485.6
2023-02-24,2023-03-01,Standard,PA,Northeast,Wicked Choccy's,5,Wicked Choccy's → PA,1137.67,422,631.2700000000001
2023-04-09,2023-04-12,Expedited,MA,Northeast,Lot's O' Nuts,3,Lot's O' Nuts → MA,1280.14,470,575.1400000000001
2023-12-28,2024-01-01,Standard,VA,South,Secret Factory,4,Secret Factory → VA,702.99,300,402.99
2023-06-28,2023-06-30,Expedited,MA,Northeast,Sugar Shack,2,Sugar Shack → MA,67.92,45,45.42
2023-08-19,2023-08-27,Standard,VA,South,Sugar Shack,8,Sugar Shack → VA,541.18,385,348.67999999999995
2023-01-10,2023-01-13,Standard,VA,South,The Other Factory,3,The Other Factory → VA,834.73,347,522.4300000000001
2023-07-18,2023-07-23,Standard,CT,Northeast,Wicked Choccy's,5,Wicked Choccy's → CT,429.61,175,219.61
2023-06-14,2023-06-17,Standard,AZ,West,Lot's O' Nuts,3,Lot's O' Nuts → AZ,1425.79,437,770.29
2023-04-02,2023-04-05,Standard,IL,Midwest,Lot's O' Nuts,3,Lot's O' Nuts → IL,79.11,26,40.11
2023-07-18,2023-07-21,Standard,TX,South,Secret Factory,3,Secret Factory → TX,43.44,16,27.439999999999998
2023-04-17,2023-04-18,Expedited,NV,West,Secret Factory,1,Secret Factory → NV,490.63,194,296.63
2023-08-01,2023-08-04,Standard,AZ,West,Sugar Shack,3,Sugar Shack → AZ,527.88,385,335.38
2023-06-05,2023-06-09,Standard,WI,Midwest,Lot's O' Nuts,4,Lot's O' Nuts → WI,826.6,282,403.6
2023-04-09,2023-04-13,Standard,WI,Midwest,The Other Factory,4,The Other Factory → WI,681.35,295,415.85
2023-08-01,2023-08-05,Expedited,NC,South,Lot's O' Nuts,4,Lot's O' Nuts → NC,1276.26,462,583.26
2023-04-03,2023-04-07,Standard,CT,Northeast,The Other Factory,4,The Other Factory → CT,684.66,283,429.96
2023-08-15,2023-08-22,Expedited,VA,South,Sugar Shack,7,Sugar Shack → VA,349.02,221,238.51999999999998
2023-08-09,2023-08-15,Standard,WI,Midwest,Sugar Shack,6,Sugar Shack → WI,609.06,402,408.05999999999995
2023-05-11,2023-05-12,Expedited,NJ,Northeast,Sugar Shack,1,Sugar Shack → NJ,518.31,381,327.80999999999995
2023-05-26,2023-05-31,Standard,AZ,West,The Other Factory,5,The Other Factory → AZ,27.46,13,15.760000000000002
2023-04-24,2023-04-27,Expedited,TX,South,Wicked Choccy's,3,Wicked Choccy's → TX,1212.88,480,636.8800000000001
2023-10-12,2023-10-17,Standard,IL,Midwest,The Other Factory,5,The Other Factory → IL,181.64,89,101.53999999999999
2023-07-07,2023-07-12,Standard,OH,Midwest,The Other Factory,5,The Other Factory → OH,127.17,57,75.87
2023-10-19,2023-10-21,Expedited,OR,West,Wicked Choccy's,2,Wicked Choccy's → OR,689.68,259,378.87999999999994
2023-12-20,2023-12-23,Standard,AZ,West,The Other Factory,3,The Other Factory → AZ,896.9,384,551.3
2023-07-15,2023-07-21,Standard,OR,West,Lot's O' Nuts,6,Lot's O' Nuts → OR,726.57,223,392.07000000000005
2023-03-03,2023-03-06,Standard,NV,West,Wicked Choccy's,3,Wicked Choccy's → NV,435.95,173,228.35
2023-03-18,2023-03-24,Standard,OH,Midwest,Sugar Shack,6,Sugar Shack → OH,375.05,238,256.05
2023-10-22,2023-10-28,Standard,WA,West,The Other Factory,6,The Other Factory → WA,173.24,85,96.74000000000001
2023-02-12,2023-02-15,Standard,AZ,West,Secret Factory,3,Secret Factory → AZ,535.2,214,321.20000000000005
2023-12-24,2023-12-30,Standard,IN,Midwest,Wicked Choccy's,6,Wicked Choccy's → IN,546.14,212,291.74
2023-04-11,2023-04-17,Standard,OH,Midwest,The Other Factory,6,The Other Factory → OH,399.22,175,241.72000000000003
2023-10-22,2023-10-27,Standard,NV,West,Lot's O' Nuts,5,Lot's O' Nuts → NV,309.49,107,148.99
2023-11-01,2023-11-05,Expedited,FL,South,Lot's O' Nuts,4,Lot's O' Nuts → FL,917.08,329,423.58000000000004
2023-01-23,2023-01-26,Standard,MI,Midwest,Wicked Choccy's,3,Wicked Choccy's → MI,175.53,67,95.13
2023-05-05,2023-05-08,Standard,MI,Midwest,The Other Factory,3,The Other Factory → MI,361.55,166,212.15
2023-01-12,2023-01-17,Standard,WI,Midwest,Sugar Shack,5,Sugar Shack → WI,433.52,290,288.52
2023-03-14,2023-03-15,Expedited,CT,Northeast,Lot's O' Nuts,1,Lot's O' Nuts → CT,392.31,140,182.31
2023-05-26,2023-05-29,Standard,TX,South,Wicked Choccy's,3,Wicked Choccy's → TX,107.55,44,54.75
2023-05-19,2023-05-27,Standard,CA,West,Sugar Shack,8,Sugar Shack → CA,306.52,204,204.51999999999998
2023-12-30,2023-12-31,Expedited,NC,South,Lot's O' Nuts,1,Lot's O' Nuts → NC,296.03,105,138.52999999999997
2023-08-23,2023-08-31,Standard,CA,West,The Other Factory,8,The Other Factory → CA,559.8,260,325.79999999999995
2023-03-22,2023-03-27,Standard,GA,South,Lot's O' Nuts,5,Lot's O' Nuts → GA,428.69,130,233.69
2023-09-14,2023-09-15,Expedited,OR,West,Sugar Shack,1,Sugar Shack → OR,747.63,493,501.13
2023-05-24,2023-05-26,Expedited,MI,Midwest,Wicked Choccy's,2,Wicked Choccy's → MI,141.21,54,76.41000000000001
2023-09-24,2023-09-28,Standard,IN,Midwest,The Other Factory,4,The Other Factory → IN,548.8,228,343.59999999999997
2023-11-06,2023-11-10,Standard,CT,Northeast,Sugar Shack,4,Sugar Shack → CT,464.31,307,310.81
2023-04-14,2023-04-18,Expedited,VA,South,Wicked Choccy's,4,Wicked Choccy's → VA,1300.5,475,730.5
2023-03-16,2023-03-19,Standard,MI,Midwest,The Other Factory,3,The Other Factory → MI,220.45,104,126.85
2023-03-16,2023-03-19,Expedited,NC,South,Lot's O' Nuts,3,Lot's O' Nuts → NC,742.78,236,388.78
2023-11-23,2023-11-27,Standard,OH,Midwest,Sugar Shack,4,Sugar Shack → OH,36.31,23,24.810000000000002
2023-11-10,2023-11-14,Standard,VA,South,The Other Factory,4,The Other Factory → VA,655.88,315,372.38
2023-12-18,2023-12-24,Standard,TX,South,Lot's O' Nuts,6,Lot's O' Nuts → TX,234.11,78,117.11000000000001
2023-11-06,2023-11-10,Expedited,FL,South,Secret Factory,4,Secret Factory → FL,584.33,252,332.33000000000004
2023-04-09,2023-04-10,Expedited,NV,West,Wicked Choccy's,1,Wicked Choccy's → NV,1151.92,483,572.32
2023-07-31,2023-08-06,Standard,OH,Midwest,Wicked Choccy's,6,Wicked Choccy's → OH,1159.01,453,615.41
2023-12-19,2023-12-22,Standard,PA,Northeast,Sugar Shack,3,Sugar Shack → PA,504.16,321,343.66
2023-07-14,2023-07-15,Expedited,CT,Northeast,Sugar Shack,1,Sugar Shack → CT,381.65,276,243.64999999999998
2023-08-22,2023-08-25,Standard,WI,Midwest,Lot's O' Nuts,3,Lot's O' Nuts → WI,865.07,295,422.57000000000005
2023-11-19,2023-11-24,Standard,MI,Midwest,Lot's O' Nuts,5,Lot's O' Nuts → MI,1297.81,406,688.81
2023-08-25,2023-08-28,Standard,MA,Northeast,Wicked Choccy's,3,Wicked Choccy's → MA,910.58,363,474.98
2023-03-14,2023-03-17,Expedited,NY,Northeast,Secret Factory,3,Secret Factory → NY,1037.43,408,629.4300000000001
2023-12-23,2023-12-29,Standard,IN,Midwest,The Other Factory,6,The Other Factory → IN,45.29,22,25.49
2023-10-30,2023-11-04,Standard,NY,Northeast,Wicked Choccy's,5,Wicked Choccy's → NY,129.2,56,61.999999999999986
2023-08-19,2023-08-21,Expedited,AZ,West,Sugar Shack,2,Sugar Shack → AZ,307.57,203,206.07
2023-01-23,2023-01-25,Expedited,VA,South,Wicked Choccy's,2,Wicked Choccy's → VA,249.65,93,138.05
2023-04-02,2023-04-08,Standard,MA,Northeast,Lot's O' Nuts,6,Lot's O' Nuts → MA,482.91,157,247.41000000000003
2023-03-02,2023-03-07,Standard,IL,Midwest,Wicked Choccy's,5,Wicked Choccy's → IL,39.67,16,20.470000000000002
2023-09-13,2023-09-15,Expedited,AZ,West,The Other Factory,2,The Other Factory → AZ,270.93,121,162.03
2023-09-01,2023-09-04,Standard,NJ,Northeast,Secret Factory,3,Secret Factory → NJ,363.3,135,228.3
2023-05-23,2023-05-26,Standard,IL,Midwest,The Other Factory,3,The Other Factory → IL,733.95,344,424.35
2023-03-16,2023-03-17,Expedited,GA,South,Lot's O' Nuts,1,Lot's O' Nuts → GA,191.76,65,94.25999999999999
2023-04-02,2023-04-06,Standard,VA,South,Wicked Choccy's,4,Wicked Choccy's → VA,637.79,243,346.18999999999994
2023-07-04,2023-07-10,Standard,OR,West,Lot's O' Nuts,6,Lot's O' Nuts → OR,1175.72,429,532.22
2023-08-07,2023-08-10,Standard,OR,West,The Other Factory,3,The Other Factory → OR,860.72,365,532.22
2023-06-18,2023-06-22,Standard,CT,Northeast,The Other Factory,4,The Other Factory → CT,647.81,323,357.10999999999996
2023-10-20,2023-10-23,Expedited,NV,West,The Other Factory,3,The Other Factory → NV,512.52,228,307.32
2023-06-12,2023-06-23,Standard,FL,South,Sugar Shack,11,Sugar Shack → FL,417.21,262,286.21
2023-11-09,2023-11-12,Standard,FL,South,Wicked Choccy's,3,Wicked Choccy's → FL,635.56,248,337.9599999999999
2023-03-02,2023-03-07,Standard,NJ,Northeast,Wicked Choccy's,5,Wicked Choccy's → NJ,785.29,296,430.09
2023-04-19,2023-04-22,Standard,MI,Midwest,Lot's O' Nuts,3,Lot's O' Nuts → MI,480.99,167,230.49
2023-10-09,2023-10-18,Standard,CA,West,Sugar Shack,9,Sugar Shack → CA,577.86,380,387.86
2023-01-15,2023-01-19,Expedited,MI,Midwest,Wicked Choccy's,4,Wicked Choccy's → MI,1191.39,479,616.5900000000001
2023-01-19,2023-01-24,Standard,PA,Northeast,Wicked Choccy's,5,Wicked Choccy's → PA,649.93,246,354.72999999999996
2023-07-31,2023-08-03,Expedited,VA,South,Lot's O' Nuts,3,Lot's O' Nuts → VA,888.33,294,447.33000000000004
2023-04-17,2023-04-21,Standard,GA,South,The Other Factory,4,The Other Factory → GA,359.54,153,221.84000000000003
2023-06-23,2023-06-27,Standard,WI,Midwest,Secret Factory,4,Secret Factory → WI,724.84,314,410.84000000000003
2023-06-07,2023-06-13,Standard,OR,West,Sugar Shack,6,Sugar Shack → OR,652.37,459,422.87
2023-08-20,2023-08-23,Standard,WI,Midwest,Sugar Shack,3,Sugar Shack → WI,318.68,201,218.18
2023-04-14,2023-04-20,Standard,CT,Northeast,Lot's O' Nuts,6,Lot's O' Nuts → CT,1419.02,473,709.52
2023-04-08,2023-04-13,Standard,CT,Northeast,Sugar Shack,5,Sugar Shack → CT,131.21,83,89.71000000000001
2023-02-20,2023-02-24,Expedited,OH,Midwest,The Other Factory,4,The Other Factory → OH,477.16,208,289.96000000000004
2023-09-25,2023-09-26,Expedited,OR,West,Lot's O' Nuts,1,Lot's O' Nuts → OR,536.42,180,266.41999999999996
2023-01-24,2023-01-29,Standard,TX,South,Lot's O' Nuts,5,Lot's O' Nuts → TX,1090.29,337,584.79
2023-06-14,2023-06-19,Standard,MI,Midwest,Wicked Choccy's,5,Wicked Choccy's → MI,1000.58,405,514.58
2023-03-02,2023-03-05,Standard,OH,Midwest,Sugar Shack,3,Sugar Shack → OH,768.44,500,518.44
2023-09-21,2023-09-26,Standard,WI,Midwest,Lot's O' Nuts,5,Lot's O' Nuts → WI,412.17,148,190.17000000000002
2023-12-27,2024-01-01,Standard,OH,Midwest,Sugar Shack,5,Sugar Shack → OH,424.16,286,281.16
2023-03-08,2023-03-12,Standard,NY,Northeast,Lot's O' Nuts,4,Lot's O' Nuts → NY,669.21,228,327.21000000000004
2023-12-27,2024-01-01,Standard,CT,Northeast,The Other Factory,5,The Other Factory → CT,884.76,428,499.56
2023-12-10,2023-12-13,Standard,NV,West,The Other Factory,3,The Other Factory → NV,993.87,426,610.47
2023-12-24,2023-12-30,Standard,NV,West,Secret Factory,6,Secret Factory → NV,591.46,250,341.46000000000004
2023-04-25,2023-04-30,Standard,GA,South,Wicked Choccy's,5,Wicked Choccy's → GA,1107.0,413,611.4
2023-06-16,2023-06-22,Standard,NY,Northeast,Secret Factory,6,Secret Factory → NY,632.56,255,377.55999999999995
2023-03-29,2023-04-06,Standard,VA,South,Sugar Shack,8,Sugar Shack → VA,669.51,428,455.51
2023-02-24,2023-03-02,Standard,OR,West,Sugar Shack,6,Sugar Shack → OR,459.9,312,303.9
2023-11-14,2023-11-19,Standard,IN,Midwest,Wicked Choccy's,5,Wicked Choccy's → IN,308.21,116,169.01
2023-10-30,2023-11-01,Expedited,CT,Northeast,Secret Factory,2,Secret Factory → CT,252.97,98,154.97
2023-02-09,2023-02-18,Standard,NY,Northeast,The Other Factory,9,The Other Factory → NY,594.75,294,330.15
2023-08-16,2023-08-19,Standard,NC,South,Wicked Choccy's,3,Wicked Choccy's → NC,956.53,360,524.53
2023-07-14,2023-07-19,Standard,NY,Northeast,Sugar Shack,5,Sugar Shack → NY,553.42,397,354.91999999999996
2023-03-18,2023-03-24,Standard,NC,South,Secret Factory,6,Secret Factory → NC,258.81,110,148.81
2023-06-12,2023-06-17,Expedited,NC,South,Sugar Shack,5,Sugar Shack → NC,416.55,308,262.55
2023-09-19,2023-09-22,Standard,MI,Midwest,Secret Factory,3,Secret Factory → MI,26.02,10,16.02
2023-07-03,2023-07-09,Standard,TX,South,Lot's O' Nuts,6,Lot's O' Nuts → TX,953.99,330,458.99
2023-07-15,2023-07-19,Standard,NJ,Northeast,Secret Factory,4,Secret Factory → NJ,586.84,253,333.84000000000003
2023-10-12,2023-10-16,Standard,NC,South,Secret Factory,4,Secret Factory → NC,175.95,78,97.94999999999999
2023-11-28,2023-12-02,Standard,IN,Midwest,Lot's O' Nuts,4,Lot's O' Nuts → IN,147.46,53,67.96000000000001
2023-08-01,2023-08-07,Standard,CT,Northeast,Secret Factory,6,Secret Factory → CT,776.73,292,484.73
2023-07-16,2023-07-19,Standard,OH,Midwest,Sugar Shack,3,Sugar Shack → OH,457.33,305,304.83
2023-05-02,2023-05-05,Expedited,NC,South,The Other Factory,3,The Other Factory → NC,65.08,27,40.78
2023-10-18,2023-10-21,Standard,TX,South,Secret Factory,3,Secret Factory → TX,214.44,82,132.44
2023-09-27,2023-09-30,Standard,CT,Northeast,Sugar Shack,3,Sugar Shack → CT,201.38,135,133.88
2023-12-06,2023-12-11,Standard,VA,South,Lot's O' Nuts,5,Lot's O' Nuts → VA,896.29,283,471.78999999999996
2023-08-29,2023-09-02,Expedited,CT,Northeast,Secret Factory,4,Secret Factory → CT,518.76,190,328.76
2023-05-31,2023-06-05,Standard,IL,Midwest,Sugar Shack,5,Sugar Shack → IL,605.66,382,414.65999999999997
2023-05-14,2023-05-17,Standard,CT,Northeast,Lot's O' Nuts,3,Lot's O' Nuts → CT,1139.8,346,620.8
2023-11-16,2023-11-19,Standard,NC,South,Lot's O' Nuts,3,Lot's O' Nuts → NC,1410.76,445,743.26
2023-05-10,2023-05-11,Expedited,GA,South,Wicked Choccy's,1,Wicked Choccy's → GA,896.95,389,430.15000000000003
2023-03-31,2023-04-04,Standard,IN,Midwest,The Other Factory,4,The Other Factory → IN,332.38,143,203.68
2023-05-01,2023-05-04,Expedited,WI,Midwest,Secret Factory,3,Secret Factory → WI,144.88,53,91.88
2023-11-01,2023-11-03,Expedited,NJ,Northeast,Wicked Choccy's,2,Wicked Choccy's → NJ,859.59,348,441.99
2023-11-23,2023-11-26,Expedited,WI,Midwest,Wicked Choccy's,3,Wicked Choccy's → WI,95.13,37,50.73
2023-03-01,2023-03-06,Standard,IN,Midwest,Lot's O' Nuts,5,Lot's O' Nuts → IN,796.37,253,416.87
2023-09-30,2023-10-04,Standard,NJ,Northeast,Wicked Choccy's,4,Wicked Choccy's → NJ,754.52,281,417.32
2023-01-07,2023-01-10,Standard,NJ,Northeast,Sugar Shack,3,Sugar Shack → NJ,95.89,59,66.39
2023-11-23,2023-11-26,Expedited,CT,Northeast,Sugar Shack,3,Sugar Shack → CT,259.03,181,168.52999999999997
2023-02-20,2023-02-22,Expedited,NJ,Northeast,Sugar Shack,2,Sugar Shack → NJ,597.35,385,404.85
2023-04-10,2023-04-13,Standard,FL,South,The Other Factory,3,The Other Factory → FL,702.24,354,383.64
2023-02-04,2023-02-13,Standard,NY,Northeast,Lot's O' Nuts,9,Lot's O' Nuts → NY,382.49,122,199.49
2023-05-09,2023-05-14,Standard,CA,West,Wicked Choccy's,5,Wicked Choccy's → CA,1264.65,496,669.45
2023-03-04,2023-03-08,Standard,AZ,West,Lot's O' Nuts,4,Lot's O' Nuts → AZ,1294.73,468,592.73
2023-04-05,2023-04-13,Standard,NC,South,Sugar Shack,8,Sugar Shack → NC,794.61,482,553.61
2023-08-07,2023-08-12,Expedited,FL,South,Sugar Shack,5,Sugar Shack → FL,300.65,205,198.14999999999998
2023-01-31,2023-02-09,Standard,FL,South,Sugar Shack,9,Sugar Shack → FL,472.63,322,311.63
2023-11-27,2023-12-03,Standard,WA,West,Secret Factory,6,Secret Factory → WA,309.39,121,188.39
2023-02-24,2023-02-27,Standard,TX,South,Secret Factory,3,Secret Factory → TX,789.36,302,487.36
2023-08-17,2023-08-20,Standard,PA,Northeast,Lot's O' Nuts,3,Lot's O' Nuts → PA,1325.96,487,595.46
2023-07-19,2023-07-20,Expedited,MI,Midwest,Sugar Shack,1,Sugar Shack → MI,426.5,273,290.0
2023-09-09,2023-09-10,Expedited,NJ,Northeast,Secret Factory,1,Secret Factory → NJ,675.8,286,389.79999999999995
2023-07-16,2023-07-21,Standard,AZ,West,Secret Factory,5,Secret Factory → AZ,466.37,180,286.37
2023-07-25,2023-07-30,Standard,OR,West,Lot's O' Nuts,5,Lot's O' Nuts → OR,163.44,51,86.94
2023-05-29,2023-06-04,Standard,WI,Midwest,Wicked Choccy's,6,Wicked Choccy's → WI,816.23,348,398.63
2023-12-23,2023-12-29,Standard,OR,West,Secret Factory,6,Secret Factory → OR,905.07,386,519.07
2023-01-19,2023-01-25,Standard,AZ,West,Wicked Choccy's,6,Wicked Choccy's → AZ,111.15,42,60.75000000000001
2023-11-26,2023-11-30,Expedited,CT,Northeast,Sugar Shack,4,Sugar Shack → CT,24.5,18,15.5
2023-01-29,2023-02-04,Standard,NV,West,Sugar Shack,6,Sugar Shack → NV,762.73,491,517.23
2023-10-02,2023-10-06,Standard,IL,Midwest,Wicked Choccy's,4,Wicked Choccy's → IL,670.0,260,358.0
2023-08-30,2023-09-01,Expedited,WA,West,The Other Factory,2,The Other Factory → WA,34.95,17,19.650000000000002
2023-01-26,2023-01-29,Standard,NV,West,Sugar Shack,3,Sugar Shack → NV,682.76,428,468.76
2023-02-28,2023-03-04,Expedited,IL,Midwest,Secret Factory,4,Secret Factory → IL,483.35,182,301.35
2023-12-14,2023-12-16,Expedited,TX,South,Secret Factory,2,Secret Factory → TX,464.27,174,290.27
2023-04-20,2023-04-25,Standard,MI,Midwest,Lot's O' Nuts,5,Lot's O' Nuts → MI,258.67,82,135.67000000000002
2023-03-28,2023-03-31,Standard,IN,Midwest,Sugar Shack,3,Sugar Shack → IN,107.64,78,68.64
2023-11-20,2023-11-26,Standard,PA,Northeast,The Other Factory,6,The Other Factory → PA,101.12,51,55.220000000000006
2023-04-02,2023-04-08,Standard,NC,South,Lot's O' Nuts,6,Lot's O' Nuts → NC,1010.51,364,464.51
2023-03-15,2023-03-19,Standard,NJ,Northeast,Sugar Shack,4,Sugar Shack → NJ,501.52,322,340.52
2023-11-02,2023-11-05,Expedited,CT,Northeast,Wicked Choccy's,3,Wicked Choccy's → CT,462.37,188,236.77
2023-10-13,2023-10-14,Expedited,IL,Midwest,Wicked Choccy's,1,Wicked Choccy's → IL,792.49,326,401.29
2023-10-04,2023-10-06,Expedited,IN,Midwest,The Other Factory,2,The Other Factory → IN,302.51,151,166.60999999999999
2023-02-27,2023-03-02,Standard,NJ,Northeast,Wicked Choccy's,3,Wicked Choccy's → NJ,95.18,37,50.78000000000001
2023-05-26,2023-06-01,Standard,MA,Northeast,Wicked Choccy's,6,Wicked Choccy's → MA,73.67,32,35.27
2023-01-27,2023-01-31,Expedited,OH,Midwest,The Other Factory,4,The Other Factory → OH,554.48,273,308.78000000000003
2023-05-01,2023-05-06,Standard,NC,South,Secret Factory,5,Secret Factory → NC,335.21,127,208.20999999999998
2023-06-16,2023-06-18,Expedited,WA,West,Wicked Choccy's,2,Wicked Choccy's → WA,544.53,202,302.13
2023-02-07,2023-02-11,Expedited,NY,Northeast,Secret Factory,4,Secret Factory → NY,1239.04,485,754.04
2023-04-02,2023-04-06,Standard,FL,South,Secret Factory,4,Secret Factory → FL,808.96,333,475.96000000000004
2023-05-19,2023-05-22,Standard,FL,South,Wicked Choccy's,3,Wicked Choccy's → FL,354.69,153,171.09
2023-08-27,2023-08-29,Expedited,PA,Northeast,Secret Factory,2,Secret Factory → PA,1110.08,463,647.0799999999999
2023-03-22,2023-03-24,Expedited,WI,Midwest,The Other Factory,2,The Other Factory → WI,116.7,54,68.1
2023-09-25,2023-10-01,Standard,WI,Midwest,Secret Factory,6,Secret Factory → WI,343.1,152,191.10000000000002
2023-08-08,2023-08-12,Standard,MI,Midwest,Wicked Choccy's,4,Wicked Choccy's → MI,1264.6,466,705.3999999999999
2023-03-18,2023-03-19,Expedited,NV,West,The Other Factory,1,The Other Factory → NV,575.68,250,350.67999999999995
2023-09-16,2023-09-19,Standard,CT,Northeast,Lot's O' Nuts,3,Lot's O' Nuts → CT,722.32,241,360.82000000000005
2023-02-12,2023-02-14,Expedited,NV,West,The Other Factory,2,The Other Factory → NV,407.26,193,233.56
2023-11-28,2023-12-02,Standard,NV,West,Lot's O' Nuts,4,Lot's O' Nuts → NV,1100.96,370,545.96
2023-10-20,2023-10-24,Standard,NV,West,The Other Factory,4,The Other Factory → NV,1046.25,457,634.95
2023-04-05,2023-04-10,Expedited,NY,Northeast,Sugar Shack,5,Sugar Shack → NY,727.22,467,493.72
2023-09-29,2023-10-01,Expedited,NC,South,Lot's O' Nuts,2,Lot's O' Nuts → NC,1284.76,413,665.26
2023-11-14,2023-11-17,Expedited,AZ,West,Sugar Shack,3,Sugar Shack → AZ,633.58,464,401.58000000000004
2023-07-16,2023-07-21,Standard,CT,Northeast,Sugar Shack,5,Sugar Shack → CT,152.9,99,103.4
2023-12-27,2023-12-29,Expedited,OH,Midwest,Lot's O' Nuts,2,Lot's O' Nuts → OH,791.69,286,362.69000000000005
2023-09-02,2023-09-07,Standard,OH,Midwest,The Other Factory,5,The Other Factory → OH,608.57,267,368.27000000000004
2023-05-22,2023-05-28,Standard,OR,West,Lot's O' Nuts,6,Lot's O' Nuts → OR,802.26,266,403.26
2023-03-04,2023-03-07,Standard,NC,South,Secret Factory,3,Secret Factory → NC,285.77,106,179.76999999999998
2023-08-23,2023-08-26,Expedited,NV,West,Lot's O' Nuts,3,Lot's O' Nuts → NV,1636.99,500,886.99
2023-02-25,2023-03-03,Standard,TX,South,Wicked Choccy's,6,Wicked Choccy's → TX,233.81,87,129.41
2023-09-24,2023-09-26,Expedited,NC,South,Lot's O' Nuts,2,Lot's O' Nuts → NC,732.82,252,354.82000000000005
2023-08-16,2023-08-20,Standard,FL,South,Lot's O' Nuts,4,Lot's O' Nuts → FL,1428.32,437,772.8199999999999
2023-11-27,2023-12-02,Standard,CT,Northeast,Sugar Shack,5,Sugar Shack → CT,394.23,258,265.23
2023-12-23,2023-12-27,Standard,NJ,Northeast,The Other Factory,4,The Other Factory → NJ,1091.51,469,669.41
2023-03-29,2023-04-03,Standard,IN,Midwest,Sugar Shack,5,Sugar Shack → IN,647.88,404,445.88
2023-03-17,2023-03-23,Expedited,NC,South,Sugar Shack,6,Sugar Shack → NC,169.12,103,117.62
2023-12-29,2024-01-03,Standard,OH,Midwest,Wicked Choccy's,5,Wicked Choccy's → OH,703.22,304,338.42
2023-05-14,2023-05-17,Standard,OH,Midwest,Sugar Shack,3,Sugar Shack → OH,505.78,350,330.78
2023-06-26,2023-06-30,Standard,NC,South,Wicked Choccy's,4,Wicked Choccy's → NC,679.42,283,339.81999999999994
2023-01-13,2023-01-16,Expedited,PA,Northeast,Secret Factory,3,Secret Factory → PA,200.44,89,111.44
2023-10-07,2023-10-12,Standard,GA,South,The Other Factory,5,The Other Factory → GA,1139.73,493,696.03
2023-10-21,2023-10-27,Standard,MA,Northeast,Wicked Choccy's,6,Wicked Choccy's → MA,1066.92,470,502.9200000000001
2023-12-14,2023-12-18,Standard,OR,West,The Other Factory,4,The Other Factory → OR,508.67,238,294.47
2023-06-17,2023-06-22,Standard,WI,Midwest,Lot's O' Nuts,5,Lot's O' Nuts → WI,298.49,110,133.49
2023-10-03,2023-10-09,Standard,AZ,West,Secret Factory,6,Secret Factory → AZ,438.87,172,266.87
2023-09-19,2023-09-25,Standard,NC,South,Lot's O' Nuts,6,Lot's O' Nuts → NC,583.4,199,284.9
2023-01-07,2023-01-15,Standard,GA,South,Sugar Shack,8,Sugar Shack → GA,188.2,120,128.2
2023-08-16,2023-08-22,Standard,MA,Northeast,Secret Factory,6,Secret Factory → MA,1033.42,383,650.4200000000001
2023-03-13,2023-03-19,Standard,WA,West,The Other Factory,6,The Other Factory → WA,1003.85,454,595.25
2023-06-21,2023-06-30,Standard,NY,Northeast,Lot's O' Nuts,9,Lot's O' Nuts → NY,300.32,99,151.82
2023-12-30,2024-01-05,Standard,OH,Midwest,The Other Factory,6,The Other Factory → OH,351.34,158,209.14
2023-01-22,2023-01-31,Standard,NC,South,Sugar Shack,9,Sugar Shack → NC,36.51,23,25.009999999999998
2023-03-20,2023-03-30,Standard,NC,South,Sugar Shack,10,Sugar Shack → NC,151.25,101,100.75
2023-12-19,2023-12-24,Expedited,CA,West,Wicked Choccy's,5,Wicked Choccy's → CA,828.8,316,449.59999999999997
2023-10-25,2023-10-31,Standard,MA,Northeast,Secret Factory,6,Secret Factory → MA,970.59,365,605.59
2023-07-11,2023-07-14,Standard,OR,West,The Other Factory,3,The Other Factory → OR,178.14,84,102.53999999999999
2023-12-21,2023-12-26,Standard,FL,South,Wicked Choccy's,5,Wicked Choccy's → FL,575.26,224,306.46
2023-07-02,2023-07-05,Standard,GA,South,Lot's O' Nuts,3,Lot's O' Nuts → GA,768.85,273,359.35
2023-11-18,2023-11-21,Expedited,AZ,West,Wicked Choccy's,3,Wicked Choccy's → AZ,1098.1,456,550.8999999999999
2023-12-17,2023-12-25,Standard,GA,South,Sugar Shack,8,Sugar Shack → GA,22.26,16,14.260000000000002
2023-05-25,2023-05-29,Standard,NJ,Northeast,Sugar Shack,4,Sugar Shack → NJ,87.75,62,56.75
2023-09-15,2023-09-18,Standard,WI,Midwest,Wicked Choccy's,3,Wicked Choccy's → WI,553.09,223,285.49
2023-02-09,2023-02-14,Standard,IL,Midwest,Lot's O' Nuts,5,Lot's O' Nuts → IL,1059.07,363,514.5699999999999
2023-08-15,2023-08-16,Expedited,FL,South,The Other Factory,1,The Other Factory → FL,914.32,391,562.4200000000001
2023-04-24,2023-04-28,Standard,OH,Midwest,Wicked Choccy's,4,Wicked Choccy's → OH,208.28,76,117.08
2023-08-06,2023-08-11,Expedited,CA,West,Lot's O' Nuts,5,Lot's O' Nuts → CA,304.12,110,139.12
2023-12-04,2023-12-09,Standard,NV,West,The Other Factory,5,The Other Factory → NV,64.29,32,35.49000000000001
2023-12-08,2023-12-12,Expedited,CA,West,Lot's O' Nuts,4,Lot's O' Nuts → CA,322.65,104,166.64999999999998
2023-01-15,2023-01-18,Expedited,MI,Midwest,Lot's O' Nuts,3,Lot's O' Nuts → MI,531.3,190,246.29999999999995
2023-09-14,2023-09-17,Standard,WI,Midwest,The Other Factory,3,The Other Factory → WI,958.55,429,572.4499999999999
2023-01-08,2023-01-10,Expedited,OH,Midwest,The Other Factory,2,The Other Factory → OH,1088.84,471,664.9399999999999
2023-01-03,2023-01-07,Expedited,WI,Midwest,Lot's O' Nuts,4,Lot's O' Nuts → WI,614.42,197,318.91999999999996
2023-04-05,2023-04-09,Expedited,WA,West,Secret Factory,4,Secret Factory → WA,535.07,227,308.07000000000005
2023-04-27,2023-04-30,Standard,OR,West,Secret Factory,3,Secret Factory → OR,639.76,276,363.76
2023-07-04,2023-07-11,Standard,CA,West,Sugar Shack,7,Sugar Shack → CA,230.5,155,153.0
2023-06-09,2023-06-15,Standard,WI,Midwest,Secret Factory,6,Secret Factory → WI,283.91,106,177.91000000000003
2023-09-01,2023-09-05,Expedited,IL,Midwest,Sugar Shack,4,Sugar Shack → IL,489.07,354,312.07
2023-08-13,2023-08-20,Standard,CA,West,The Other Factory,7,The Other Factory → CA,928.59,389,578.49
2023-03-28,2023-04-03,Standard,FL,South,Lot's O' Nuts,6,Lot's O' Nuts → FL,204.46,72,96.46000000000001
2023-08-06,2023-08-12,Standard,VA,South,Secret Factory,6,Secret Factory → VA,477.68,192,285.68
2023-11-05,2023-11-11,Standard,CT,Northeast,Secret Factory,6,Secret Factory → CT,150.22,65,85.22
2023-09-08,2023-09-11,Standard,OH,Midwest,Secret Factory,3,Secret Factory → OH,993.59,435,558.59
2023-12-14,2023-12-19,Standard,IN,Midwest,Lot's O' Nuts,5,Lot's O' Nuts → IN,253.59,88,121.59
2023-11-16,2023-11-20,Expedited,AZ,West,Lot's O' Nuts,4,Lot's O' Nuts → AZ,325.0,113,155.5
2023-09-12,2023-09-15,Standard,VA,South,Secret Factory,3,Secret Factory → VA,1308.1,497,811.0999999999999
2023-08-09,2023-08-15,Standard,NJ,Northeast,Lot's O' Nuts,6,Lot's O' Nuts → NJ,702.29,236,348.28999999999996
2023-01-17,2023-01-21,Standard,FL,South,Wicked Choccy's,4,Wicked Choccy's → FL,440.73,169,237.93
2023-09-07,2023-09-13,Standard,CT,Northeast,Lot's O' Nuts,6,Lot's O' Nuts → CT,768.45,253,388.95000000000005
2023-03-22,2023-03-28,Standard,NV,West,The Other Factory,6,The Other Factory → NV,740.24,325,447.74
2023-05-26,2023-06-02,Standard,CA,West,Sugar Shack,7,Sugar Shack → CA,299.46,188,205.45999999999998
2023-10-26,2023-10-31,Standard,NC,South,Lot's O' Nuts,5,Lot's O' Nuts → NC,565.85,192,277.85
2023-01-29,2023-02-01,Standard,OH,Midwest,Wicked Choccy's,3,Wicked Choccy's → OH,1234.74,476,663.54
2023-06-06,2023-06-11,Standard,FL,South,Lot's O' Nuts,5,Lot's O' Nuts → FL,86.32,29,42.81999999999999
2023-08-05,2023-08-11,Standard,MA,Northeast,The Other Factory,6,The Other Factory → MA,618.82,311,338.9200000000001
2023-06-12,2023-06-18,Standard,MA,Northeast,Secret Factory,6,Secret Factory → MA,158.32,61,97.32
2023-04-16,2023-04-19,Expedited,CT,Northeast,Sugar Shack,3,Sugar Shack → CT,145.77,95,98.27000000000001
2023-07-06,2023-07-09,Standard,IN,Midwest,Secret Factory,3,Secret Factory → IN,1177.07,440,737.0699999999999
2023-04-20,2023-04-29,Standard,TX,South,Sugar Shack,9,Sugar Shack → TX,517.47,329,352.97
2023-02-17,2023-02-20,Standard,AZ,West,The Other Factory,3,The Other Factory → AZ,699.76,300,429.76
2023-09-01,2023-09-04,Expedited,MI,Midwest,Secret Factory,3,Secret Factory → MI,710.75,268,442.75
2023-08-10,2023-08-15,Standard,FL,South,The Other Factory,5,The Other Factory → FL,726.02,329,429.91999999999996
2023-12-10,2023-12-14,Standard,IL,Midwest,The Other Factory,4,The Other Factory → IL,670.89,305,396.39
2023-12-05,2023-12-09,Expedited,VA,South,Secret Factory,4,Secret Factory → VA,1236.13,488,748.1300000000001
2023-11-17,2023-11-21,Standard,MI,Midwest,Lot's O' Nuts,4,Lot's O' Nuts → MI,273.86,87,143.36
2023-06-03,2023-06-04,Expedited,MA,Northeast,Secret Factory,1,Secret Factory → MA,785.49,334,451.49
2023-07-31,2023-08-09,Standard,FL,South,Sugar Shack,9,Sugar Shack → FL,182.7,132,116.69999999999999
2023-04-09,2023-04-15,Standard,MI,Midwest,Lot's O' Nuts,6,Lot's O' Nuts → MI,697.92,226,358.91999999999996
2023-01-19,2023-01-24,Standard,MI,Midwest,Wicked Choccy's,5,Wicked Choccy's → MI,1097.83,414,601.03
2023-12-04,2023-12-08,Expedited,IL,Midwest,The Other Factory,4,The Other Factory → IL,815.39,410,446.39
2023-02-12,2023-02-20,Expedited,TX,South,Sugar Shack,8,Sugar Shack → TX,546.17,353,369.66999999999996
2023-02-16,2023-02-19,Standard,OH,Midwest,Secret Factory,3,Secret Factory → OH,715.24,277,438.24
2023-10-25,2023-10-27,Expedited,NC,South,The Other Factory,2,The Other Factory → NC,644.72,317,359.42
2023-06-10,2023-06-12,Expedited,PA,Northeast,Sugar Shack,2,Sugar Shack → PA,114.71,83,73.21
2023-04-20,2023-04-23,Standard,NJ,Northeast,Sugar Shack,3,Sugar Shack → NJ,394.12,261,263.62
2023-12-25,2023-12-29,Standard,VA,South,Lot's O' Nuts,4,Lot's O' Nuts → VA,490.6,152,262.6
2023-03-16,2023-03-17,Expedited,MA,Northeast,Sugar Shack,1,Sugar Shack → MA,557.61,340,387.61
2023-11-07,2023-11-13,Standard,WA,West,Lot's O' Nuts,6,Lot's O' Nuts → WA,518.01,168,266.01
2023-12-25,2023-12-29,Expedited,AZ,West,Sugar Shack,4,Sugar Shack → AZ,281.29,208,177.29000000000002
2023-07-21,2023-07-27,Expedited,TX,South,Sugar Shack,6,Sugar Shack → TX,188.12,117,129.62
2023-03-24,2023-03-27,Expedited,NC,South,Secret Factory,3,Secret Factory → NC,1037.39,453,584.3900000000001
2023-09-09,2023-09-10,Expedited,MA,Northeast,Secret Factory,1,Secret Factory → MA,1006.63,432,574.63
2023-05-14,2023-05-19,Standard,OR,West,The Other Factory,5,The Other Factory → OR,553.19,242,335.39000000000004
2023-01-27,2023-01-31,Standard,PA,Northeast,Wicked Choccy's,4,Wicked Choccy's → PA,795.32,331,398.12000000000006
2023-10-22,2023-10-26,Standard,WA,West,Lot's O' Nuts,4,Lot's O' Nuts → WA,1353.99,443,689.49
2023-07-30,2023-08-01,Expedited,NJ,Northeast,Sugar Shack,2,Sugar Shack → NJ,200.49,143,128.99
2023-10-31,2023-11-08,Standard,FL,South,Sugar Shack,8,Sugar Shack → FL,340.33,211,234.82999999999998
2023-10-20,2023-10-23,Expedited,CA,West,Wicked Choccy's,3,Wicked Choccy's → CA,577.89,246,282.69
2023-12-26,2023-12-31,Standard,NV,West,Wicked Choccy's,5,Wicked Choccy's → NV,197.33,86,94.13000000000001
2023-07-08,2023-07-16,Expedited,CA,West,Wicked Choccy's,8,Wicked Choccy's → CA,1120.09,433,600.4899999999999
2023-03-02,2023-03-05,Expedited,OH,Midwest,Wicked Choccy's,3,Wicked Choccy's → OH,411.85,157,223.45000000000002
2023-07-15,2023-07-20,Standard,PA,Northeast,Wicked Choccy's,5,Wicked Choccy's → PA,988.84,382,530.44
2023-08-03,2023-08-08,Standard,PA,Northeast,Wicked Choccy's,5,Wicked Choccy's → PA,332.65,130,176.64999999999998
2023-05-08,2023-05-15,Standard,NY,Northeast,Sugar Shack,7,Sugar Shack → NY,534.81,364,352.80999999999995
2023-04-19,2023-04-22,Standard,CT,Northeast,Secret Factory,3,Secret Factory → CT,672.42,295,377.41999999999996
2023-06-20,2023-06-21,Expedited,MA,Northeast,Wicked Choccy's,1,Wicked Choccy's → MA,28.52,12,14.12
2023-11-14,2023-11-18,Standard,NC,South,Secret Factory,4,Secret Factory → NC,1178.88,466,712.8800000000001
2023-10-25,2023-10-30,Standard,FL,South,Wicked Choccy's,5,Wicked Choccy's → FL,1140.18,459,589.3800000000001
2023-02-15,2023-02-20,Standard,PA,Northeast,Sugar Shack,5,Sugar Shack → PA,52.59,32,36.59
2023-09-13,2023-09-22,Standard,NC,South,Sugar Shack,9,Sugar Shack → NC,395.63,274,258.63
2023-03-26,2023-04-01,Standard,PA,Northeast,Sugar Shack,6,Sugar Shack → PA,52.05,37,33.55
2023-01-28,2023-02-01,Standard,IL,Midwest,Wicked Choccy's,4,Wicked Choccy's → IL,921.4,371,476.2
2023-03-01,2023-03-07,Standard,NV,West,Secret Factory,6,Secret Factory → NV,609.14,244,365.14
2023-03-17,2023-03-22,Standard,TX,South,Lot's O' Nuts,5,Lot's O' Nuts → TX,326.5,102,173.5
2023-09-18,2023-09-19,Expedited,WI,Midwest,Sugar Shack,1,Sugar Shack → WI,440.84,279,301.34
2023-04-03,2023-04-04,Expedited,WA,West,Secret Factory,1,Secret Factory → WA,1120.25,464,656.25
2023-05-26,2023-05-29,Standard,MA,Northeast,Lot's O' Nuts,3,Lot's O' Nuts → MA,1267.63,438,610.6300000000001
2023-01-15,2023-01-20,Standard,NJ,Northeast,Lot's O' Nuts,5,Lot's O' Nuts → NJ,971.77,314,500.77
2023-06-18,2023-06-20,Expedited,MA,Northeast,Lot's O' Nuts,2,Lot's O' Nuts → MA,379.72,118,202.72000000000003
2023-11-26,2023-12-02,Expedited,TX,South,Sugar Shack,6,Sugar Shack → TX,305.28,214,198.27999999999997
2023-05-03,2023-05-09,Expedited,CA,West,Secret Factory,6,Secret Factory → CA,1002.54,409,593.54
2023-11-28,2023-12-04,Standard,OR,West,Wicked Choccy's,6,Wicked Choccy's → OR,1024.13,386,560.9300000000001
2023-06-08,2023-06-13,Standard,MI,Midwest,The Other Factory,5,The Other Factory → MI,562.48,272,317.68
2023-08-17,2023-08-23,Standard,MA,Northeast,Secret Factory,6,Secret Factory → MA,147.18,56,91.18
2023-07-08,2023-07-11,Standard,IN,Midwest,The Other Factory,3,The Other Factory → IN,66.18,30,39.18000000000001
2023-08-26,2023-08-29,Standard,IN,Midwest,Wicked Choccy's,3,Wicked Choccy's → IN,392.49,158,202.89000000000001
2023-02-10,2023-02-13,Expedited,FL,South,Secret Factory,3,Secret Factory → FL,1044.7,440,604.7
2023-08-07,2023-08-10,Standard,AZ,West,Sugar Shack,3,Sugar Shack → AZ,375.98,272,239.98000000000002
2023-08-06,2023-08-11,Standard,NV,West,Secret Factory,5,Secret Factory → NV,454.09,191,263.09
2023-02-11,2023-02-17,Expedited,CA,West,The Other Factory,6,The Other Factory → CA,848.79,412,477.98999999999995
2023-07-21,2023-07-24,Expedited,NV,West,Lot's O' Nuts,3,Lot's O' Nuts → NV,518.9,170,263.9
2023-08-21,2023-08-23,Expedited,GA,South,Secret Factory,2,Secret Factory → GA,276.42,118,158.42000000000002
2023-11-06,2023-11-09,Standard,NV,West,Sugar Shack,3,Sugar Shack → NV,293.62,212,187.62
2023-03-29,2023-04-02,Expedited,NJ,Northeast,Secret Factory,4,Secret Factory → NJ,422.28,165,257.28
2023-11-12,2023-11-16,Standard,MA,Northeast,Sugar Shack,4,Sugar Shack → MA,23.92,17,15.420000000000002
2023-01-09,2023-01-13,Standard,WA,West,Wicked Choccy's,4,Wicked Choccy's → WA,810.84,342,400.44000000000005
2023-11-17,2023-11-23,Standard,IL,Midwest,The Other Factory,6,The Other Factory → IL,186.03,85,109.53
2023-01-12,2023-01-16,Expedited,OH,Midwest,Lot's O' Nuts,4,Lot's O' Nuts → OH,769.59,258,382.59000000000003
2023-08-19,2023-08-25,Standard,OH,Midwest,The Other Factory,6,The Other Factory → OH,76.57,36,44.169999999999995
2023-02-22,2023-02-25,Expedited,NJ,Northeast,Secret Factory,3,Secret Factory → NJ,69.82,28,41.81999999999999
2023-09-06,2023-09-07,Expedited,PA,Northeast,The Other Factory,1,The Other Factory → PA,504.8,226,301.4
2023-10-11,2023-10-12,Expedited,NC,South,Lot's O' Nuts,1,Lot's O' Nuts → NC,808.36,263,413.86
2023-11-27,2023-12-02,Standard,NJ,Northeast,Sugar Shack,5,Sugar Shack → NJ,536.32,381,345.82000000000005
2023-06-26,2023-07-01,Standard,WI,Midwest,Secret Factory,5,Secret Factory → WI,1227.06,481,746.06
2023-12-03,2023-12-07,Expedited,MI,Midwest,Secret Factory,4,Secret Factory → MI,594.64,223,371.64
2023-12-11,2023-12-16,Standard,PA,Northeast,Sugar Shack,5,Sugar Shack → PA,571.64,363,390.14
2023-12-08,2023-12-14,Standard,OH,Midwest,Secret Factory,6,Secret Factory → OH,161.45,61,100.44999999999999
2023-09-10,2023-09-13,Standard,OH,Midwest,Sugar Shack,3,Sugar Shack → OH,311.55,193,215.05
2023-07-02,2023-07-05,Standard,WI,Midwest,Wicked Choccy's,3,Wicked Choccy's → WI,448.69,182,230.29
2023-11-13,2023-11-18,Standard,AZ,West,Wicked Choccy's,5,Wicked Choccy's → AZ,486.21,184,265.40999999999997
2023-01-24,2023-01-25,Expedited,FL,South,The Other Factory,1,The Other Factory → FL,742.81,371,408.90999999999997
2023-08-13,2023-08-15,Expedited,CA,West,Secret Factory,2,Secret Factory → CA,619.43,269,350.42999999999995
2023-11-19,2023-11-24,Standard,MI,Midwest,Lot's O' Nuts,5,Lot's O' Nuts → MI,1102.95,372,544.95
2023-09-17,2023-09-22,Standard,WA,West,Secret Factory,5,Secret Factory → WA,994.8,429,565.8
2023-04-14,2023-04-23,Standard,NY,Northeast,Secret Factory,9,Secret Factory → NY,390.39,156,234.39
2023-02-13,2023-02-20,Standard,NC,South,Sugar Shack,7,Sugar Shack → NC,622.54,395,425.03999999999996
2023-08-04,2023-08-10,Standard,IN,Midwest,Wicked Choccy's,6,Wicked Choccy's → IN,1162.83,469,600.03
2023-09-22,2023-09-25,Standard,NV,West,Sugar Shack,3,Sugar Shack → NV,600.14,377,411.64
2023-02-05,2023-02-09,Standard,GA,South,Lot's O' Nuts,4,Lot's O' Nuts → GA,634.96,232,286.96000000000004
2023-01-19,2023-01-23,Expedited,AZ,West,Wicked Choccy's,4,Wicked Choccy's → AZ,578.97,215,320.97
2023-12-25,2023-12-26,Expedited,GA,South,The Other Factory,1,The Other Factory → GA,910.64,433,520.94
2023-09-28,2023-10-02,Standard,IN,Midwest,The Other Factory,4,The Other Factory → IN,1029.87,464,612.2699999999999
2023-11-13,2023-11-16,Expedited,NC,South,Secret Factory,3,Secret Factory → NC,120.23,53,67.23
2023-06-21,2023-06-24,Expedited,WI,Midwest,Secret Factory,3,Secret Factory → WI,273.27,119,154.26999999999998
2023-10-10,2023-10-18,Standard,FL,South,Sugar Shack,8,Sugar Shack → FL,689.86,436,471.86
2023-08-05,2023-08-11,Expedited,CA,West,The Other Factory,6,The Other Factory → CA,146.07,73,80.36999999999999
2023-11-30,2023-12-03,Standard,MA,Northeast,Lot's O' Nuts,3,Lot's O' Nuts → MA,702.62,242,339.62
2023-05-01,2023-05-05,Standard,MI,Midwest,The Other Factory,4,The Other Factory → MI,804.81,375,467.30999999999995
2023-05-07,2023-05-12,Standard,VA,South,Lot's O' Nuts,5,Lot's O' Nuts → VA,667.63,242,304.63
2023-12-31,2024-01-08,Standard,NY,Northeast,Secret Factory,8,Secret Factory → NY,596.42,253,343.41999999999996
2023-02-09,2023-02-15,Standard,CT,Northeast,Sugar Shack,6,Sugar Shack → CT,651.67,456,423.66999999999996
2023-09-13,2023-09-17,Expedited,NJ,Northeast,Secret Factory,4,Secret Factory → NJ,1004.84,431,573.84
2023-09-16,2023-09-19,Standard,NJ,Northeast,Wicked Choccy's,3,Wicked Choccy's → NJ,860.06,365,422.05999999999995
2023-08-31,2023-09-03,Standard,WI,Midwest,Lot's O' Nuts,3,Lot's O' Nuts → WI,1021.22,318,544.22
2023-02-26,2023-03-02,Standard,VA,South,Lot's O' Nuts,4,Lot's O' Nuts → VA,204.6,70,99.6
2023-07-11,2023-07-18,Standard,NC,South,Sugar Shack,7,Sugar Shack → NC,627.55,411,422.04999999999995
2023-01-25,2023-02-02,Standard,FL,South,Sugar Shack,8,Sugar Shack → FL,109.03,72,73.03
2023-02-04,2023-02-10,Standard,NJ,Northeast,Lot's O' Nuts,6,Lot's O' Nuts → NJ,1364.27,470,659.27
2023-07-13,2023-07-19,Standard,OH,Midwest,Secret Factory,6,Secret Factory → OH,987.51,399,588.51
2023-08-18,2023-08-22,Expedited,TX,South,Wicked Choccy's,4,Wicked Choccy's → TX,492.21,208,242.60999999999999
2023-07-22,2023-07-23,Expedited,NV,West,Sugar Shack,1,Sugar Shack → NV,634.06,453,407.55999999999995
2023-01-13,2023-01-16,Standard,VA,South,The Other Factory,3,The Other Factory → VA,259.23,108,162.03000000000003
2023-10-05,2023-10-11,Standard,AZ,West,The Other Factory,6,The Other Factory → AZ,634.02,267,393.71999999999997
2023-03-03,2023-03-07,Standard,IL,Midwest,The Other Factory,4,The Other Factory → IL,316.58,135,195.07999999999998
2023-10-24,2023-10-30,Standard,AZ,West,Secret Factory,6,Secret Factory → AZ,706.74,311,395.74
2023-01-12,2023-01-17,Standard,PA,Northeast,Sugar Shack,5,Sugar Shack → PA,292.57,205,190.07
2023-02-28,2023-03-05,Standard,MI,Midwest,Lot's O' Nuts,5,Lot's O' Nuts → MI,1109.77,403,505.27
2023-06-07,2023-06-12,Standard,IL,Midwest,Secret Factory,5,Secret Factory → IL,230.89,102,128.89
2023-01-30,2023-02-08,Standard,NY,Northeast,Sugar Shack,9,Sugar Shack → NY,207.7,142,136.7
2023-03-03,2023-03-05,Expedited,OH,Midwest,Lot's O' Nuts,2,Lot's O' Nuts → OH,787.36,262,394.36
2023-09-16,2023-09-22,Standard,OR,West,Secret Factory,6,Secret Factory → OR,718.89,293,425.89
2023-09-05,2023-09-06,Expedited,PA,Northeast,Lot's O' Nuts,1,Lot's O' Nuts → PA,445.77,147,225.26999999999998
2023-10-28,2023-11-01,Standard,WI,Midwest,Lot's O' Nuts,4,Lot's O' Nuts → WI,501.76,165,254.26
2023-08-17,2023-08-21,Standard,OH,Midwest,Lot's O' Nuts,4,Lot's O' Nuts → OH,1167.31,410,552.31
2023-08-05,2023-08-14,Standard,NY,Northeast,The Other Factory,9,The Other Factory → NY,828.25,344,518.65
2023-01-01,2023-01-07,Standard,MA,Northeast,Lot's O' Nuts,6,Lot's O' Nuts → MA,605.83,189,322.33000000000004
2023-04-19,2023-04-22,Standard,TX,South,The Other Factory,3,The Other Factory → TX,329.17,163,182.47000000000003
2023-12-24,2023-12-28,Expedited,WI,Midwest,Lot's O' Nuts,4,Lot's O' Nuts → WI,358.75,117,183.25
2023-06-12,2023-06-21,Standard,NC,South,Sugar Shack,9,Sugar Shack → NC,174.09,117,115.59
2023-11-03,2023-11-06,Standard,WA,West,Sugar Shack,3,Sugar Shack → WA,479.24,321,318.74
2023-01-05,2023-01-09,Expedited,CT,Northeast,Wicked Choccy's,4,Wicked Choccy's → CT,978.56,400,498.55999999999995
2023-02-11,2023-02-16,Standard,NV,West,Lot's O' Nuts,5,Lot's O' Nuts → NV,1246.4,426,607.4000000000001
2023-11-04,2023-11-05,Expedited,PA,Northeast,Sugar Shack,1,Sugar Shack → PA,108.68,73,72.18
2023-04-09,2023-04-12,Expedited,WA,West,Secret Factory,3,Secret Factory → WA,970.43,358,612.43
2023-07-03,2023-07-07,Standard,AZ,West,Wicked Choccy's,4,Wicked Choccy's → AZ,353.47,129,198.67000000000002
2023-07-05,2023-07-07,Expedited,NC,South,Lot's O' Nuts,2,Lot's O' Nuts → NC,36.63,13,17.130000000000003
2023-11-23,2023-11-29,Standard,OR,West,Secret Factory,6,Secret Factory → OR,245.01,97,148.01
2023-12-04,2023-12-07,Standard,IL,Midwest,The Other Factory,3,The Other Factory → IL,157.07,75,89.57
2023-10-19,2023-10-20,Expedited,FL,South,Wicked Choccy's,1,Wicked Choccy's → FL,942.35,364,505.55
2023-11-11,2023-11-15,Expedited,NY,Northeast,Sugar Shack,4,Sugar Shack → NY,370.36,231,254.86
2023-07-28,2023-08-02,Standard,AZ,West,Sugar Shack,5,Sugar Shack → AZ,432.29,274,295.29
2023-04-25,2023-04-30,Standard,NC,South,Lot's O' Nuts,5,Lot's O' Nuts → NC,35.22,12,17.22
2023-06-21,2023-06-25,Expedited,WA,West,Lot's O' Nuts,4,Lot's O' Nuts → WA,1372.33,500,622.3299999999999
2023-05-08,2023-05-11,Standard,MI,Midwest,Wicked Choccy's,3,Wicked Choccy's → MI,59.76,24,30.959999999999997
2023-01-13,2023-01-19,Standard,GA,South,The Other Factory,6,The Other Factory → GA,317.05,132,198.25
2023-01-28,2023-02-01,Expedited,IL,Midwest,Sugar Shack,4,Sugar Shack → IL,552.86,401,352.36
2023-08-17,2023-08-22,Expedited,CA,West,The Other Factory,5,The Other Factory → CA,403.18,170,250.18
2023-12-22,2023-12-26,Expedited,IL,Midwest,Lot's O' Nuts,4,Lot's O' Nuts → IL,109.47,38,52.47
2023-11-17,2023-11-23,Standard,CA,West,Secret Factory,6,Secret Factory → CA,1086.12,445,641.1199999999999
2023-02-19,2023-02-20,Expedited,PA,Northeast,The Other Factory,1,The Other Factory → PA,520.04,242,302.23999999999995
2023-08-08,2023-08-11,Standard,OR,West,The Other Factory,3,The Other Factory → OR,534.23,242,316.43
2023-10-28,2023-11-02,Standard,CA,West,Wicked Choccy's,5,Wicked Choccy's → CA,1199.81,473,632.2099999999999
2023-11-23,2023-11-29,Standard,GA,South,The Other Factory,6,The Other Factory → GA,219.13,105,124.63
2023-01-23,2023-01-28,Standard,MI,Midwest,Lot's O' Nuts,5,Lot's O' Nuts → MI,515.48,169,261.98
2023-10-05,2023-10-10,Standard,IN,Midwest,Wicked Choccy's,5,Wicked Choccy's → IN,387.07,159,196.26999999999998
2023-01-05,2023-01-08,Standard,IL,Midwest,The Other Factory,3,The Other Factory → IL,481.67,226,278.27
2023-04-13,2023-04-19,Standard,OR,West,Wicked Choccy's,6,Wicked Choccy's → OR,947.51,365,509.51
2023-08-28,2023-09-02,Standard,VA,South,The Other Factory,5,The Other Factory → VA,686.35,325,393.85
2023-06-18,2023-06-19,Expedited,NV,West,Wicked Choccy's,1,Wicked Choccy's → NV,620.6,263,305.0
2023-01-02,2023-01-06,Standard,IN,Midwest,Wicked Choccy's,4,Wicked Choccy's → IN,670.03,256,362.83
2023-06-19,2023-06-22,Standard,IN,Midwest,Secret Factory,3,Secret Factory → IN,439.71,195,244.70999999999998
2023-07-03,2023-07-07,Standard,WA,West,Lot's O' Nuts,4,Lot's O' Nuts → WA,1016.12,333,516.62
2023-07-04,2023-07-08,Standard,WA,West,Lot's O' Nuts,4,Lot's O' Nuts → WA,394.21,122,211.20999999999998
2023-03-31,2023-04-04,Standard,OH,Midwest,Sugar Shack,4,Sugar Shack → OH,629.98,441,409.48
2023-02-21,2023-02-24,Standard,IN,Midwest,Lot's O' Nuts,3,Lot's O' Nuts → IN,596.89,183,322.39
2023-06-06,2023-06-08,Expedited,MI,Midwest,Secret Factory,2,Secret Factory → MI,1234.11,491,743.1099999999999
2023-11-16,2023-11-22,Standard,CA,West,Secret Factory,6,Secret Factory → CA,271.76,108,163.76
2023-12-22,2023-12-28,Standard,VA,South,Sugar Shack,6,Sugar Shack → VA,613.92,400,413.91999999999996
2023-04-07,2023-04-10,Standard,FL,South,The Other Factory,3,The Other Factory → FL,773.58,332,474.78000000000003
2023-03-06,2023-03-10,Expedited,PA,Northeast,The Other Factory,4,The Other Factory → PA,940.58,414,567.98
2023-02-03,2023-02-09,Standard,CT,Northeast,Wicked Choccy's,6,Wicked Choccy's → CT,243.5,101,122.3
2023-07-11,2023-07-17,Standard,NJ,Northeast,The Other Factory,6,The Other Factory → NJ,801.47,336,499.07000000000005
2023-10-26,2023-10-30,Expedited,OH,Midwest,Lot's O' Nuts,4,Lot's O' Nuts → OH,1281.12,451,604.6199999999999
2023-04-22,2023-04-27,Standard,NJ,Northeast,Sugar Shack,5,Sugar Shack → NJ,212.12,140,142.12
2023-03-10,2023-03-14,Standard,NC,South,Lot's O' Nuts,4,Lot's O' Nuts → NC,839.2,308,377.20000000000005
2023-09-20,2023-09-26,Standard,NC,South,The Other Factory,6,The Other Factory → NC,469.03,219,271.92999999999995
2023-09-12,2023-09-21,Standard,NC,South,Sugar Shack,9,Sugar Shack → NC,223.82,145,151.32
2023-07-03,2023-07-06,Standard,VA,South,Lot's O' Nuts,3,Lot's O' Nuts → VA,1180.73,412,562.73
2023-04-27,2023-05-04,Standard,CA,West,Lot's O' Nuts,7,Lot's O' Nuts → CA,341.56,110,176.56
2023-05-09,2023-05-15,Expedited,FL,South,Sugar Shack,6,Sugar Shack → FL,22.13,14,15.129999999999999
2023-05-25,2023-05-26,Expedited,NJ,Northeast,Sugar Shack,1,Sugar Shack → NJ,388.1,251,262.6
2023-03-18,2023-03-20,Expedited,OH,Midwest,Secret Factory,2,Secret Factory → OH,596.45,252,344.45000000000005
2023-10-28,2023-10-31,Standard,NJ,Northeast,The Other Factory,3,The Other Factory → NJ,399.87,170,246.87
2023-08-08,2023-08-11,Standard,IN,Midwest,Secret Factory,3,Secret Factory → IN,466.21,201,265.21
2023-03-07,2023-03-10,Expedited,NV,West,Sugar Shack,3,Sugar Shack → NV,259.43,183,167.93
2023-08-06,2023-08-09,Standard,GA,South,Secret Factory,3,Secret Factory → GA,1118.03,482,636.03
2023-06-19,2023-06-25,Standard,NJ,Northeast,The Other Factory,6,The Other Factory → NJ,93.04,42,55.24000000000001
2023-04-07,2023-04-13,Standard,OR,West,Secret Factory,6,Secret Factory → OR,909.01,337,572.01
2023-02-17,2023-02-23,Standard,AZ,West,Wicked Choccy's,6,Wicked Choccy's → AZ,53.9,23,26.299999999999997
2023-02-05,2023-02-08,Standard,FL,South,Secret Factory,3,Secret Factory → FL,551.45,242,309.45000000000005
2023-09-23,2023-09-27,Expedited,MI,Midwest,Lot's O' Nuts,4,Lot's O' Nuts → MI,586.79,210,271.78999999999996
2023-02-26,2023-03-02,Expedited,NJ,Northeast,Wicked Choccy's,4,Wicked Choccy's → NJ,1348.2,499,749.4000000000001
2023-04-16,2023-04-22,Standard,MI,Midwest,Wicked Choccy's,6,Wicked Choccy's → MI,232.22,91,123.02
2023-06-08,2023-06-12,Expedited,WI,Midwest,The Other Factory,4,The Other Factory → WI,312.38,151,176.48
2023-03-15,2023-03-19,Standard,NV,West,Secret Factory,4,Secret Factory → NV,673.63,279,394.63
2023-10-19,2023-10-22,Standard,NJ,Northeast,Secret Factory,3,Secret Factory → NJ,403.98,157,246.98000000000002
2023-08-22,2023-08-31,Standard,NC,South,Sugar Shack,9,Sugar Shack → NC,192.33,137,123.83000000000001
2023-11-13,2023-11-15,Expedited,NJ,Northeast,Secret Factory,2,Secret Factory → NJ,930.09,367,563.09
2023-07-21,2023-07-26,Standard,OH,Midwest,Lot's O' Nuts,5,Lot's O' Nuts → OH,1140.67,351,614.1700000000001
2023-12-24,2023-12-25,Expedited,NJ,Northeast,Wicked Choccy's,1,Wicked Choccy's → NJ,453.08,198,215.48
2023-02-23,2023-02-28,Standard,NC,South,The Other Factory,5,The Other Factory → NC,255.51,116,151.10999999999999
2023-08-25,2023-08-31,Standard,NV,West,Lot's O' Nuts,6,Lot's O' Nuts → NV,1261.86,448,589.8599999999999
2023-01-20,2023-01-22,Expedited,TX,South,Lot's O' Nuts,2,Lot's O' Nuts → TX,549.09,177,283.59000000000003
2023-08-26,2023-09-03,Standard,NY,Northeast,Secret Factory,8,Secret Factory → NY,201.32,81,120.32
2023-05-23,2023-05-27,Standard,IL,Midwest,Wicked Choccy's,4,Wicked Choccy's → IL,369.93,160,177.93
2023-07-20,2023-07-28,Standard,CA,West,Wicked Choccy's,8,Wicked Choccy's → CA,451.42,193,219.82000000000002
2024-01-01,2024-01-04,Standard,IN,Midwest,Lot's O' Nuts,3,Lot's O' Nuts → IN,650.87,209,337.37
2023-08-16,2023-08-20,Expedited,CA,West,Lot's O' Nuts,4,Lot's O' Nuts → CA,652.3,201,350.79999999999995
2023-04-13,2023-04-16,Standard,NV,West,Lot's O' Nuts,3,Lot's O' Nuts → NV,581.0,182,308.0
2023-12-15,2023-12-17,Expedited,IL,Midwest,Lot's O' Nuts,2,Lot's O' Nuts → IL,1064.09,380,494.0899999999999
2023-08-01,2023-08-05,Standard,OR,West,The Other Factory,4,The Other Factory → OR,681.4,329,385.29999999999995
2023-10-05,2023-10-11,Standard,NY,Northeast,Secret Factory,6,Secret Factory → NY,408.94,175,233.94
2023-07-25,2023-07-29,Standard,NV,West,Sugar Shack,4,Sugar Shack → NV,66.54,43,45.040000000000006
2023-05-23,2023-05-27,Standard,TX,South,The Other Factory,4,The Other Factory → TX,464.79,220,266.79
2023-11-03,2023-11-05,Expedited,AZ,West,Secret Factory,2,Secret Factory → AZ,376.67,138,238.67000000000002
2023-11-04,2023-11-09,Standard,PA,Northeast,Sugar Shack,5,Sugar Shack → PA,689.71,445,467.21000000000004
2023-02-04,2023-02-08,Expedited,AZ,West,Sugar Shack,4,Sugar Shack → AZ,308.18,205,205.68
2023-04-30,2023-05-03,Standard,WA,West,The Other Factory,3,The Other Factory → WA,350.11,168,198.91000000000003
2023-08-08,2023-08-17,Standard,CA,West,Wicked Choccy's,9,Wicked Choccy's → CA,262.82,113,127.22
2023-04-15,2023-04-19,Expedited,WI,Midwest,Lot's O' Nuts,4,Lot's O' Nuts → WI,1251.84,388,669.8399999999999
2023-03-10,2023-03-20,Standard,TX,South,Sugar Shack,10,Sugar Shack → TX,534.7,394,337.70000000000005
2023-06-19,2023-06-23,Standard,OH,Midwest,Sugar Shack,4,Sugar Shack → OH,653.61,420,443.61
2023-04-24,2023-04-30,Standard,CT,Northeast,The Other Factory,6,The Other Factory → CT,658.24,332,359.44
2023-09-09,2023-09-13,Standard,IL,Midwest,Lot's O' Nuts,4,Lot's O' Nuts → IL,1383.04,490,648.04
2023-02-16,2023-02-22,Standard,OH,Midwest,Wicked Choccy's,6,Wicked Choccy's → OH,946.23,381,489.03000000000003
2023-03-26,2023-03-30,Standard,IN,Midwest,Wicked Choccy's,4,Wicked Choccy's → IN,394.79,165,196.79000000000002
2023-08-18,2023-08-23,Standard,NC,South,Wicked Choccy's,5,Wicked Choccy's → NC,519.48,213,263.88
2023-08-30,2023-09-05,Standard,CT,Northeast,Secret Factory,6,Secret Factory → CT,928.85,399,529.85
2023-09-04,2023-09-07,Expedited,NJ,Northeast,Lot's O' Nuts,3,Lot's O' Nuts → NJ,949.01,314,478.01
2023-10-11,2023-10-17,Standard,NC,South,Wicked Choccy's,6,Wicked Choccy's → NC,377.82,155,191.82
2023-11-07,2023-11-13,Standard,OR,West,Secret Factory,6,Secret Factory → OR,256.01,110,146.01
2023-04-08,2023-04-11,Expedited,AZ,West,Lot's O' Nuts,3,Lot's O' Nuts → AZ,768.05,261,376.54999999999995
2023-08-01,2023-08-04,Standard,NC,South,Secret Factory,3,Secret Factory → NC,589.66,219,370.65999999999997
2023-03-05,2023-03-08,Expedited,OH,Midwest,Secret Factory,3,Secret Factory → OH,1093.44,404,689.44
2023-06-28,2023-07-04,Standard,MA,Northeast,The Other Factory,6,The Other Factory → MA,1048.62,484,613.0199999999999
2023-05-07,2023-05-11,Expedited,NY,Northeast,Wicked Choccy's,4,Wicked Choccy's → NY,947.9,367,507.5
2023-03-17,2023-03-21,Standard,PA,Northeast,Sugar Shack,4,Sugar Shack → PA,22.16,16,14.16
2023-02-17,2023-02-18,Expedited,CT,Northeast,Secret Factory,1,Secret Factory → CT,743.87,275,468.87
2023-08-05,2023-08-11,Standard,MA,Northeast,Wicked Choccy's,6,Wicked Choccy's → MA,745.24,310,373.24
2023-07-30,2023-08-02,Expedited,AZ,West,Lot's O' Nuts,3,Lot's O' Nuts → AZ,1186.68,426,547.6800000000001
2023-04-18,2023-04-22,Expedited,TX,South,Secret Factory,4,Secret Factory → TX,22.98,10,12.98
2023-12-23,2023-12-25,Expedited,MA,Northeast,Secret Factory,2,Secret Factory → MA,243.73,100,143.73
2023-12-27,2023-12-30,Standard,IN,Midwest,Wicked Choccy's,3,Wicked Choccy's → IN,608.05,240,320.04999999999995
2023-04-19,2023-04-21,Expedited,IL,Midwest,Wicked Choccy's,2,Wicked Choccy's → IL,389.29,142,218.89000000000001
2023-07-29,2023-08-01,Standard,WA,West,Secret Factory,3,Secret Factory → WA,469.41,203,266.41
2023-02-02,2023-02-08,Standard,AZ,West,Sugar Shack,6,Sugar Shack → AZ,558.67,354,381.66999999999996
2023-01-05,2023-01-08,Standard,TX,South,Lot's O' Nuts,3,Lot's O' Nuts → TX,166.77,59,78.27000000000001
2023-01-04,2023-01-09,Standard,NC,South,Secret Factory,5,Secret Factory → NC,786.25,319,467.25
2023-07-09,2023-07-18,Expedited,FL,South,Sugar Shack,9,Sugar Shack → FL,440.23,322,279.23
2023-07-02,2023-07-10,Standard,CA,West,Sugar Shack,8,Sugar Shack → CA,35.2,23,23.700000000000003
2023-09-29,2023-10-05,Standard,MI,Midwest,Sugar Shack,6,Sugar Shack → MI,402.39,273,265.89
2023-04-07,2023-04-10,Standard,TX,South,Lot's O' Nuts,3,Lot's O' Nuts → TX,1328.85,423,694.3499999999999
2023-12-14,2023-12-17,Standard,WI,Midwest,Secret Factory,3,Secret Factory → WI,463.22,188,275.22
2023-09-01,2023-09-05,Standard,MA,Northeast,Lot's O' Nuts,4,Lot's O' Nuts → MA,1370.47,455,687.97
2023-10-20,2023-10-23,Standard,WA,West,The Other Factory,3,The Other Factory → WA,384.78,164,237.17999999999998
2023-10-08,2023-10-12,Expedited,IN,Midwest,Secret Factory,4,Secret Factory → IN,879.6,349,530.6
2023-05-05,2023-05-08,Standard,IL,Midwest,Wicked Choccy's,3,Wicked Choccy's → IL,249.73,92,139.32999999999998
2023-06-17,2023-06-21,Expedited,FL,South,Secret Factory,4,Secret Factory → FL,1341.28,497,844.28
2023-03-05,2023-03-10,Expedited,NY,Northeast,Wicked Choccy's,5,Wicked Choccy's → NY,1236.0,487,651.6
2023-11-04,2023-11-08,Expedited,NC,South,Lot's O' Nuts,4,Lot's O' Nuts → NC,1061.33,344,545.3299999999999
2023-10-15,2023-10-20,Standard,OH,Midwest,Secret Factory,5,Secret Factory → OH,124.51,54,70.51
2023-06-24,2023-06-28,Standard,IL,Midwest,The Other Factory,4,The Other Factory → IL,944.58,446,543.1800000000001
2023-07-14,2023-07-18,Standard,OR,West,The Other Factory,4,The Other Factory → OR,952.8,443,554.0999999999999
2023-08-05,2023-08-11,Standard,FL,South,Sugar Shack,6,Sugar Shack → FL,286.78,212,180.77999999999997
2023-08-24,2023-08-28,Expedited,MI,Midwest,Sugar Shack,4,Sugar Shack → MI,532.25,358,353.25
2023-11-04,2023-11-09,Standard,IL,Midwest,Sugar Shack,5,Sugar Shack → IL,439.78,267,306.28
2023-03-05,2023-03-11,Standard,PA,Northeast,Sugar Shack,6,Sugar Shack → PA,65.77,40,45.769999999999996
2023-06-20,2023-06-21,Expedited,OH,Midwest,Wicked Choccy's,1,Wicked Choccy's → OH,1293.07,482,714.67
2023-04-02,2023-04-04,Expedited,MA,Northeast,Secret Factory,2,Secret Factory → MA,53.0,21,32.0
2023-06-22,2023-06-26,Expedited,MA,Northeast,Secret Factory,4,Secret Factory → MA,115.64,46,69.64
2023-05-25,2023-05-29,Standard,WI,Midwest,Sugar Shack,4,Sugar Shack → WI,275.74,175,188.24
2023-10-25,2023-10-29,Standard,NC,South,Lot's O' Nuts,4,Lot's O' Nuts → NC,735.75,236,381.75
2023-05-30,2023-06-01,Expedited,OH,Midwest,Wicked Choccy's,2,Wicked Choccy's → OH,994.19,386,530.99
2023-07-05,2023-07-11,Standard,WA,West,The Other Factory,6,The Other Factory → WA,839.07,357,517.77
2023-01-29,2023-02-01,Standard,NC,South,Lot's O' Nuts,3,Lot's O' Nuts → NC,230.17,70,125.16999999999999
2023-11-29,2023-12-05,Standard,PA,Northeast,Sugar Shack,6,Sugar Shack → PA,183.63,135,116.13
2023-05-04,2023-05-08,Standard,MA,Northeast,Secret Factory,4,Secret Factory → MA,902.17,344,558.17
2023-12-21,2023-12-27,Standard,NJ,Northeast,Lot's O' Nuts,6,Lot's O' Nuts → NJ,535.98,198,238.98000000000002
2023-03-01,2023-03-05,Standard,NV,West,Lot's O' Nuts,4,Lot's O' Nuts → NV,64.09,21,32.59
2023-10-21,2023-10-23,Expedited,TX,South,Secret Factory,2,Secret Factory → TX,513.37,206,307.37
2023-11-27,2023-12-02,Standard,VA,South,Secret Factory,5,Secret Factory → VA,109.49,42,67.49
2023-10-03,2023-10-10,Standard,NY,Northeast,Wicked Choccy's,7,Wicked Choccy's → NY,733.86,275,403.86
2023-10-03,2023-10-07,Standard,IL,Midwest,Lot's O' Nuts,4,Lot's O' Nuts → IL,36.39,12,18.39
2023-06-10,2023-06-14,Standard,WA,West,Lot's O' Nuts,4,Lot's O' Nuts → WA,164.02,54,83.02000000000001
2023-01-18,2023-01-22,Standard,AZ,West,Lot's O' Nuts,4,Lot's O' Nuts → AZ,742.7,226,403.70000000000005
2023-12-03,2023-12-08,Standard,MI,Midwest,Lot's O' Nuts,5,Lot's O' Nuts → MI,1048.1,347,527.5999999999999
2023-03-13,2023-03-18,Standard,MA,Northeast,The Other Factory,5,The Other Factory → MA,709.38,320,421.38
2023-04-18,2023-04-22,Standard,WA,West,Lot's O' Nuts,4,Lot's O' Nuts → WA,523.83,163,279.33000000000004
2023-04-21,2023-04-25,Standard,WI,Midwest,Wicked Choccy's,4,Wicked Choccy's → WI,980.92,383,521.3199999999999
2023-02-08,2023-02-12,Standard,GA,South,The Other Factory,4,The Other Factory → GA,466.66,214,274.06000000000006
2023-05-11,2023-05-16,Standard,WI,Midwest,Secret Factory,5,Secret Factory → WI,867.87,334,533.87
2023-04-09,2023-04-12,Expedited,IN,Midwest,Sugar Shack,3,Sugar Shack → IN,611.28,413,404.78
2023-01-14,2023-01-17,Standard,IL,Midwest,The Other Factory,3,The Other Factory → IL,799.66,360,475.65999999999997
2023-02-03,2023-02-06,Expedited,OR,West,Sugar Shack,3,Sugar Shack → OR,135.3,84,93.30000000000001
2023-04-26,2023-05-04,Standard,CA,West,Sugar Shack,8,Sugar Shack → CA,686.61,497,438.11
2023-03-05,2023-03-09,Expedited,VA,South,Wicked Choccy's,4,Wicked Choccy's → VA,145.84,58,76.24000000000001
2023-12-25,2023-12-28,Standard,VA,South,The Other Factory,3,The Other Factory → VA,938.52,469,516.42
2023-06-12,2023-06-16,Expedited,MI,Midwest,Secret Factory,4,Secret Factory → MI,646.72,254,392.72
2023-05-13,2023-05-18,Standard,OH,Midwest,Lot's O' Nuts,5,Lot's O' Nuts → OH,120.29,37,64.79
2023-11-24,2023-11-30,Standard,WI,Midwest,Sugar Shack,6,Sugar Shack → WI,152.61,103,101.11000000000001
2023-07-01,2023-07-03,Expedited,GA,South,Secret Factory,2,Secret Factory → GA,426.26,166,260.26
2023-02-14,2023-02-15,Expedited,MA,Northeast,Sugar Shack,1,Sugar Shack → MA,76.88,49,52.379999999999995
2023-02-17,2023-02-22,Expedited,CA,West,Wicked Choccy's,5,Wicked Choccy's → CA,1218.69,495,624.69
2023-09-18,2023-09-21,Standard,NJ,Northeast,Wicked Choccy's,3,Wicked Choccy's → NJ,489.76,217,229.36
2023-04-08,2023-04-10,Expedited,CT,Northeast,Lot's O' Nuts,2,Lot's O' Nuts → CT,1201.52,388,619.52
2023-09-28,2023-10-02,Standard,AZ,West,The Other Factory,4,The Other Factory → AZ,848.19,355,528.69
2023-09-26,2023-09-30,Standard,IL,Midwest,Wicked Choccy's,4,Wicked Choccy's → IL,662.47,273,334.87
2023-01-27,2023-01-30,Standard,NJ,Northeast,Secret Factory,3,Secret Factory → NJ,495.39,183,312.39
2023-05-08,2023-05-13,Standard,OR,West,The Other Factory,5,The Other Factory → OR,300.69,145,170.19
2023-11-20,2023-11-21,Expedited,PA,Northeast,The Other Factory,1,The Other Factory → PA,1065.67,488,626.47
2023-11-13,2023-11-19,Standard,OR,West,Secret Factory,6,Secret Factory → OR,427.05,178,249.05
2023-02-24,2023-02-27,Standard,FL,South,Lot's O' Nuts,3,Lot's O' Nuts → FL,180.47,61,88.97
2023-04-12,2023-04-18,Standard,IN,Midwest,Lot's O' Nuts,6,Lot's O' Nuts → IN,36.31,13,16.810000000000002
2023-12-03,2023-12-08,Standard,IN,Midwest,Sugar Shack,5,Sugar Shack → IN,289.79,196,191.79000000000002
2023-04-04,2023-04-08,Expedited,TX,South,The Other Factory,4,The Other Factory → TX,187.82,92,105.02
2023-08-11,2023-08-16,Standard,FL,South,Lot's O' Nuts,5,Lot's O' Nuts → FL,83.41,30,38.41
2023-08-04,2023-08-10,Standard,WA,West,Sugar Shack,6,Sugar Shack → WA,575.71,350,400.71000000000004
2023-03-02,2023-03-06,Standard,CT,Northeast,Secret Factory,4,Secret Factory → CT,462.1,176,286.1
2023-07-24,2023-07-27,Standard,PA,Northeast,The Other Factory,3,The Other Factory → PA,825.56,415,452.05999999999995
2023-03-21,2023-03-26,Standard,WA,West,Sugar Shack,5,Sugar Shack → WA,376.23,229,261.73
2023-01-05,2023-01-08,Standard,MA,Northeast,Secret Factory,3,Secret Factory → MA,983.33,399,584.33
2023-11-13,2023-11-16,Standard,OH,Midwest,Wicked Choccy's,3,Wicked Choccy's → OH,1076.56,452,534.16
2023-12-25,2023-12-28,Standard,PA,Northeast,Wicked Choccy's,3,Wicked Choccy's → PA,962.4,368,520.8
2023-11-09,2023-11-13,Standard,WI,Midwest,Wicked Choccy's,4,Wicked Choccy's → WI,293.4,127,140.99999999999997
2023-07-25,2023-07-29,Expedited,FL,South,Lot's O' Nuts,4,Lot's O' Nuts → FL,58.33,19,29.83
2023-02-16,2023-02-20,Standard,NJ,Northeast,Lot's O' Nuts,4,Lot's O' Nuts → NJ,356.91,123,172.41000000000003
2023-09-03,2023-09-11,Standard,NY,Northeast,Lot's O' Nuts,8,Lot's O' Nuts → NY,499.67,153,270.17
2023-12-31,2024-01-02,Expedited,MI,Midwest,Secret Factory,2,Secret Factory → MI,67.51,30,37.510000000000005
2023-12-05,2023-12-08,Standard,MI,Midwest,Sugar Shack,3,Sugar Shack → MI,323.25,230,208.25
2023-09-09,2023-09-15,Standard,GA,South,Sugar Shack,6,Sugar Shack → GA,261.01,179,171.51
2023-07-05,2023-07-09,Standard,FL,South,The Other Factory,4,The Other Factory → FL,664.04,309,385.93999999999994
2023-02-24,2023-03-02,Standard,CA,West,Wicked Choccy's,6,Wicked Choccy's → CA,914.97,370,470.97
2023-02-20,2023-02-22,Expedited,GA,South,Lot's O' Nuts,2,Lot's O' Nuts → GA,886.49,283,461.99
2023-01-23,2023-01-28,Standard,IN,Midwest,Wicked Choccy's,5,Wicked Choccy's → IN,1252.86,466,693.6599999999999
2023-10-14,2023-10-22,Standard,NC,South,Sugar Shack,8,Sugar Shack → NC,65.77,44,43.769999999999996
2023-09-26,2023-09-30,Standard,WA,West,The Other Factory,4,The Other Factory → WA,316.0,158,173.8
2023-10-17,2023-10-20,Standard,IN,Midwest,Lot's O' Nuts,3,Lot's O' Nuts → IN,278.49,94,137.49
2023-09-18,2023-09-22,Standard,NJ,Northeast,Secret Factory,4,Secret Factory → NJ,234.19,104,130.19
2023-10-20,2023-10-25,Standard,AZ,West,Wicked Choccy's,5,Wicked Choccy's → AZ,441.58,165,243.57999999999998
2023-06-01,2023-06-05,Standard,WA,West,Sugar Shack,4,Sugar Shack → WA,216.51,159,137.01
2023-03-17,2023-03-18,Expedited,MI,Midwest,Sugar Shack,1,Sugar Shack → MI,555.67,338,386.66999999999996
2023-04-18,2023-04-26,Standard,CA,West,The Other Factory,8,The Other Factory → CA,124.61,52,77.81
2023-10-09,2023-10-12,Expedited,IN,Midwest,Sugar Shack,3,Sugar Shack → IN,289.62,176,201.62
2023-11-17,2023-11-20,Expedited,FL,South,Lot's O' Nuts,3,Lot's O' Nuts → FL,285.36,100,135.36
2023-01-09,2023-01-12,Expedited,NV,West,The Other Factory,3,The Other Factory → NV,1026.27,455,616.77
2023-11-06,2023-11-11,Standard,IN,Midwest,The Other Factory,5,The Other Factory → IN,254.9,114,152.3
2023-07-22,2023-07-26,Expedited,PA,Northeast,Wicked Choccy's,4,Wicked Choccy's → PA,460.19,198,222.59
2023-09-03,2023-09-07,Standard,PA,Northeast,Lot's O' Nuts,4,Lot's O' Nuts → PA,322.43,106,163.43
2023-04-03,2023-04-07,Standard,OR,West,Sugar Shack,4,Sugar Shack → OR,628.41,428,414.40999999999997
2023-11-08,2023-11-12,Standard,WA,West,Wicked Choccy's,4,Wicked Choccy's → WA,654.5,242,364.1
2023-07-26,2023-08-01,Standard,IL,Midwest,Lot's O' Nuts,6,Lot's O' Nuts → IL,558.76,206,249.76
2023-01-07,2023-01-10,Expedited,OH,Midwest,Lot's O' Nuts,3,Lot's O' Nuts → OH,270.84,83,146.33999999999997
2023-11-04,2023-11-10,Standard,CA,West,Lot's O' Nuts,6,Lot's O' Nuts → CA,314.54,113,145.04000000000002
2023-10-16,2023-10-20,Standard,MI,Midwest,Secret Factory,4,Secret Factory → MI,305.24,134,171.24
2023-12-21,2023-12-25,Expedited,CA,West,Sugar Shack,4,Sugar Shack → CA,93.21,62,62.209999999999994
2023-08-01,2023-08-07,Standard,WA,West,Wicked Choccy's,6,Wicked Choccy's → WA,481.0,207,232.6
2023-12-02,2023-12-05,Standard,IN,Midwest,Sugar Shack,3,Sugar Shack → IN,365.63,261,235.13
2023-02-26,2023-03-03,Standard,OR,West,Wicked Choccy's,5,Wicked Choccy's → OR,170.12,70,86.12
2023-02-13,2023-02-18,Standard,OH,Midwest,Lot's O' Nuts,5,Lot's O' Nuts → OH,890.4,317,414.9
2023-08-06,2023-08-09,Expedited,VA,South,Wicked Choccy's,3,Wicked Choccy's → VA,1054.3,458,504.69999999999993
2023-09-13,2023-09-18,Expedited,TX,South,Sugar Shack,5,Sugar Shack → TX,241.22,173,154.72
2023-08-17,2023-08-24,Standard,CA,West,Secret Factory,7,Secret Factory → CA,135.05,56,79.05000000000001
2023-03-07,2023-03-13,Standard,MA,Northeast,Wicked Choccy's,6,Wicked Choccy's → MA,664.76,256,357.56
2023-07-31,2023-08-02,Expedited,FL,South,The Other Factory,2,The Other Factory → FL,445.83,206,260.42999999999995
2023-09-12,2023-09-16,Standard,CT,Northeast,The Other Factory,4,The Other Factory → CT,415.46,206,230.05999999999997
2023-08-04,2023-08-07,Standard,IL,Midwest,The Other Factory,3,The Other Factory → IL,275.57,114,172.97
2023-01-09,2023-01-10,Expedited,PA,Northeast,Sugar Shack,1,Sugar Shack → PA,692.49,476,454.49
2023-03-13,2023-03-17,Expedited,PA,Northeast,Sugar Shack,4,Sugar Shack → PA,189.37,134,122.37
2023-04-25,2023-04-27,Expedited,IL,Midwest,Lot's O' Nuts,2,Lot's O' Nuts → IL,637.39,203,332.89
2023-12-23,2023-12-24,Expedited,TX,South,Secret Factory,1,Secret Factory → TX,677.85,254,423.85
2023-03-22,2023-03-26,Standard,MI,Midwest,Lot's O' Nuts,4,Lot's O' Nuts → MI,132.67,49,59.16999999999999
2023-08-02,2023-08-05,Expedited,IN,Midwest,Wicked Choccy's,3,Wicked Choccy's → IN,613.94,250,313.94000000000005
2023-06-22,2023-06-25,Standard,OR,West,Secret Factory,3,Secret Factory → OR,1185.34,461,724.3399999999999
2023-11-06,2023-11-12,Standard,IL,Midwest,Wicked Choccy's,6,Wicked Choccy's → IL,975.24,358,545.64
2023-08-21,2023-08-25,Standard,VA,South,The Other Factory,4,The Other Factory → VA,540.1,226,336.70000000000005
2023-05-20,2023-05-24,Expedited,PA,Northeast,Lot's O' Nuts,4,Lot's O' Nuts → PA,891.15,326,402.15
2023-07-20,2023-07-26,Standard,NV,West,Wicked Choccy's,6,Wicked Choccy's → NV,1056.62,433,537.0199999999999
2023-01-28,2023-01-31,Standard,PA,Northeast,Sugar Shack,3,Sugar Shack → PA,71.48,49,46.980000000000004
2023-06-21,2023-06-24,Standard,MI,Midwest,Lot's O' Nuts,3,Lot's O' Nuts → MI,121.57,43,57.06999999999999
2023-01-06,2023-01-09,Standard,WI,Midwest,Sugar Shack,3,Sugar Shack → WI,190.29,133,123.78999999999999
2023-10-19,2023-10-23,Expedited,AZ,West,The Other Factory,4,The Other Factory → AZ,66.04,33,36.34
2023-02-17,2023-02-21,Expedited,OR,West,Sugar Shack,4,Sugar Shack → OR,374.65,266,241.64999999999998
2023-07-20,2023-07-23,Standard,IL,Midwest,Sugar Shack,3,Sugar Shack → IL,425.13,267,291.63
2023-03-18,2023-03-21,Standard,NJ,Northeast,Lot's O' Nuts,3,Lot's O' Nuts → NJ,441.88,158,204.88
2023-12-16,2023-12-20,Expedited,CA,West,Secret Factory,4,Secret Factory → CA,1095.88,423,672.8800000000001
2023-03-14,2023-03-17,Expedited,NC,South,Wicked Choccy's,3,Wicked Choccy's → NC,383.96,158,194.35999999999999
2023-08-09,2023-08-12,Standard,PA,Northeast,Lot's O' Nuts,3,Lot's O' Nuts → PA,1395.72,500,645.72
2023-11-18,2023-11-24,Standard,CA,West,Secret Factory,6,Secret Factory → CA,608.72,265,343.72
2023-06-10,2023-06-15,Standard,FL,South,Wicked Choccy's,5,Wicked Choccy's → FL,435.98,190,207.98000000000002
2023-04-02,2023-04-06,Expedited,NC,South,Secret Factory,4,Secret Factory → NC,927.53,342,585.53
2023-03-05,2023-03-14,Standard,NY,Northeast,The Other Factory,9,The Other Factory → NY,516.2,219,319.1
2023-12-15,2023-12-20,Standard,MA,Northeast,Wicked Choccy's,5,Wicked Choccy's → MA,460.64,201,219.44
2023-07-31,2023-08-01,Expedited,MA,Northeast,The Other Factory,1,The Other Factory → MA,788.09,327,493.79
2023-01-30,2023-02-02,Expedited,WA,West,Wicked Choccy's,3,Wicked Choccy's → WA,470.48,202,228.08
2023-07-24,2023-07-25,Expedited,IN,Midwest,Lot's O' Nuts,1,Lot's O' Nuts → IN,560.15,188,278.15
2023-11-25,2023-12-02,Standard,NY,Northeast,The Other Factory,7,The Other Factory → NY,874.74,403,512.04
2023-07-25,2023-07-31,Standard,OR,West,Sugar Shack,6,Sugar Shack → OR,184.16,118,125.16
2023-09-01,2023-09-05,Standard,NC,South,Lot's O' Nuts,4,Lot's O' Nuts → NC,1476.08,495,733.5799999999999
2023-11-24,2023-11-30,Standard,VA,South,Wicked Choccy's,6,Wicked Choccy's → VA,111.45,41,62.25
2023-07-05,2023-07-08,Standard,PA,Northeast,Secret Factory,3,Secret Factory → PA,1306.77,497,809.77
2023-08-05,2023-08-12,Standard,FL,South,Sugar Shack,7,Sugar Shack → FL,298.27,217,189.76999999999998
2023-12-31,2024-01-05,Standard,CT,Northeast,Secret Factory,5,Secret Factory → CT,277.19,104,173.19
2023-02-17,2023-02-22,Standard,GA,South,Secret Factory,5,Secret Factory → GA,1210.1,492,718.0999999999999
2023-09-01,2023-09-07,Standard,IN,Midwest,The Other Factory,6,The Other Factory → IN,855.26,431,467.36
2023-11-02,2023-11-07,Standard,AZ,West,Wicked Choccy's,5,Wicked Choccy's → AZ,960.11,350,540.11
2023-06-12,2023-06-16,Expedited,IN,Midwest,Lot's O' Nuts,4,Lot's O' Nuts → IN,1306.21,452,628.21
2023-12-12,2023-12-16,Expedited,VA,South,Secret Factory,4,Secret Factory → VA,1311.8,492,819.8
2023-03-06,2023-03-14,Standard,CA,West,Secret Factory,8,Secret Factory → CA,923.43,366,557.43
2023-03-27,2023-03-31,Standard,PA,Northeast,The Other Factory,4,The Other Factory → PA,797.47,357,476.17
2023-01-08,2023-01-15,Standard,TX,South,Sugar Shack,7,Sugar Shack → TX,551.9,368,367.9
2023-08-22,2023-08-28,Standard,MA,Northeast,Secret Factory,6,Secret Factory → MA,758.16,277,481.15999999999997
2023-06-21,2023-06-25,Standard,IN,Midwest,Lot's O' Nuts,4,Lot's O' Nuts → IN,895.68,293,456.17999999999995
2023-10-05,2023-10-09,Expedited,MA,Northeast,Secret Factory,4,Secret Factory → MA,798.8,334,464.79999999999995
2023-11-14,2023-11-21,Standard,CA,West,Lot's O' Nuts,7,Lot's O' Nuts → CA,188.86,63,94.36000000000001
2023-11-16,2023-11-19,Standard,NV,West,The Other Factory,3,The Other Factory → NV,739.75,351,423.85
2023-08-04,2023-08-07,Standard,IN,Midwest,Wicked Choccy's,3,Wicked Choccy's → IN,294.6,110,162.60000000000002
2023-03-05,2023-03-09,Expedited,NJ,Northeast,Sugar Shack,4,Sugar Shack → NJ,21.21,13,14.71
2023-04-25,2023-04-28,Expedited,GA,South,The Other Factory,3,The Other Factory → GA,392.27,167,241.96999999999997
2023-08-01,2023-08-04,Standard,NV,West,Wicked Choccy's,3,Wicked Choccy's → NV,232.78,88,127.18
2023-09-23,2023-09-29,Standard,GA,South,The Other Factory,6,The Other Factory → GA,295.86,133,176.16000000000003
2023-07-20,2023-07-26,Expedited,NY,Northeast,Wicked Choccy's,6,Wicked Choccy's → NY,1258.39,490,670.3900000000001
2023-03-30,2023-04-03,Standard,VA,South,Secret Factory,4,Secret Factory → VA,156.3,60,96.30000000000001
2023-03-06,2023-03-09,Expedited,AZ,West,The Other Factory,3,The Other Factory → AZ,973.8,438,579.5999999999999
2023-06-15,2023-06-20,Standard,CA,West,Wicked Choccy's,5,Wicked Choccy's → CA,61.42,24,32.620000000000005
2023-10-06,2023-10-12,Expedited,NY,Northeast,Lot's O' Nuts,6,Lot's O' Nuts → NY,1028.35,334,527.3499999999999
2023-07-03,2023-07-07,Standard,OH,Midwest,Wicked Choccy's,4,Wicked Choccy's → OH,1005.85,381,548.6500000000001
2023-07-13,2023-07-17,Standard,OR,West,Sugar Shack,4,Sugar Shack → OR,449.15,331,283.65
2023-10-24,2023-10-25,Expedited,NV,West,Lot's O' Nuts,1,Lot's O' Nuts → NV,178.25,64,82.25
2023-05-15,2023-05-22,Standard,CA,West,Wicked Choccy's,7,Wicked Choccy's → CA,483.07,210,231.07
2023-01-12,2023-01-13,Expedited,NV,West,Secret Factory,1,Secret Factory → NV,303.46,117,186.45999999999998
2023-07-12,2023-07-15,Standard,PA,Northeast,Sugar Shack,3,Sugar Shack → PA,662.5,472,426.5
2023-10-18,2023-10-25,Expedited,CA,West,The Other Factory,7,The Other Factory → CA,727.05,324,435.44999999999993
2023-01-03,2023-01-06,Standard,TX,South,Wicked Choccy's,3,Wicked Choccy's → TX,642.27,284,301.46999999999997
2023-09-20,2023-09-24,Standard,MI,Midwest,Wicked Choccy's,4,Wicked Choccy's → MI,60.34,25,30.340000000000003
2023-04-23,2023-04-27,Standard,MI,Midwest,Lot's O' Nuts,4,Lot's O' Nuts → MI,1372.08,498,625.0799999999999
2023-12-29,2024-01-02,Expedited,NC,South,The Other Factory,4,The Other Factory → NC,513.9,233,304.2
2023-07-24,2023-07-29,Standard,FL,South,Wicked Choccy's,5,Wicked Choccy's → FL,485.61,211,232.41000000000003
2023-10-28,2023-11-01,Expedited,OH,Midwest,Sugar Shack,4,Sugar Shack → OH,373.03,231,257.53
2023-08-05,2023-08-11,Standard,GA,South,The Other Factory,6,The Other Factory → GA,473.54,229,267.44000000000005
2023-06-30,2023-07-03,Standard,NV,West,Sugar Shack,3,Sugar Shack → NV,751.7,500,501.70000000000005
2023-10-28,2023-10-31,Expedited,VA,South,Secret Factory,3,Secret Factory → VA,482.44,213,269.44
2023-04-03,2023-04-06,Standard,PA,Northeast,Sugar Shack,3,Sugar Shack → PA,185.65,120,125.65
2023-07-10,2023-07-13,Standard,TX,South,Wicked Choccy's,3,Wicked Choccy's → TX,910.24,377,457.84000000000003
2023-08-27,2023-09-02,Standard,FL,South,The Other Factory,6,The Other Factory → FL,347.94,155,208.44
2023-09-27,2023-09-30,Standard,AZ,West,Wicked Choccy's,3,Wicked Choccy's → AZ,816.99,303,453.39
2023-08-04,2023-08-07,Standard,GA,South,Secret Factory,3,Secret Factory → GA,1048.73,420,628.73
2023-01-24,2023-01-31,Standard,NY,Northeast,Sugar Shack,7,Sugar Shack → NY,457.04,312,301.04
2023-10-23,2023-10-26,Standard,TX,South,Lot's O' Nuts,3,Lot's O' Nuts → TX,1417.08,476,703.0799999999999
2023-03-09,2023-03-10,Expedited,AZ,West,Secret Factory,1,Secret Factory → AZ,468.17,182,286.17
2023-02-05,2023-02-08,Expedited,NV,West,Secret Factory,3,Secret Factory → NV,451.82,172,279.82
2023-07-24,2023-07-30,Standard,NC,South,Lot's O' Nuts,6,Lot's O' Nuts → NC,505.1,162,262.1
2023-08-21,2023-08-22,Expedited,OR,West,Secret Factory,1,Secret Factory → OR,56.69,24,32.69
2023-01-06,2023-01-10,Expedited,OR,West,Wicked Choccy's,4,Wicked Choccy's → OR,291.89,125,141.89
2023-04-08,2023-04-12,Standard,CA,West,Sugar Shack,4,Sugar Shack → CA,55.56,34,38.56
2023-02-08,2023-02-16,Expedited,VA,South,Sugar Shack,8,Sugar Shack → VA,514.2,367,330.70000000000005
2023-03-12,2023-03-20,Standard,NY,Northeast,The Other Factory,8,The Other Factory → NY,731.33,336,428.93000000000006
2023-03-04,2023-03-10,Standard,WI,Midwest,The Other Factory,6,The Other Factory → WI,324.61,153,186.91000000000003
2023-09-05,2023-09-06,Expedited,OR,West,Wicked Choccy's,1,Wicked Choccy's → OR,480.56,190,252.56
2023-05-05,2023-05-08,Expedited,CA,West,Wicked Choccy's,3,Wicked Choccy's → CA,41.36,16,22.16
2023-08-28,2023-09-01,Standard,IN,Midwest,Secret Factory,4,Secret Factory → IN,1084.28,426,658.28
2023-09-28,2023-09-30,Expedited,GA,South,The Other Factory,2,The Other Factory → GA,977.68,444,578.0799999999999
2023-03-08,2023-03-10,Expedited,NC,South,Wicked Choccy's,2,Wicked Choccy's → NC,1002.09,409,511.29
2023-02-05,2023-02-08,Standard,PA,Northeast,Sugar Shack,3,Sugar Shack → PA,126.5,85,84.0
2023-02-24,2023-02-26,Expedited,IL,Midwest,Lot's O' Nuts,2,Lot's O' Nuts → IL,396.7,146,177.7
2023-12-05,2023-12-08,Standard,MA,Northeast,The Other Factory,3,The Other Factory → MA,414.44,191,242.54
2023-03-19,2023-03-25,Standard,CT,Northeast,Secret Factory,6,Secret Factory → CT,362.8,149,213.8
2023-01-26,2023-02-01,Standard,PA,Northeast,Secret Factory,6,Secret Factory → PA,254.7,100,154.7
2023-09-29,2023-10-02,Standard,CT,Northeast,The Other Factory,3,The Other Factory → CT,710.44,340,404.44000000000005
2023-02-26,2023-03-03,Expedited,CA,West,Wicked Choccy's,5,Wicked Choccy's → CA,108.19,43,56.589999999999996
2023-05-22,2023-05-26,Standard,NJ,Northeast,Wicked Choccy's,4,Wicked Choccy's → NJ,1024.88,385,562.8800000000001
2023-12-21,2023-12-25,Standard,PA,Northeast,Sugar Shack,4,Sugar Shack → PA,288.18,187,194.68
2023-12-28,2024-01-03,Standard,TX,South,The Other Factory,6,The Other Factory → TX,820.36,388,471.16
2023-12-19,2023-12-23,Standard,MI,Midwest,Wicked Choccy's,4,Wicked Choccy's → MI,253.69,105,127.69
2023-08-22,2023-08-25,Standard,NV,West,Wicked Choccy's,3,Wicked Choccy's → NV,273.72,100,153.72000000000003
2023-02-09,2023-02-15,Standard,AZ,West,Wicked Choccy's,6,Wicked Choccy's → AZ,693.15,308,323.54999999999995
2023-05-07,2023-05-12,Expedited,CA,West,Secret Factory,5,Secret Factory → CA,695.44,278,417.44000000000005
2023-03-17,2023-03-20,Expedited,OR,West,Lot's O' Nuts,3,Lot's O' Nuts → OR,721.65,241,360.15
2023-06-29,2023-07-05,Standard,NC,South,The Other Factory,6,The Other Factory → NC,37.51,16,23.11
2023-06-04,2023-06-09,Standard,NY,Northeast,Sugar Shack,5,Sugar Shack → NY,353.51,220,243.51
2023-12-04,2023-12-10,Standard,NC,South,Wicked Choccy's,6,Wicked Choccy's → NC,456.51,194,223.70999999999998
2023-02-15,2023-02-21,Expedited,NY,Northeast,Wicked Choccy's,6,Wicked Choccy's → NY,392.25,145,218.25
2023-06-28,2023-07-03,Standard,CT,Northeast,Sugar Shack,5,Sugar Shack → CT,236.4,168,152.4
2023-10-24,2023-10-30,Standard,VA,South,The Other Factory,6,The Other Factory → VA,721.8,300,451.79999999999995
2023-06-27,2023-07-05,Standard,CA,West,Sugar Shack,8,Sugar Shack → CA,499.43,358,320.43
2023-05-29,2023-06-01,Standard,MI,Midwest,The Other Factory,3,The Other Factory → MI,883.96,419,506.86
2023-08-21,2023-08-22,Expedited,MI,Midwest,Lot's O' Nuts,1,Lot's O' Nuts → MI,110.74,37,55.239999999999995
2023-01-03,2023-01-07,Standard,TX,South,Secret Factory,4,Secret Factory → TX,508.29,189,319.29
2023-09-15,2023-09-17,Expedited,IL,Midwest,The Other Factory,2,The Other Factory → IL,795.63,385,449.13
2023-10-27,2023-11-01,Standard,FL,South,Lot's O' Nuts,5,Lot's O' Nuts → FL,436.62,137,231.12
2023-11-23,2023-11-24,Expedited,NJ,Northeast,Secret Factory,1,Secret Factory → NJ,1111.75,467,644.75
2023-06-04,2023-06-09,Standard,FL,South,The Other Factory,5,The Other Factory → FL,940.68,421,561.78
2023-12-16,2023-12-20,Standard,FL,South,Wicked Choccy's,4,Wicked Choccy's → FL,394.01,164,197.20999999999998
2023-06-02,2023-06-08,Standard,CT,Northeast,The Other Factory,6,The Other Factory → CT,120.42,59,67.32
2023-08-15,2023-08-26,Standard,NC,South,Sugar Shack,11,Sugar Shack → NC,327.44,220,217.44
2023-10-14,2023-10-19,Expedited,NY,Northeast,Lot's O' Nuts,5,Lot's O' Nuts → NY,923.25,307,462.75
2023-03-07,2023-03-11,Expedited,TX,South,The Other Factory,4,The Other Factory → TX,159.64,74,93.03999999999999
2023-01-04,2023-01-10,Standard,NY,Northeast,Secret Factory,6,Secret Factory → NY,458.49,180,278.49
2023-05-29,2023-05-30,Expedited,MA,Northeast,The Other Factory,1,The Other Factory → MA,870.28,389,520.18
2023-09-19,2023-09-25,Standard,WI,Midwest,Lot's O' Nuts,6,Lot's O' Nuts → WI,223.9,79,105.4
2023-12-12,2023-12-13,Expedited,GA,South,Wicked Choccy's,1,Wicked Choccy's → GA,1051.83,422,545.43
2023-12-19,2023-12-23,Standard,CA,West,Wicked Choccy's,4,Wicked Choccy's → CA,319.89,136,156.69
2023-08-31,2023-09-03,Standard,NJ,Northeast,Lot's O' Nuts,3,Lot's O' Nuts → NJ,479.67,163,235.17000000000002
2023-04-05,2023-04-08,Standard,VA,South,Wicked Choccy's,3,Wicked Choccy's → VA,536.64,231,259.44
2023-01-12,2023-01-16,Standard,OH,Midwest,Wicked Choccy's,4,Wicked Choccy's → OH,630.03,253,326.42999999999995
2023-05-29,2023-06-04,Standard,MA,Northeast,Lot's O' Nuts,6,Lot's O' Nuts → MA,645.55,207,335.04999999999995
2023-02-24,2023-03-01,Standard,NJ,Northeast,Secret Factory,5,Secret Factory → NJ,563.66,244,319.65999999999997
2023-07-19,2023-07-25,Standard,TX,South,Lot's O' Nuts,6,Lot's O' Nuts → TX,100.59,31,54.09
2023-07-01,2023-07-05,Standard,NJ,Northeast,Wicked Choccy's,4,Wicked Choccy's → NJ,482.56,193,250.96
2023-09-15,2023-09-18,Standard,VA,South,Wicked Choccy's,3,Wicked Choccy's → VA,255.22,99,136.42000000000002
2023-06-30,2023-07-02,Expedited,NC,South,The Other Factory,2,The Other Factory → NC,353.46,152,216.65999999999997
2023-12-04,2023-12-12,Expedited,NY,Northeast,Sugar Shack,8,Sugar Shack → NY,384.47,251,258.97
2023-04-03,2023-04-08,Standard,FL,South,The Other Factory,5,The Other Factory → FL,695.77,309,417.66999999999996
2023-07-26,2023-07-30,Expedited,CA,West,Lot's O' Nuts,4,Lot's O' Nuts → CA,182.85,59,94.35
2023-09-13,2023-09-15,Expedited,FL,South,Secret Factory,2,Secret Factory → FL,170.09,63,107.09
2023-03-31,2023-04-06,Standard,NY,Northeast,Secret Factory,6,Secret Factory → NY,77.53,29,48.53
2023-02-07,2023-02-10,Standard,VA,South,Secret Factory,3,Secret Factory → VA,1126.45,482,644.45
2023-02-25,2023-02-27,Expedited,PA,Northeast,Secret Factory,2,Secret Factory → PA,261.39,110,151.39
2023-08-13,2023-08-17,Expedited,OH,Midwest,Sugar Shack,4,Sugar Shack → OH,642.65,426,429.65
2023-04-09,2023-04-14,Standard,CA,West,Lot's O' Nuts,5,Lot's O' Nuts → CA,613.94,194,322.94000000000005
2023-10-18,2023-10-24,Standard,OR,West,The Other Factory,6,The Other Factory → OR,251.05,107,154.75
2023-10-20,2023-10-24,Standard,GA,South,Secret Factory,4,Secret Factory → GA,959.1,420,539.1
2023-08-07,2023-08-12,Standard,AZ,West,Secret Factory,5,Secret Factory → AZ,140.85,61,79.85
2023-04-29,2023-05-04,Standard,TX,South,Lot's O' Nuts,5,Lot's O' Nuts → TX,1540.9,482,817.9000000000001
2023-07-19,2023-07-20,Expedited,WA,West,Sugar Shack,1,Sugar Shack → WA,430.9,283,289.4
2023-09-23,2023-09-26,Standard,NC,South,The Other Factory,3,The Other Factory → NC,673.67,308,396.46999999999997
2023-05-15,2023-05-19,Standard,OR,West,Lot's O' Nuts,4,Lot's O' Nuts → OR,585.14,181,313.64
2023-01-31,2023-02-03,Expedited,WI,Midwest,Wicked Choccy's,3,Wicked Choccy's → WI,1269.65,483,690.0500000000001
2023-02-01,2023-02-05,Expedited,NY,Northeast,Wicked Choccy's,4,Wicked Choccy's → NY,125.35,46,70.14999999999999
2023-11-03,2023-11-07,Standard,AZ,West,The Other Factory,4,The Other Factory → AZ,340.14,148,206.94
2023-02-23,2023-02-28,Standard,CT,Northeast,Lot's O' Nuts,5,Lot's O' Nuts → CT,686.91,230,341.90999999999997
2023-04-27,2023-05-03,Expedited,CA,West,Lot's O' Nuts,6,Lot's O' Nuts → CA,1116.55,359,578.05
2023-01-10,2023-01-18,Standard,NY,Northeast,The Other Factory,8,The Other Factory → NY,526.38,230,319.38
2023-10-09,2023-10-14,Standard,NV,West,Wicked Choccy's,5,Wicked Choccy's → NV,445.9,190,217.89999999999998
2023-08-12,2023-08-15,Standard,OH,Midwest,Lot's O' Nuts,3,Lot's O' Nuts → OH,371.43,126,182.43
2023-10-02,2023-10-05,Expedited,CA,West,The Other Factory,3,The Other Factory → CA,98.24,49,54.13999999999999
2023-08-13,2023-08-17,Standard,TX,South,Wicked Choccy's,4,Wicked Choccy's → TX,368.06,159,177.26
2023-07-23,2023-07-31,Standard,CA,West,Secret Factory,8,Secret Factory → CA,971.13,371,600.13
2023-07-02,2023-07-05,Expedited,MA,Northeast,Wicked Choccy's,3,Wicked Choccy's → MA,1169.88,454,625.0800000000002
2023-09-27,2023-10-04,Standard,VA,South,Sugar Shack,7,Sugar Shack → VA,693.9,471,458.4
2023-11-15,2023-11-19,Standard,TX,South,Secret Factory,4,Secret Factory → TX,1204.71,440,764.71
2023-04-29,2023-05-03,Standard,IL,Midwest,Sugar Shack,4,Sugar Shack → IL,46.01,28,32.01
2023-12-24,2023-12-30,Standard,NY,Northeast,Secret Factory,6,Secret Factory → NY,386.71,152,234.70999999999998
2023-06-03,2023-06-07,Expedited,OR,West,Lot's O' Nuts,4,Lot's O' Nuts → OR,713.07,263,318.57000000000005
2023-07-15,2023-07-23,Standard,NY,Northeast,Secret Factory,8,Secret Factory → NY,855.54,347,508.53999999999996
2023-01-27,2023-01-28,Expedited,AZ,West,Sugar Shack,1,Sugar Shack → AZ,728.0,475,490.5
2023-06-22,2023-06-28,Standard,IL,Midwest,Sugar Shack,6,Sugar Shack → IL,669.65,453,443.15
2023-01-30,2023-02-03,Expedited,MA,Northeast,Lot's O' Nuts,4,Lot's O' Nuts → MA,690.89,227,350.39
2023-10-18,2023-10-22,Expedited,FL,South,The Other Factory,4,The Other Factory → FL,944.95,391,593.0500000000001
2023-05-02,2023-05-05,Expedited,OR,West,Wicked Choccy's,3,Wicked Choccy's → OR,145.72,53,82.12
2023-10-05,2023-10-14,Standard,VA,South,Sugar Shack,9,Sugar Shack → VA,227.52,147,154.02
2023-12-01,2023-12-09,Standard,CA,West,The Other Factory,8,The Other Factory → CA,911.99,443,513.29
2023-08-25,2023-09-03,Standard,NY,Northeast,Lot's O' Nuts,9,Lot's O' Nuts → NY,1077.42,336,573.4200000000001
2023-04-22,2023-04-25,Expedited,AZ,West,Secret Factory,3,Secret Factory → AZ,1198.37,469,729.3699999999999
2023-06-10,2023-06-15,Standard,PA,Northeast,Lot's O' Nuts,5,Lot's O' Nuts → PA,457.44,142,244.44
2023-03-07,2023-03-08,Expedited,OH,Midwest,Wicked Choccy's,1,Wicked Choccy's → OH,297.63,129,142.82999999999998
2023-01-20,2023-01-24,Standard,CT,Northeast,Wicked Choccy's,4,Wicked Choccy's → CT,111.76,41,62.56
2023-05-13,2023-05-16,Standard,OR,West,Sugar Shack,3,Sugar Shack → OR,450.27,317,291.77
2023-02-25,2023-03-03,Standard,NY,Northeast,Lot's O' Nuts,6,Lot's O' Nuts → NY,535.43,176,271.42999999999995
2023-12-15,2023-12-17,Expedited,NV,West,Secret Factory,2,Secret Factory → NV,53.09,22,31.090000000000003
2023-07-04,2023-07-09,Standard,MA,Northeast,Sugar Shack,5,Sugar Shack → MA,445.87,328,281.87
2023-07-08,2023-07-09,Expedited,FL,South,Lot's O' Nuts,1,Lot's O' Nuts → FL,196.19,64,100.19
2023-06-10,2023-06-13,Standard,FL,South,The Other Factory,3,The Other Factory → FL,795.65,346,484.25
2023-07-15,2023-07-21,Standard,WA,West,Lot's O' Nuts,6,Lot's O' Nuts → WA,894.85,285,467.35
2023-09-28,2023-10-03,Standard,CT,Northeast,Lot's O' Nuts,5,Lot's O' Nuts → CT,414.1,147,193.60000000000002
2023-10-22,2023-10-27,Standard,MI,Midwest,Sugar Shack,5,Sugar Shack → MI,190.3,128,126.30000000000001
2023-03-01,2023-03-06,Standard,NJ,Northeast,Wicked Choccy's,5,Wicked Choccy's → NJ,740.84,296,385.64000000000004
2023-07-05,2023-07-07,Expedited,IN,Midwest,Secret Factory,2,Secret Factory → IN,801.84,301,500.84000000000003
2023-03-06,2023-03-10,Standard,IN,Midwest,The Other Factory,4,The Other Factory → IN,670.25,320,382.25
2023-05-27,2023-06-05,Standard,TX,South,Sugar Shack,9,Sugar Shack → TX,455.47,304,303.47
2023-04-12,2023-04-21,Standard,NY,Northeast,Wicked Choccy's,9,Wicked Choccy's → NY,1013.44,401,532.24
2023-08-29,2023-08-30,Expedited,IL,Midwest,Lot's O' Nuts,1,Lot's O' Nuts → IL,1016.46,363,471.96000000000004
2023-02-07,2023-02-13,Standard,NJ,Northeast,Wicked Choccy's,6,Wicked Choccy's → NJ,925.42,366,486.21999999999997
2023-12-31,2024-01-03,Expedited,OR,West,Sugar Shack,3,Sugar Shack → OR,478.18,312,322.18
2023-02-25,2023-03-01,Expedited,OR,West,Lot's O' Nuts,4,Lot's O' Nuts → OR,985.99,332,487.99
2023-08-12,2023-08-13,Expedited,PA,Northeast,Sugar Shack,1,Sugar Shack → PA,140.83,87,97.33000000000001
2023-10-31,2023-11-06,Standard,NC,South,The Other Factory,6,The Other Factory → NC,220.38,100,130.38
2023-10-29,2023-11-03,Standard,WA,West,Sugar Shack,5,Sugar Shack → WA,51.65,34,34.65
2023-09-26,2023-10-01,Standard,MA,Northeast,The Other Factory,5,The Other Factory → MA,817.23,397,459.93
2023-03-15,2023-03-20,Standard,IN,Midwest,Lot's O' Nuts,5,Lot's O' Nuts → IN,174.5,60,84.5
2023-03-26,2023-03-30,Standard,GA,South,Lot's O' Nuts,4,Lot's O' Nuts → GA,1297.14,463,602.6400000000001
2023-05-13,2023-05-17,Standard,WA,West,The Other Factory,4,The Other Factory → WA,122.19,59,69.09
2023-09-18,2023-09-20,Expedited,AZ,West,Wicked Choccy's,2,Wicked Choccy's → AZ,32.42,13,16.82
2023-01-14,2023-01-18,Expedited,MI,Midwest,Sugar Shack,4,Sugar Shack → MI,569.64,384,377.64
2023-03-06,2023-03-07,Expedited,TX,South,Secret Factory,1,Secret Factory → TX,638.58,237,401.58000000000004
2023-09-10,2023-09-11,Expedited,WA,West,Sugar Shack,1,Sugar Shack → WA,303.9,191,208.39999999999998
2023-04-24,2023-04-29,Standard,FL,South,Lot's O' Nuts,5,Lot's O' Nuts → FL,744.97,242,381.97
2023-09-20,2023-09-25,Standard,TX,South,Lot's O' Nuts,5,Lot's O' Nuts → TX,342.92,107,182.42000000000002
2023-12-05,2023-12-11,Standard,WA,West,Lot's O' Nuts,6,Lot's O' Nuts → WA,1489.25,456,805.25
2023-12-11,2023-12-15,Standard,NC,South,Wicked Choccy's,4,Wicked Choccy's → NC,961.87,385,499.87
2023-03-09,2023-03-11,Expedited,AZ,West,Wicked Choccy's,2,Wicked Choccy's → AZ,27.14,11,13.940000000000001
2023-09-09,2023-09-14,Standard,OH,Midwest,The Other Factory,5,The Other Factory → OH,695.73,324,404.13
2023-10-26,2023-10-30,Standard,NC,South,Wicked Choccy's,4,Wicked Choccy's → NC,1101.62,459,550.8199999999999
2023-04-29,2023-05-03,Expedited,NJ,Northeast,Sugar Shack,4,Sugar Shack → NJ,460.46,316,302.46
2023-09-04,2023-09-09,Standard,WA,West,Sugar Shack,5,Sugar Shack → WA,367.54,224,255.54000000000002
2023-06-16,2023-06-22,Standard,NY,Northeast,Wicked Choccy's,6,Wicked Choccy's → NY,485.92,187,261.52
2023-12-27,2023-12-31,Standard,NJ,Northeast,Wicked Choccy's,4,Wicked Choccy's → NJ,57.49,24,28.69
2023-09-17,2023-09-25,Standard,NY,Northeast,Wicked Choccy's,8,Wicked Choccy's → NY,855.13,355,429.13
2023-07-20,2023-07-23,Standard,NJ,Northeast,Secret Factory,3,Secret Factory → NJ,366.43,147,219.43
2023-04-23,2023-04-27,Standard,OR,West,Sugar Shack,4,Sugar Shack → OR,488.64,303,337.14
2023-10-02,2023-10-06,Standard,AZ,West,Wicked Choccy's,4,Wicked Choccy's → AZ,803.84,319,421.04
2023-01-11,2023-01-12,Expedited,OR,West,Secret Factory,1,Secret Factory → OR,784.74,345,439.74
2023-04-18,2023-04-22,Expedited,OH,Midwest,Sugar Shack,4,Sugar Shack → OH,704.41,450,479.40999999999997
2023-05-29,2023-06-02,Standard,GA,South,Wicked Choccy's,4,Wicked Choccy's → GA,1108.1,491,518.8999999999999
2023-01-11,2023-01-17,Standard,AZ,West,The Other Factory,6,The Other Factory → AZ,63.52,31,35.620000000000005
2023-06-04,2023-06-07,Standard,OH,Midwest,Lot's O' Nuts,3,Lot's O' Nuts → OH,1350.6,426,711.5999999999999
2023-12-02,2023-12-03,Expedited,MI,Midwest,Secret Factory,1,Secret Factory → MI,117.61,47,70.61
2023-12-27,2023-12-30,Expedited,CA,West,Secret Factory,3,Secret Factory → CA,982.02,386,596.02
2023-07-20,2023-07-23,Standard,GA,South,Wicked Choccy's,3,Wicked Choccy's → GA,391.47,164,194.67000000000002
2023-04-14,2023-04-19,Standard,VA,South,Lot's O' Nuts,5,Lot's O' Nuts → VA,631.09,229,287.59000000000003
2023-07-28,2023-08-01,Standard,NC,South,The Other Factory,4,The Other Factory → NC,407.45,205,222.95
2023-09-12,2023-09-16,Expedited,VA,South,Secret Factory,4,Secret Factory → VA,314.83,124,190.82999999999998
2023-01-13,2023-01-16,Standard,IN,Midwest,Secret Factory,3,Secret Factory → IN,815.4,339,476.4
2023-03-15,2023-03-21,Standard,AZ,West,Lot's O' Nuts,6,Lot's O' Nuts → AZ,892.04,313,422.53999999999996
2023-03-14,2023-03-16,Expedited,CT,Northeast,Secret Factory,2,Secret Factory → CT,105.35,40,65.35
2023-05-10,2023-05-11,Expedited,GA,South,Secret Factory,1,Secret Factory → GA,451.44,174,277.44
2023-11-03,2023-11-09,Standard,OR,West,Secret Factory,6,Secret Factory → OR,722.47,289,433.47
2023-11-30,2023-12-01,Expedited,NC,South,Wicked Choccy's,1,Wicked Choccy's → NC,1107.51,481,530.31
2023-12-25,2023-12-27,Expedited,PA,Northeast,Lot's O' Nuts,2,Lot's O' Nuts → PA,869.09,276,455.09000000000003
2023-03-27,2023-04-06,Standard,NY,Northeast,Wicked Choccy's,10,Wicked Choccy's → NY,248.62,97,132.22
2023-09-26,2023-09-29,Standard,WI,Midwest,Secret Factory,3,Secret Factory → WI,371.72,161,210.72000000000003
2023-05-31,2023-06-05,Expedited,VA,South,Sugar Shack,5,Sugar Shack → VA,238.1,158,159.1
2023-04-15,2023-04-21,Standard,VA,South,The Other Factory,6,The Other Factory → VA,509.88,246,288.48
2023-06-19,2023-06-23,Expedited,WI,Midwest,Wicked Choccy's,4,Wicked Choccy's → WI,36.13,15,18.130000000000003
2023-04-02,2023-04-06,Expedited,NY,Northeast,Wicked Choccy's,4,Wicked Choccy's → NY,864.88,369,422.08
2023-12-22,2023-12-28,Standard,MA,Northeast,Lot's O' Nuts,6,Lot's O' Nuts → MA,877.28,314,406.28
2023-06-29,2023-07-03,Standard,MI,Midwest,The Other Factory,4,The Other Factory → MI,315.76,150,180.76
2023-08-07,2023-08-13,Standard,GA,South,The Other Factory,6,The Other Factory → GA,1020.94,488,581.74
2023-10-05,2023-10-09,Standard,AZ,West,Wicked Choccy's,4,Wicked Choccy's → AZ,357.89,153,174.29
2023-10-16,2023-10-22,Standard,WI,Midwest,Lot's O' Nuts,6,Lot's O' Nuts → WI,545.13,179,276.63
2023-10-31,2023-11-06,Standard,VA,South,The Other Factory,6,The Other Factory → VA,240.31,117,135.01
2023-04-29,2023-05-03,Standard,AZ,West,Wicked Choccy's,4,Wicked Choccy's → AZ,679.89,253,376.28999999999996
2023-06-15,2023-06-21,Standard,WA,West,Lot's O' Nuts,6,Lot's O' Nuts → WA,703.45,227,362.95000000000005
2023-06-17,2023-06-23,Standard,WA,West,Sugar Shack,6,Sugar Shack → WA,595.06,406,392.05999999999995
2023-08-31,2023-09-06,Standard,VA,South,Sugar Shack,6,Sugar Shack → VA,698.52,499,449.02
2023-11-21,2023-11-27,Standard,IN,Midwest,Sugar Shack,6,Sugar Shack → IN,579.14,365,396.64
2023-12-17,2023-12-22,Standard,MA,Northeast,Lot's O' Nuts,5,Lot's O' Nuts → MA,1331.9,447,661.4000000000001
2023-12-10,2023-12-14,Standard,PA,Northeast,Sugar Shack,4,Sugar Shack → PA,299.76,205,197.26
2023-01-06,2023-01-09,Standard,MA,Northeast,Wicked Choccy's,3,Wicked Choccy's → MA,745.61,310,373.61
2023-02-18,2023-02-23,Expedited,VA,South,Sugar Shack,5,Sugar Shack → VA,488.48,341,317.98
2023-09-03,2023-09-06,Standard,OR,West,Secret Factory,3,Secret Factory → OR,803.82,302,501.82000000000005
2023-08-30,2023-09-02,Standard,NJ,Northeast,The Other Factory,3,The Other Factory → NJ,62.14,29,36.04
2023-11-10,2023-11-13,Standard,OH,Midwest,Wicked Choccy's,3,Wicked Choccy's → OH,93.92,38,48.32
2023-12-30,2024-01-02,Expedited,TX,South,Lot's O' Nuts,3,Lot's O' Nuts → TX,1256.16,446,587.1600000000001
2023-11-11,2023-11-13,Expedited,GA,South,Lot's O' Nuts,2,Lot's O' Nuts → GA,1557.0,473,847.5
2023-07-07,2023-07-10,Standard,NV,West,The Other Factory,3,The Other Factory → NV,88.79,43,50.09
2023-09-14,2023-09-17,Standard,TX,South,Wicked Choccy's,3,Wicked Choccy's → TX,385.69,151,204.49
2023-12-19,2023-12-22,Standard,PA,Northeast,The Other Factory,3,The Other Factory → PA,354.98,169,202.88000000000002
2023-06-29,2023-07-02,Standard,NC,South,Lot's O' Nuts,3,Lot's O' Nuts → NC,974.19,299,525.69
2023-02-15,2023-02-17,Expedited,WA,West,Lot's O' Nuts,2,Lot's O' Nuts → WA,525.41,172,267.40999999999997
2023-01-11,2023-01-17,Standard,WA,West,Wicked Choccy's,6,Wicked Choccy's → WA,137.12,51,75.92
2023-05-07,2023-05-13,Standard,OH,Midwest,Sugar Shack,6,Sugar Shack → OH,532.8,371,347.29999999999995
2023-05-23,2023-05-27,Standard,NC,South,Wicked Choccy's,4,Wicked Choccy's → NC,401.08,149,222.27999999999997
2023-04-01,2023-04-11,Standard,NC,South,Sugar Shack,10,Sugar Shack → NC,446.48,306,293.48
2023-11-25,2023-12-01,Standard,PA,Northeast,The Other Factory,6,The Other Factory → PA,197.29,89,117.19
2023-04-18,2023-04-23,Standard,GA,South,Secret Factory,5,Secret Factory → GA,140.37,56,84.37
2023-04-18,2023-04-21,Standard,IN,Midwest,Sugar Shack,3,Sugar Shack → IN,424.01,274,287.01
2023-04-06,2023-04-11,Standard,IN,Midwest,Secret Factory,5,Secret Factory → IN,726.81,298,428.80999999999995
2023-10-29,2023-11-01,Standard,TX,South,Lot's O' Nuts,3,Lot's O' Nuts → TX,268.71,91,132.20999999999998
2023-06-21,2023-06-24,Expedited,WA,West,Sugar Shack,3,Sugar Shack → WA,138.57,93,92.07
2023-04-06,2023-04-12,Standard,CT,Northeast,Lot's O' Nuts,6,Lot's O' Nuts → CT,1128.81,384,552.81
2023-05-05,2023-05-15,Standard,VA,South,Sugar Shack,10,Sugar Shack → VA,49.24,30,34.24
2023-04-30,2023-05-05,Standard,NV,West,The Other Factory,5,The Other Factory → NV,1112.58,498,664.3799999999999
2023-10-31,2023-11-05,Standard,WI,Midwest,Lot's O' Nuts,5,Lot's O' Nuts → WI,1415.91,463,721.4100000000001
2023-12-24,2023-12-26,Expedited,WI,Midwest,The Other Factory,2,The Other Factory → WI,742.18,349,428.0799999999999
2023-01-28,2023-02-01,Expedited,FL,South,Lot's O' Nuts,4,Lot's O' Nuts → FL,593.43,212,275.42999999999995
2023-01-01,2023-01-04,Standard,OH,Midwest,Wicked Choccy's,3,Wicked Choccy's → OH,246.28,104,121.48
2023-04-15,2023-04-20,Standard,WA,West,Secret Factory,5,Secret Factory → WA,29.86,12,17.86
2023-06-26,2023-06-30,Standard,CT,Northeast,Lot's O' Nuts,4,Lot's O' Nuts → CT,1423.07,477,707.5699999999999
2023-07-12,2023-07-17,Standard,IL,Midwest,Secret Factory,5,Secret Factory → IL,1087.05,400,687.05
2023-07-24,2023-07-31,Standard,NC,South,Sugar Shack,7,Sugar Shack → NC,403.25,260,273.25
2023-10-28,2023-11-01,Standard,WI,Midwest,Lot's O' Nuts,4,Lot's O' Nuts → WI,577.64,198,280.64
2023-09-14,2023-09-22,Standard,NY,Northeast,Lot's O' Nuts,8,Lot's O' Nuts → NY,289.01,106,130.01
2023-06-04,2023-06-08,Standard,OR,West,Secret Factory,4,Secret Factory → OR,527.86,227,300.86
2023-06-09,2023-06-17,Standard,NY,Northeast,Secret Factory,8,Secret Factory → NY,227.77,93,134.77
2023-09-22,2023-09-29,Standard,NY,Northeast,Lot's O' Nuts,7,Lot's O' Nuts → NY,1340.53,421,709.03
2023-03-24,2023-03-30,Standard,WI,Midwest,Sugar Shack,6,Sugar Shack → WI,22.44,15,14.940000000000001
2023-12-10,2023-12-16,Standard,NY,Northeast,Secret Factory,6,Secret Factory → NY,846.49,319,527.49
2023-08-19,2023-08-22,Expedited,NC,South,The Other Factory,3,The Other Factory → NC,155.82,67,95.52
2023-08-06,2023-08-14,Standard,NY,Northeast,The Other Factory,8,The Other Factory → NY,244.93,111,145.03
2023-11-11,2023-11-15,Standard,NY,Northeast,Secret Factory,4,Secret Factory → NY,1132.64,454,678.6400000000001
2023-07-07,2023-07-12,Standard,GA,South,Lot's O' Nuts,5,Lot's O' Nuts → GA,1282.98,402,679.98
2023-10-05,2023-10-08,Standard,MI,Midwest,Sugar Shack,3,Sugar Shack → MI,344.48,238,225.48000000000002
2023-11-22,2023-11-26,Expedited,OR,West,Lot's O' Nuts,4,Lot's O' Nuts → OR,384.3,137,178.8
2023-10-01,2023-10-07,Standard,OH,Midwest,Lot's O' Nuts,6,Lot's O' Nuts → OH,1337.87,467,637.3699999999999
2023-08-23,2023-08-26,Standard,WI,Midwest,The Other Factory,3,The Other Factory → WI,104.06,49,59.96
2023-01-20,2023-01-23,Standard,NV,West,Wicked Choccy's,3,Wicked Choccy's → NV,493.9,182,275.5
2023-06-04,2023-06-10,Standard,NY,Northeast,Secret Factory,6,Secret Factory → NY,1185.3,438,747.3
2023-03-01,2023-03-05,Standard,GA,South,Wicked Choccy's,4,Wicked Choccy's → GA,967.06,365,529.06
2023-07-11,2023-07-15,Expedited,PA,Northeast,The Other Factory,4,The Other Factory → PA,346.29,150,211.29000000000002
2023-04-06,2023-04-10,Standard,AZ,West,Sugar Shack,4,Sugar Shack → AZ,512.46,357,333.96000000000004
2023-01-03,2023-01-05,Expedited,IL,Midwest,Secret Factory,2,Secret Factory → IL,357.53,150,207.52999999999997
2023-11-03,2023-11-08,Standard,WA,West,Sugar Shack,5,Sugar Shack → WA,168.4,123,106.9
2023-05-28,2023-06-02,Standard,CT,Northeast,The Other Factory,5,The Other Factory → CT,617.39,287,359.09
2023-10-13,2023-10-19,Standard,GA,South,Lot's O' Nuts,6,Lot's O' Nuts → GA,259.01,87,128.51
2023-09-13,2023-09-16,Standard,IN,Midwest,Wicked Choccy's,3,Wicked Choccy's → IN,931.3,348,513.6999999999999
2023-02-10,2023-02-15,Standard,TX,South,Secret Factory,5,Secret Factory → TX,395.33,165,230.32999999999998
2023-06-11,2023-06-18,Standard,NY,Northeast,Secret Factory,7,Secret Factory → NY,737.26,299,438.26
2023-01-12,2023-01-16,Standard,PA,Northeast,Sugar Shack,4,Sugar Shack → PA,311.02,203,209.51999999999998
2023-03-05,2023-03-08,Standard,PA,Northeast,Lot's O' Nuts,3,Lot's O' Nuts → PA,867.83,302,414.83000000000004
2023-03-23,2023-03-27,Expedited,MA,Northeast,Secret Factory,4,Secret Factory → MA,1200.87,471,729.8699999999999
2023-06-13,2023-06-19,Standard,OR,West,Sugar Shack,6,Sugar Shack → OR,200.96,125,138.46
2023-09-11,2023-09-15,Standard,NC,South,Secret Factory,4,Secret Factory → NC,512.36,214,298.36
2023-09-30,2023-10-03,Standard,PA,Northeast,Sugar Shack,3,Sugar Shack → PA,313.95,206,210.95
2023-08-03,2023-08-07,Standard,PA,Northeast,Secret Factory,4,Secret Factory → PA,204.39,80,124.38999999999999
2023-09-15,2023-09-21,Standard,NY,Northeast,Lot's O' Nuts,6,Lot's O' Nuts → NY,925.66,301,474.15999999999997
2023-12-17,2023-12-21,Expedited,TX,South,Lot's O' Nuts,4,Lot's O' Nuts → TX,877.99,292,439.99
2023-04-09,2023-04-11,Expedited,MA,Northeast,Wicked Choccy's,2,Wicked Choccy's → MA,246.12,99,127.32000000000001
2023-12-31,2024-01-03,Standard,FL,South,Wicked Choccy's,3,Wicked Choccy's → FL,291.96,115,153.95999999999998
2023-08-24,2023-08-28,Expedited,PA,Northeast,Wicked Choccy's,4,Wicked Choccy's → PA,683.8,266,364.59999999999997
2023-11-06,2023-11-09,Standard,OH,Midwest,Sugar Shack,3,Sugar Shack → OH,20.47,13,13.969999999999999
2023-12-16,2023-12-22,Standard,NJ,Northeast,Secret Factory,6,Secret Factory → NJ,1190.01,500,690.01
2023-10-03,2023-10-06,Standard,NV,West,Lot's O' Nuts,3,Lot's O' Nuts → NV,506.73,159,268.23
2023-01-21,2023-01-27,Standard,CT,Northeast,Sugar Shack,6,Sugar Shack → CT,363.25,229,248.75
2023-02-23,2023-02-24,Expedited,VA,South,Wicked Choccy's,1,Wicked Choccy's → VA,884.77,379,429.96999999999997
2023-07-31,2023-08-02,Expedited,OH,Midwest,Sugar Shack,2,Sugar Shack → OH,199.97,145,127.47
2023-11-25,2023-11-28,Expedited,NJ,Northeast,Lot's O' Nuts,3,Lot's O' Nuts → NJ,532.28,185,254.77999999999997
2023-08-16,2023-08-19,Standard,MA,Northeast,Sugar Shack,3,Sugar Shack → MA,555.41,399,355.90999999999997
2023-09-25,2023-09-28,Expedited,WA,West,Sugar Shack,3,Sugar Shack → WA,539.01,375,351.51
2023-03-23,2023-03-26,Expedited,NC,South,The Other Factory,3,The Other Factory → NC,205.34,89,125.24000000000001
2023-12-22,2023-12-28,Standard,WI,Midwest,Wicked Choccy's,6,Wicked Choccy's → WI,362.14,141,192.94
2023-01-15,2023-01-20,Standard,FL,South,Wicked Choccy's,5,Wicked Choccy's → FL,511.67,196,276.47
2023-09-22,2023-09-25,Expedited,CT,Northeast,Secret Factory,3,Secret Factory → CT,789.17,339,450.16999999999996
2023-09-14,2023-09-21,Expedited,NC,South,Sugar Shack,7,Sugar Shack → NC,685.94,455,458.44000000000005
2023-03-31,2023-04-06,Standard,NY,Northeast,Secret Factory,6,Secret Factory → NY,300.58,125,175.57999999999998
2023-04-25,2023-04-26,Expedited,VA,South,Wicked Choccy's,1,Wicked Choccy's → VA,803.18,342,392.78
2023-09-13,2023-09-15,Expedited,AZ,West,Secret Factory,2,Secret Factory → AZ,506.1,196,310.1
2023-07-24,2023-07-27,Standard,VA,South,Lot's O' Nuts,3,Lot's O' Nuts → VA,1142.64,418,515.6400000000001
2023-10-18,2023-10-22,Standard,OH,Midwest,The Other Factory,4,The Other Factory → OH,868.29,363,541.5899999999999
2023-05-06,2023-05-11,Standard,PA,Northeast,Wicked Choccy's,5,Wicked Choccy's → PA,697.51,292,347.11
2023-04-08,2023-04-12,Standard,WI,Midwest,Lot's O' Nuts,4,Lot's O' Nuts → WI,358.64,126,169.64
2023-10-25,2023-10-31,Standard,NY,Northeast,Secret Factory,6,Secret Factory → NY,1062.72,414,648.72
2023-04-11,2023-04-15,Standard,NV,West,Secret Factory,4,Secret Factory → NV,153.79,61,92.78999999999999
2023-04-21,2023-04-27,Standard,MA,Northeast,The Other Factory,6,The Other Factory → MA,1070.19,450,665.19
2023-08-15,2023-08-24,Standard,NY,Northeast,Wicked Choccy's,9,Wicked Choccy's → NY,672.18,262,357.78
2023-06-18,2023-06-23,Standard,CT,Northeast,The Other Factory,5,The Other Factory → CT,342.43,145,211.93
2023-05-08,2023-05-16,Standard,VA,South,Sugar Shack,8,Sugar Shack → VA,648.58,397,450.08000000000004
2023-09-07,2023-09-11,Standard,VA,South,Lot's O' Nuts,4,Lot's O' Nuts → VA,276.67,101,125.17000000000002
2023-08-10,2023-08-14,Standard,NV,West,Sugar Shack,4,Sugar Shack → NV,172.62,109,118.12
2023-04-29,2023-05-05,Standard,VA,South,Wicked Choccy's,6,Wicked Choccy's → VA,160.73,62,86.32999999999998
2023-11-09,2023-11-15,Standard,MI,Midwest,Wicked Choccy's,6,Wicked Choccy's → MI,962.39,412,467.99
2023-03-22,2023-03-26,Expedited,MI,Midwest,The Other Factory,4,The Other Factory → MI,771.21,344,461.61
2023-08-02,2023-08-07,Standard,MI,Midwest,Sugar Shack,5,Sugar Shack → MI,277.31,199,177.81
2023-06-20,2023-07-01,Standard,NC,South,Sugar Shack,11,Sugar Shack → NC,18.94,12,12.940000000000001
2023-07-26,2023-07-30,Standard,MA,Northeast,Lot's O' Nuts,4,Lot's O' Nuts → MA,767.94,243,403.44000000000005
2023-01-10,2023-01-15,Standard,MI,Midwest,Wicked Choccy's,5,Wicked Choccy's → MI,53.04,22,26.64
2023-07-15,2023-07-21,Standard,OH,Midwest,Sugar Shack,6,Sugar Shack → OH,641.62,448,417.62
2023-02-08,2023-02-12,Expedited,MI,Midwest,Wicked Choccy's,4,Wicked Choccy's → MI,1359.58,497,763.18
2023-01-24,2023-01-30,Standard,PA,Northeast,Secret Factory,6,Secret Factory → PA,92.03,40,52.03
2023-11-24,2023-12-01,Standard,VA,South,Sugar Shack,7,Sugar Shack → VA,348.96,251,223.45999999999998
2023-02-07,2023-02-10,Expedited,PA,Northeast,Sugar Shack,3,Sugar Shack → PA,427.23,303,275.73
2023-02-15,2023-02-20,Standard,MI,Midwest,Secret Factory,5,Secret Factory → MI,742.08,295,447.08000000000004
2023-05-30,2023-06-02,Expedited,IL,Midwest,Lot's O' Nuts,3,Lot's O' Nuts → IL,1606.03,500,856.03
2023-08-17,2023-08-23,Standard,MI,Midwest,Wicked Choccy's,6,Wicked Choccy's → MI,471.22,195,237.22000000000003
2023-12-13,2023-12-17,Expedited,VA,South,Sugar Shack,4,Sugar Shack → VA,109.53,71,74.03
2023-08-07,2023-08-11,Expedited,NY,Northeast,Secret Factory,4,Secret Factory → NY,45.59,18,27.590000000000003
2023-01-17,2023-01-22,Standard,VA,South,The Other Factory,5,The Other Factory → VA,671.18,334,370.5799999999999
2023-02-08,2023-02-10,Expedited,AZ,West,The Other Factory,2,The Other Factory → AZ,922.08,418,545.8800000000001
2023-02-14,2023-02-18,Standard,CT,Northeast,The Other Factory,4,The Other Factory → CT,792.79,394,438.18999999999994
2023-12-17,2023-12-21,Standard,NC,South,Secret Factory,4,Secret Factory → NC,828.42,343,485.41999999999996
2023-04-04,2023-04-10,Standard,NC,South,The Other Factory,6,The Other Factory → NC,925.1,465,506.6
2023-10-22,2023-10-23,Expedited,AZ,West,Sugar Shack,1,Sugar Shack → AZ,19.85,14,12.850000000000001
2023-08-07,2023-08-12,Standard,FL,South,Wicked Choccy's,5,Wicked Choccy's → FL,699.04,282,360.64
2023-12-07,2023-12-11,Standard,VA,South,Wicked Choccy's,4,Wicked Choccy's → VA,276.49,115,138.49
2023-02-21,2023-02-24,Standard,WA,West,Lot's O' Nuts,3,Lot's O' Nuts → WA,570.35,177,304.85
2023-04-28,2023-05-03,Standard,MI,Midwest,Wicked Choccy's,5,Wicked Choccy's → MI,350.64,129,195.83999999999997
2023-04-22,2023-04-26,Expedited,WA,West,Sugar Shack,4,Sugar Shack → WA,116.82,73,80.32
2023-07-12,2023-07-18,Standard,PA,Northeast,Lot's O' Nuts,6,Lot's O' Nuts → PA,687.84,234,336.84000000000003
2023-04-16,2023-04-19,Expedited,CA,West,Secret Factory,3,Secret Factory → CA,934.86,397,537.86
2023-09-08,2023-09-12,Standard,GA,South,The Other Factory,4,The Other Factory → GA,130.59,56,80.19
2023-07-04,2023-07-10,Standard,VA,South,Secret Factory,6,Secret Factory → VA,40.57,18,22.57
2023-08-04,2023-08-09,Standard,OR,West,Secret Factory,5,Secret Factory → OR,999.8,438,561.8
2023-11-30,2023-12-06,Standard,IL,Midwest,Sugar Shack,6,Sugar Shack → IL,683.07,458,454.07000000000005
2023-05-21,2023-05-23,Expedited,WA,West,Sugar Shack,2,Sugar Shack → WA,404.48,299,254.98000000000002
2023-09-23,2023-09-24,Expedited,IN,Midwest,Wicked Choccy's,1,Wicked Choccy's → IN,835.12,315,457.12
2023-12-05,2023-12-14,Standard,VA,South,Sugar Shack,9,Sugar Shack → VA,137.43,98,88.43
2023-09-23,2023-09-24,Expedited,MI,Midwest,Wicked Choccy's,1,Wicked Choccy's → MI,960.45,412,466.05000000000007
2023-09-12,2023-09-17,Standard,NC,South,Wicked Choccy's,5,Wicked Choccy's → NC,790.66,328,397.05999999999995
2023-01-14,2023-01-18,Standard,NV,West,Sugar Shack,4,Sugar Shack → NV,702.29,477,463.78999999999996
2023-10-04,2023-10-09,Standard,OH,Midwest,Secret Factory,5,Secret Factory → OH,1107.47,469,638.47
2023-08-03,2023-08-09,Standard,NV,West,Lot's O' Nuts,6,Lot's O' Nuts → NV,1451.02,448,779.02
2023-08-14,2023-08-19,Standard,OR,West,Wicked Choccy's,5,Wicked Choccy's → OR,180.86,75,90.86000000000001
2023-10-04,2023-10-08,Standard,NV,West,Sugar Shack,4,Sugar Shack → NV,104.77,74,67.77
2023-03-08,2023-03-12,Expedited,IL,Midwest,Wicked Choccy's,4,Wicked Choccy's → IL,414.79,154,229.99
2023-02-23,2023-02-28,Standard,MI,Midwest,Wicked Choccy's,5,Wicked Choccy's → MI,463.73,178,250.13000000000002
2023-08-25,2023-08-30,Standard,FL,South,The Other Factory,5,The Other Factory → FL,711.28,348,398.08
2023-01-18,2023-01-19,Expedited,WA,West,Secret Factory,1,Secret Factory → WA,213.09,83,130.09
2023-05-02,2023-05-08,Standard,MA,Northeast,Wicked Choccy's,6,Wicked Choccy's → MA,688.46,257,380.06000000000006
2023-04-07,2023-04-11,Expedited,NJ,Northeast,The Other Factory,4,The Other Factory → NJ,687.37,328,392.17
2023-08-14,2023-08-17,Expedited,VA,South,Lot's O' Nuts,3,Lot's O' Nuts → VA,1310.29,466,611.29
2023-06-24,2023-07-02,Standard,NY,Northeast,Secret Factory,8,Secret Factory → NY,110.92,42,68.92
2023-08-07,2023-08-13,Standard,IL,Midwest,Lot's O' Nuts,6,Lot's O' Nuts → IL,1200.74,434,549.74
2023-10-09,2023-10-15,Standard,MI,Midwest,Sugar Shack,6,Sugar Shack → MI,482.07,293,335.57
2023-02-12,2023-02-14,Expedited,IN,Midwest,The Other Factory,2,The Other Factory → IN,192.67,82,118.86999999999999
2023-04-24,2023-04-28,Standard,MI,Midwest,Lot's O' Nuts,4,Lot's O' Nuts → MI,958.35,298,511.35
2023-09-26,2023-09-30,Standard,VA,South,Lot's O' Nuts,4,Lot's O' Nuts → VA,561.85,201,260.35
2023-12-15,2023-12-21,Standard,OH,Midwest,Wicked Choccy's,6,Wicked Choccy's → OH,1055.64,449,516.8400000000001
2023-01-26,2023-01-30,Expedited,NC,South,Secret Factory,4,Secret Factory → NC,1162.02,467,695.02
2023-06-14,2023-06-19,Standard,TX,South,Wicked Choccy's,5,Wicked Choccy's → TX,314.54,116,175.34000000000003
2023-11-10,2023-11-14,Expedited,CA,West,The Other Factory,4,The Other Factory → CA,599.52,256,369.12
2023-05-05,2023-05-09,Standard,IN,Midwest,Secret Factory,4,Secret Factory → IN,365.4,137,228.39999999999998
2023-02-06,2023-02-07,Expedited,FL,South,Wicked Choccy's,1,Wicked Choccy's → FL,998.15,381,540.95
2023-12-11,2023-12-16,Standard,IN,Midwest,Wicked Choccy's,5,Wicked Choccy's → IN,963.08,399,484.28000000000003
2023-11-23,2023-11-29,Standard,VA,South,Lot's O' Nuts,6,Lot's O' Nuts → VA,396.32,128,204.32
2023-06-02,2023-06-07,Standard,PA,Northeast,Lot's O' Nuts,5,Lot's O' Nuts → PA,1311.37,458,624.3699999999999
2023-01-21,2023-01-27,Standard,TX,South,Secret Factory,6,Secret Factory → TX,721.28,309,412.28
2023-12-30,2024-01-02,Standard,FL,South,Secret Factory,3,Secret Factory → FL,979.84,384,595.84
2023-11-03,2023-11-07,Expedited,IN,Midwest,Sugar Shack,4,Sugar Shack → IN,307.57,225,195.07
2023-02-23,2023-03-05,Standard,GA,South,Sugar Shack,10,Sugar Shack → GA,561.91,351,386.40999999999997
2023-07-02,2023-07-08,Expedited,CA,West,Lot's O' Nuts,6,Lot's O' Nuts → CA,926.07,309,462.57000000000005
2023-10-30,2023-11-03,Expedited,TX,South,Secret Factory,4,Secret Factory → TX,758.34,297,461.34000000000003
2023-10-17,2023-10-21,Standard,NY,Northeast,Secret Factory,4,Secret Factory → NY,191.34,70,121.34
2023-05-03,2023-05-04,Expedited,NJ,Northeast,Sugar Shack,1,Sugar Shack → NJ,288.75,187,195.25
2023-08-14,2023-08-18,Expedited,NV,West,Secret Factory,4,Secret Factory → NV,951.82,352,599.82
2023-04-21,2023-04-26,Standard,IL,Midwest,The Other Factory,5,The Other Factory → IL,126.52,60,72.52
2023-07-31,2023-08-05,Standard,MA,Northeast,Lot's O' Nuts,5,Lot's O' Nuts → MA,623.99,190,338.99
2023-05-08,2023-05-15,Standard,NY,Northeast,Sugar Shack,7,Sugar Shack → NY,177.55,117,119.05000000000001
2023-10-08,2023-10-10,Expedited,MA,Northeast,Sugar Shack,2,Sugar Shack → MA,662.98,442,441.98
2023-02-15,2023-02-23,Standard,VA,South,Sugar Shack,8,Sugar Shack → VA,625.72,434,408.72
2023-02-16,2023-02-20,Standard,VA,South,Secret Factory,4,Secret Factory → VA,969.22,397,572.22
2023-05-16,2023-05-19,Expedited,GA,South,Secret Factory,3,Secret Factory → GA,922.53,396,526.53
2023-03-28,2023-04-05,Standard,CA,West,Sugar Shack,8,Sugar Shack → CA,602.64,397,404.14
2023-04-02,2023-04-08,Standard,WA,West,Secret Factory,6,Secret Factory → WA,1062.23,446,616.23
2023-06-24,2023-06-30,Standard,NC,South,The Other Factory,6,The Other Factory → NC,148.16,63,91.46
2023-05-31,2023-06-04,Expedited,OR,West,The Other Factory,4,The Other Factory → OR,863.11,432,474.31
2023-10-08,2023-10-12,Standard,TX,South,Wicked Choccy's,4,Wicked Choccy's → TX,362.82,135,200.82
2023-08-14,2023-08-17,Standard,IL,Midwest,Wicked Choccy's,3,Wicked Choccy's → IL,1147.69,449,608.8900000000001
2023-08-13,2023-08-19,Standard,IN,Midwest,Secret Factory,6,Secret Factory → IN,839.99,331,508.99
2023-07-18,2023-07-26,Standard,GA,South,Sugar Shack,8,Sugar Shack → GA,261.6,173,175.10000000000002
2023-02-09,2023-02-11,Expedited,FL,South,Wicked Choccy's,2,Wicked Choccy's → FL,161.69,59,90.89
2023-09-17,2023-09-19,Expedited,TX,South,Secret Factory,2,Secret Factory → TX,916.34,378,538.34
2023-12-26,2023-12-29,Standard,IN,Midwest,The Other Factory,3,The Other Factory → IN,551.81,245,331.30999999999995
2023-09-12,2023-09-15,Expedited,NY,Northeast,The Other Factory,3,The Other Factory → NY,644.49,296,378.09000000000003
2023-11-29,2023-12-01,Expedited,NC,South,Lot's O' Nuts,2,Lot's O' Nuts → NC,130.59,42,67.59
2023-02-03,2023-02-12,Expedited,TX,South,Sugar Shack,9,Sugar Shack → TX,584.34,370,399.34000000000003
2023-03-10,2023-03-15,Standard,IN,Midwest,Secret Factory,5,Secret Factory → IN,423.56,179,244.56
2023-09-18,2023-09-21,Expedited,WI,Midwest,Secret Factory,3,Secret Factory → WI,1016.28,451,565.28
2023-11-09,2023-11-12,Standard,VA,South,Lot's O' Nuts,3,Lot's O' Nuts → VA,887.17,324,401.16999999999996
2023-07-31,2023-08-02,Expedited,OH,Midwest,Wicked Choccy's,2,Wicked Choccy's → OH,1022.85,437,498.45000000000005
2023-11-29,2023-12-05,Standard,OR,West,Secret Factory,6,Secret Factory → OR,787.94,303,484.94000000000005
2023-12-17,2023-12-21,Standard,NJ,Northeast,Secret Factory,4,Secret Factory → NJ,1072.79,443,629.79
2023-02-19,2023-02-27,Expedited,FL,South,Sugar Shack,8,Sugar Shack → FL,78.7,56,50.7
2023-07-25,2023-07-26,Expedited,MI,Midwest,Wicked Choccy's,1,Wicked Choccy's → MI,453.08,183,233.48
2023-02-18,2023-02-19,Expedited,TX,South,The Other Factory,1,The Other Factory → TX,591.78,295,326.28
2023-07-11,2023-07-12,Expedited,IL,Midwest,Lot's O' Nuts,1,Lot's O' Nuts → IL,34.75,12,16.75
2023-06-06,2023-06-08,Expedited,TX,South,Lot's O' Nuts,2,Lot's O' Nuts → TX,1029.3,335,526.8
2023-04-04,2023-04-08,Standard,MI,Midwest,The Other Factory,4,The Other Factory → MI,679.85,317,394.55
2023-04-01,2023-04-07,Standard,WI,Midwest,Secret Factory,6,Secret Factory → WI,64.03,25,39.03
2023-10-03,2023-10-07,Standard,GA,South,Lot's O' Nuts,4,Lot's O' Nuts → GA,939.46,312,471.46000000000004
2023-02-21,2023-02-26,Standard,WI,Midwest,Secret Factory,5,Secret Factory → WI,1213.89,490,723.8900000000001
2023-12-04,2023-12-05,Expedited,NJ,Northeast,The Other Factory,1,The Other Factory → NJ,382.17,183,217.47000000000003
2023-03-14,2023-03-15,Expedited,PA,Northeast,Wicked Choccy's,1,Wicked Choccy's → PA,439.91,193,208.31000000000003
2023-09-03,2023-09-08,Standard,AZ,West,The Other Factory,5,The Other Factory → AZ,1052.93,476,624.5300000000001
2023-10-22,2023-10-27,Standard,CT,Northeast,The Other Factory,5,The Other Factory → CT,354.89,174,198.29
2023-04-12,2023-04-15,Standard,NJ,Northeast,Sugar Shack,3,Sugar Shack → NJ,354.22,261,223.72000000000003
2023-02-23,2023-03-01,Standard,CT,Northeast,Sugar Shack,6,Sugar Shack → CT,651.46,412,445.46000000000004
2023-12-17,2023-12-20,Expedited,WA,West,Lot's O' Nuts,3,Lot's O' Nuts → WA,1422.46,466,723.46
2023-10-20,2023-10-21,Expedited,MI,Midwest,The Other Factory,1,The Other Factory → MI,81.78,34,51.18
2023-07-17,2023-07-23,Standard,VA,South,Wicked Choccy's,6,Wicked Choccy's → VA,971.62,388,506.02
2023-04-02,2023-04-03,Expedited,TX,South,The Other Factory,1,The Other Factory → TX,585.11,244,365.51
2023-04-24,2023-04-27,Standard,WA,West,Sugar Shack,3,Sugar Shack → WA,53.68,33,37.18
2023-04-16,2023-04-19,Expedited,TX,South,Lot's O' Nuts,3,Lot's O' Nuts → TX,329.23,100,179.23000000000002
2023-04-27,2023-05-04,Standard,NY,Northeast,Sugar Shack,7,Sugar Shack → NY,749.89,461,519.39
2023-12-15,2023-12-18,Expedited,FL,South,The Other Factory,3,The Other Factory → FL,500.14,219,303.03999999999996
2023-08-01,2023-08-03,Expedited,MA,Northeast,Secret Factory,2,Secret Factory → MA,1129.75,428,701.75
2023-05-10,2023-05-16,Standard,NV,West,The Other Factory,6,The Other Factory → NV,170.38,75,102.88
2023-04-25,2023-05-02,Standard,CA,West,Lot's O' Nuts,7,Lot's O' Nuts → CA,311.28,103,156.77999999999997
2023-03-27,2023-04-01,Standard,MA,Northeast,Sugar Shack,5,Sugar Shack → MA,681.42,448,457.41999999999996
2023-02-25,2023-03-01,Expedited,PA,Northeast,Lot's O' Nuts,4,Lot's O' Nuts → PA,310.94,112,142.94
2023-01-19,2023-01-26,Standard,NY,Northeast,Secret Factory,7,Secret Factory → NY,238.35,104,134.35
2023-12-22,2023-12-28,Standard,IN,Midwest,Lot's O' Nuts,6,Lot's O' Nuts → IN,1080.83,388,498.8299999999999
2023-11-02,2023-11-03,Expedited,OH,Midwest,Lot's O' Nuts,1,Lot's O' Nuts → OH,815.27,301,363.77
2023-03-20,2023-03-26,Standard,FL,South,Sugar Shack,6,Sugar Shack → FL,307.44,210,202.44
2023-05-30,2023-06-03,Standard,WA,West,The Other Factory,4,The Other Factory → WA,410.78,181,247.87999999999997
2023-08-13,2023-08-18,Expedited,NY,Northeast,Lot's O' Nuts,5,Lot's O' Nuts → NY,251.35,83,126.85
2023-06-12,2023-06-17,Standard,CA,West,Lot's O' Nuts,5,Lot's O' Nuts → CA,1238.68,380,668.6800000000001
2023-07-09,2023-07-12,Standard,IL,Midwest,Lot's O' Nuts,3,Lot's O' Nuts → IL,553.92,205,246.41999999999996
2023-01-30,2023-01-31,Expedited,WA,West,Secret Factory,1,Secret Factory → WA,751.79,298,453.78999999999996
2023-01-11,2023-01-17,Standard,MA,Northeast,Secret Factory,6,Secret Factory → MA,649.23,240,409.23
2023-05-02,2023-05-06,Expedited,GA,South,Secret Factory,4,Secret Factory → GA,690.98,255,435.98
2023-03-20,2023-03-24,Standard,FL,South,Secret Factory,4,Secret Factory → FL,571.91,208,363.90999999999997
2023-03-24,2023-03-26,Expedited,NV,West,Sugar Shack,2,Sugar Shack → NV,46.13,31,30.630000000000003
2023-12-30,2024-01-04,Standard,IN,Midwest,The Other Factory,5,The Other Factory → IN,277.75,116,173.35
2023-08-04,2023-08-10,Standard,NJ,Northeast,Secret Factory,6,Secret Factory → NJ,600.65,247,353.65
2023-06-16,2023-06-20,Standard,WI,Midwest,Secret Factory,4,Secret Factory → WI,877.21,374,503.21000000000004
2023-04-10,2023-04-16,Standard,NC,South,The Other Factory,6,The Other Factory → NC,454.94,201,274.03999999999996
2023-04-20,2023-04-26,Standard,IN,Midwest,Secret Factory,6,Secret Factory → IN,440.48,163,277.48
2023-11-16,2023-11-20,Standard,WA,West,Secret Factory,4,Secret Factory → WA,847.42,347,500.41999999999996
2023-09-22,2023-09-26,Standard,IN,Midwest,Secret Factory,4,Secret Factory → IN,524.48,207,317.48
2023-03-30,2023-04-03,Standard,IN,Midwest,Sugar Shack,4,Sugar Shack → IN,128.18,87,84.68
2023-08-28,2023-08-31,Standard,IN,Midwest,Wicked Choccy's,3,Wicked Choccy's → IN,818.28,356,391.08
2023-02-03,2023-02-07,Expedited,CA,West,Lot's O' Nuts,4,Lot's O' Nuts → CA,1228.27,446,559.27
2023-07-02,2023-07-05,Standard,OH,Midwest,Wicked Choccy's,3,Wicked Choccy's → OH,499.52,195,265.52
2023-06-11,2023-06-15,Standard,NJ,Northeast,The Other Factory,4,The Other Factory → NJ,333.92,158,191.72000000000003
2023-10-15,2023-10-21,Standard,OH,Midwest,Wicked Choccy's,6,Wicked Choccy's → OH,230.31,91,121.11
2023-11-18,2023-11-20,Expedited,FL,South,Secret Factory,2,Secret Factory → FL,1174.41,475,699.4100000000001
2023-01-21,2023-01-25,Standard,NJ,Northeast,Wicked Choccy's,4,Wicked Choccy's → NJ,908.51,402,426.11
2023-12-19,2023-12-25,Standard,CT,Northeast,Sugar Shack,6,Sugar Shack → CT,633.23,467,399.73
2023-09-09,2023-09-12,Expedited,GA,South,The Other Factory,3,The Other Factory → GA,92.61,45,52.11
2023-11-16,2023-11-20,Standard,PA,Northeast,Sugar Shack,4,Sugar Shack → PA,483.03,334,316.03
2023-12-31,2024-01-04,Expedited,VA,South,Lot's O' Nuts,4,Lot's O' Nuts → VA,55.32,18,28.32
2023-10-30,2023-11-01,Expedited,MI,Midwest,Secret Factory,2,Secret Factory → MI,650.11,272,378.11
2023-09-24,2023-09-25,Expedited,MA,Northeast,Lot's O' Nuts,1,Lot's O' Nuts → MA,972.4,342,459.4
2023-06-06,2023-06-11,Standard,NJ,Northeast,Sugar Shack,5,Sugar Shack → NJ,647.87,393,451.37
2023-12-03,2023-12-07,Standard,OR,West,Secret Factory,4,Secret Factory → OR,1249.04,456,793.04
2023-11-16,2023-11-22,Standard,OR,West,Lot's O' Nuts,6,Lot's O' Nuts → OR,598.34,204,292.34000000000003
2023-12-22,2023-12-28,Standard,MA,Northeast,Sugar Shack,6,Sugar Shack → MA,340.56,218,231.56
2023-03-09,2023-03-18,Standard,VA,South,Sugar Shack,9,Sugar Shack → VA,84.45,52,58.45
2023-12-10,2023-12-11,Expedited,VA,South,Lot's O' Nuts,1,Lot's O' Nuts → VA,1180.27,425,542.77
2023-02-24,2023-02-28,Standard,WA,West,Wicked Choccy's,4,Wicked Choccy's → WA,800.52,302,438.12
2023-02-14,2023-02-18,Expedited,CA,West,Lot's O' Nuts,4,Lot's O' Nuts → CA,271.42,89,137.92000000000002
2023-08-24,2023-08-28,Standard,AZ,West,Sugar Shack,4,Sugar Shack → AZ,182.04,112,126.03999999999999
2023-02-11,2023-02-17,Standard,CA,West,Wicked Choccy's,6,Wicked Choccy's → CA,91.3,35,49.3
2023-07-18,2023-07-22,Expedited,IN,Midwest,Sugar Shack,4,Sugar Shack → IN,498.24,319,338.74
2023-08-29,2023-09-01,Standard,NV,West,Sugar Shack,3,Sugar Shack → NV,70.14,50,45.14
2023-04-12,2023-04-16,Standard,WI,Midwest,Sugar Shack,4,Sugar Shack → WI,510.49,368,326.49
2023-02-08,2023-02-10,Expedited,MI,Midwest,Wicked Choccy's,2,Wicked Choccy's → MI,227.6,93,116.0
2023-10-31,2023-11-04,Standard,CT,Northeast,Sugar Shack,4,Sugar Shack → CT,324.96,228,210.95999999999998
2023-06-26,2023-06-30,Standard,OR,West,Wicked Choccy's,4,Wicked Choccy's → OR,98.07,43,46.46999999999999
2023-09-10,2023-09-14,Expedited,AZ,West,Sugar Shack,4,Sugar Shack → AZ,77.61,50,52.61
2023-08-17,2023-08-22,Standard,OR,West,Lot's O' Nuts,5,Lot's O' Nuts → OR,1140.87,367,590.3699999999999
2023-12-14,2023-12-20,Standard,GA,South,Lot's O' Nuts,6,Lot's O' Nuts → GA,596.96,199,298.46000000000004
2023-09-08,2023-09-11,Standard,OH,Midwest,Sugar Shack,3,Sugar Shack → OH,528.48,363,346.98
2023-08-27,2023-09-02,Standard,NC,South,Secret Factory,6,Secret Factory → NC,560.65,241,319.65
2023-07-17,2023-07-21,Expedited,WA,West,Secret Factory,4,Secret Factory → WA,1167.57,455,712.5699999999999
2023-07-24,2023-07-26,Expedited,NV,West,Sugar Shack,2,Sugar Shack → NV,132.93,87,89.43
2023-04-05,2023-04-12,Standard,CA,West,Wicked Choccy's,7,Wicked Choccy's → CA,427.5,182,209.1
2023-09-12,2023-09-15,Expedited,MI,Midwest,Secret Factory,3,Secret Factory → MI,295.47,126,169.47000000000003
2023-11-07,2023-11-09,Expedited,NJ,Northeast,Secret Factory,2,Secret Factory → NJ,708.25,259,449.25
2023-01-31,2023-02-07,Expedited,CA,West,Sugar Shack,7,Sugar Shack → CA,116.48,82,75.48
2023-09-11,2023-09-16,Standard,NJ,Northeast,Wicked Choccy's,5,Wicked Choccy's → NJ,775.66,333,376.05999999999995
2023-11-19,2023-11-23,Standard,CT,Northeast,Sugar Shack,4,Sugar Shack → CT,403.11,281,262.61
2023-07-11,2023-07-12,Expedited,VA,South,Wicked Choccy's,1,Wicked Choccy's → VA,47.0,19,24.2
2023-08-02,2023-08-07,Standard,MI,Midwest,Wicked Choccy's,5,Wicked Choccy's → MI,904.43,334,503.62999999999994
2023-09-01,2023-09-06,Expedited,VA,South,Sugar Shack,5,Sugar Shack → VA,275.7,174,188.7
2023-10-21,2023-10-27,Standard,OH,Midwest,Wicked Choccy's,6,Wicked Choccy's → OH,1050.76,465,492.76
2023-09-19,2023-09-22,Standard,PA,Northeast,Lot's O' Nuts,3,Lot's O' Nuts → PA,838.48,280,418.48
2023-11-05,2023-11-09,Standard,NV,West,Sugar Shack,4,Sugar Shack → NV,656.11,415,448.61
2023-12-31,2024-01-04,Standard,TX,South,Wicked Choccy's,4,Wicked Choccy's → TX,752.01,334,351.21
2023-07-02,2023-07-07,Standard,CT,Northeast,The Other Factory,5,The Other Factory → CT,1058.29,499,609.1899999999999
2023-06-10,2023-06-11,Expedited,OH,Midwest,The Other Factory,1,The Other Factory → OH,370.74,161,225.84
2023-04-10,2023-04-14,Expedited,FL,South,The Other Factory,4,The Other Factory → FL,861.19,368,529.99
2023-01-06,2023-01-11,Standard,FL,South,Sugar Shack,5,Sugar Shack → FL,529.32,343,357.82000000000005
2023-08-04,2023-08-06,Expedited,NC,South,Lot's O' Nuts,2,Lot's O' Nuts → NC,731.98,238,374.98
2023-10-12,2023-10-17,Standard,MA,Northeast,Wicked Choccy's,5,Wicked Choccy's → MA,580.28,243,288.67999999999995
2023-12-28,2024-01-01,Standard,MA,Northeast,The Other Factory,4,The Other Factory → MA,420.12,175,262.62
2023-03-05,2023-03-09,Standard,VA,South,Lot's O' Nuts,4,Lot's O' Nuts → VA,547.04,171,290.53999999999996
2023-07-12,2023-07-18,Standard,NV,West,The Other Factory,6,The Other Factory → NV,214.49,101,123.59
2023-01-18,2023-01-21,Expedited,VA,South,Sugar Shack,3,Sugar Shack → VA,594.77,380,404.77
2023-03-09,2023-03-14,Standard,CA,West,Secret Factory,5,Secret Factory → CA,1280.0,491,789.0
2023-02-17,2023-02-24,Standard,GA,South,Sugar Shack,7,Sugar Shack → GA,385.18,262,254.18
2023-02-01,2023-02-04,Standard,NJ,Northeast,The Other Factory,3,The Other Factory → NJ,882.33,426,498.93000000000006
2023-03-23,2023-03-26,Standard,FL,South,Lot's O' Nuts,3,Lot's O' Nuts → FL,111.09,36,57.09
2023-12-24,2023-12-30,Standard,NY,Northeast,Wicked Choccy's,6,Wicked Choccy's → NY,1337.25,498,739.65
2023-09-14,2023-09-20,Expedited,NC,South,Sugar Shack,6,Sugar Shack → NC,428.09,271,292.59
2023-09-10,2023-09-14,Standard,CT,Northeast,Lot's O' Nuts,4,Lot's O' Nuts → CT,846.42,311,379.91999999999996
2023-04-28,2023-05-04,Standard,NY,Northeast,The Other Factory,6,The Other Factory → NY,641.35,270,398.35
2023-03-26,2023-03-31,Standard,OH,Midwest,Secret Factory,5,Secret Factory → OH,369.11,146,223.11
2023-09-19,2023-09-22,Expedited,OH,Midwest,Secret Factory,3,Secret Factory → OH,424.97,181,243.97000000000003
2023-05-14,2023-05-20,Standard,OR,West,Secret Factory,6,Secret Factory → OR,869.37,318,551.37
2023-12-10,2023-12-13,Standard,PA,Northeast,The Other Factory,3,The Other Factory → PA,485.48,208,298.28000000000003
2023-04-16,2023-04-19,Expedited,FL,South,Wicked Choccy's,3,Wicked Choccy's → FL,481.49,194,248.69
2023-11-28,2023-12-03,Standard,FL,South,Wicked Choccy's,5,Wicked Choccy's → FL,37.73,16,18.529999999999998
2023-04-03,2023-04-07,Expedited,IN,Midwest,Sugar Shack,4,Sugar Shack → IN,547.42,378,358.41999999999996
2023-07-20,2023-07-25,Standard,IN,Midwest,The Other Factory,5,The Other Factory → IN,1006.71,417,631.4100000000001
2023-05-08,2023-05-10,Expedited,CA,West,Lot's O' Nuts,2,Lot's O' Nuts → CA,1415.08,494,674.0799999999999
2023-01-01,2023-01-03,Expedited,NJ,Northeast,Sugar Shack,2,Sugar Shack → NJ,80.6,59,51.099999999999994
2023-04-21,2023-04-27,Standard,MA,Northeast,Wicked Choccy's,6,Wicked Choccy's → MA,777.85,344,365.05
2023-01-18,2023-01-22,Standard,FL,South,Lot's O' Nuts,4,Lot's O' Nuts → FL,230.87,71,124.37
2023-12-16,2023-12-19,Standard,PA,Northeast,Lot's O' Nuts,3,Lot's O' Nuts → PA,1082.38,381,510.8800000000001
2023-10-24,2023-10-30,Standard,GA,South,The Other Factory,6,The Other Factory → GA,96.68,42,58.88000000000001
2023-03-20,2023-03-23,Standard,NV,West,Wicked Choccy's,3,Wicked Choccy's → NV,72.46,29,37.66
2023-08-27,2023-08-30,Standard,IL,Midwest,Secret Factory,3,Secret Factory → IL,789.4,346,443.4
2023-05-24,2023-05-25,Expedited,PA,Northeast,Sugar Shack,1,Sugar Shack → PA,505.35,353,328.85
2023-04-07,2023-04-12,Expedited,NY,Northeast,Wicked Choccy's,5,Wicked Choccy's → NY,806.92,296,451.71999999999997
2023-09-08,2023-09-13,Standard,OR,West,Wicked Choccy's,5,Wicked Choccy's → OR,646.47,243,354.87
2023-10-06,2023-10-08,Expedited,GA,South,Wicked Choccy's,2,Wicked Choccy's → GA,455.46,174,246.65999999999997
2023-06-27,2023-07-03,Standard,WI,Midwest,Secret Factory,6,Secret Factory → WI,492.49,187,305.49
2023-03-17,2023-03-18,Expedited,MA,Northeast,Secret Factory,1,Secret Factory → MA,755.76,318,437.76
2023-03-12,2023-03-18,Standard,NC,South,Sugar Shack,6,Sugar Shack → NC,277.85,185,185.35000000000002
2023-11-17,2023-11-21,Standard,VA,South,Wicked Choccy's,4,Wicked Choccy's → VA,1178.97,445,644.97
2023-03-13,2023-03-15,Expedited,NY,Northeast,Wicked Choccy's,2,Wicked Choccy's → NY,635.33,276,304.13000000000005
2023-01-03,2023-01-08,Standard,OH,Midwest,Sugar Shack,5,Sugar Shack → OH,360.12,260,230.12
2023-07-11,2023-07-17,Standard,CT,Northeast,The Other Factory,6,The Other Factory → CT,272.53,122,162.72999999999996
2023-07-28,2023-08-01,Standard,IN,Midwest,Lot's O' Nuts,4,Lot's O' Nuts → IN,1015.33,376,451.33000000000004
2023-09-16,2023-09-19,Expedited,PA,Northeast,Lot's O' Nuts,3,Lot's O' Nuts → PA,419.41,133,219.91000000000003
2023-06-05,2023-06-08,Standard,WA,West,Wicked Choccy's,3,Wicked Choccy's → WA,372.0,161,178.8
2023-04-06,2023-04-09,Standard,OR,West,Lot's O' Nuts,3,Lot's O' Nuts → OR,738.32,226,399.32000000000005
2023-12-05,2023-12-11,Standard,AZ,West,Secret Factory,6,Secret Factory → AZ,473.2,201,272.2
2023-08-08,2023-08-14,Standard,CT,Northeast,The Other Factory,6,The Other Factory → CT,57.2,26,33.800000000000004
2023-06-29,2023-07-03,Expedited,NC,South,Lot's O' Nuts,4,Lot's O' Nuts → NC,1194.25,395,601.75
2023-02-20,2023-02-24,Expedited,NC,South,Secret Factory,4,Secret Factory → NC,79.21,29,50.209999999999994
2023-02-14,2023-02-18,Standard,VA,South,Secret Factory,4,Secret Factory → VA,1012.82,380,632.82
2023-11-20,2023-11-22,Expedited,NJ,Northeast,Lot's O' Nuts,2,Lot's O' Nuts → NJ,1049.64,319,571.1400000000001
2023-01-18,2023-01-25,Expedited,VA,South,Sugar Shack,7,Sugar Shack → VA,477.31,324,315.31
2023-01-06,2023-01-10,Standard,AZ,West,Wicked Choccy's,4,Wicked Choccy's → AZ,589.68,247,293.28
2023-10-17,2023-10-23,Standard,OR,West,Secret Factory,6,Secret Factory → OR,267.41,99,168.41000000000003
2023-05-31,2023-06-06,Standard,OR,West,Wicked Choccy's,6,Wicked Choccy's → OR,171.16,66,91.96
2023-02-09,2023-02-15,Standard,NJ,Northeast,Wicked Choccy's,6,Wicked Choccy's → NJ,1067.26,407,578.86
2023-12-01,2023-12-08,Standard,NY,Northeast,Wicked Choccy's,7,Wicked Choccy's → NY,1173.96,453,630.36
2023-09-10,2023-09-16,Standard,NY,Northeast,Wicked Choccy's,6,Wicked Choccy's → NY,1065.63,389,598.8300000000002
2023-11-06,2023-11-12,Standard,NV,West,The Other Factory,6,The Other Factory → NV,45.83,20,27.83
2023-12-22,2023-12-27,Standard,NV,West,Sugar Shack,5,Sugar Shack → NV,353.5,233,237.0
2023-08-05,2023-08-14,Standard,CA,West,Lot's O' Nuts,9,Lot's O' Nuts → CA,645.92,215,323.41999999999996
2023-05-05,2023-05-11,Standard,CA,West,Wicked Choccy's,6,Wicked Choccy's → CA,614.02,238,328.41999999999996
2023-10-07,2023-10-16,Standard,NC,South,Sugar Shack,9,Sugar Shack → NC,104.74,69,70.24
2023-04-29,2023-05-05,Standard,MI,Midwest,Wicked Choccy's,6,Wicked Choccy's → MI,36.54,15,18.54
2023-09-19,2023-09-22,Standard,AZ,West,Lot's O' Nuts,3,Lot's O' Nuts → AZ,532.66,165,285.15999999999997
2023-03-12,2023-03-14,Expedited,IN,Midwest,Sugar Shack,2,Sugar Shack → IN,520.86,349,346.36
2023-09-03,2023-09-06,Standard,WA,West,Wicked Choccy's,3,Wicked Choccy's → WA,217.02,84,116.22000000000001
2023-09-19,2023-09-22,Standard,NV,West,Wicked Choccy's,3,Wicked Choccy's → NV,697.38,299,338.58
2023-11-17,2023-11-21,Expedited,FL,South,Secret Factory,4,Secret Factory → FL,105.05,40,65.05
2023-01-22,2023-01-31,Standard,NY,Northeast,Sugar Shack,9,Sugar Shack → NY,367.66,240,247.66000000000003
2023-04-26,2023-04-30,Expedited,CT,Northeast,Wicked Choccy's,4,Wicked Choccy's → CT,913.22,340,505.22
2023-11-22,2023-11-28,Standard,WI,Midwest,Wicked Choccy's,6,Wicked Choccy's → WI,926.45,405,440.45000000000005
2023-11-04,2023-11-09,Standard,NY,Northeast,Lot's O' Nuts,5,Lot's O' Nuts → NY,570.42,199,271.91999999999996
2023-05-24,2023-05-27,Expedited,GA,South,Secret Factory,3,Secret Factory → GA,1153.95,480,673.95
2023-08-29,2023-08-31,Expedited,NJ,Northeast,The Other Factory,2,The Other Factory → NJ,532.08,250,307.08000000000004
2023-12-21,2023-12-24,Standard,VA,South,Secret Factory,3,Secret Factory → VA,353.91,138,215.91000000000003
2023-05-19,2023-05-22,Expedited,MI,Midwest,Sugar Shack,3,Sugar Shack → MI,673.94,474,436.94000000000005
2023-04-08,2023-04-16,Expedited,FL,South,Sugar Shack,8,Sugar Shack → FL,221.75,145,149.25
2023-12-09,2023-12-14,Standard,MI,Midwest,Wicked Choccy's,5,Wicked Choccy's → MI,943.0,374,494.2
2023-06-14,2023-06-17,Standard,CT,Northeast,Wicked Choccy's,3,Wicked Choccy's → CT,992.32,380,536.32
2023-05-30,2023-06-02,Expedited,WI,Midwest,Wicked Choccy's,3,Wicked Choccy's → WI,277.44,103,153.84
2023-09-12,2023-09-17,Standard,IN,Midwest,Sugar Shack,5,Sugar Shack → IN,740.46,487,496.96000000000004
2023-10-03,2023-10-08,Standard,MI,Midwest,Sugar Shack,5,Sugar Shack → MI,119.72,73,83.22
2023-10-09,2023-10-18,Standard,CA,West,Secret Factory,9,Secret Factory → CA,657.6,242,415.6
2023-10-09,2023-10-13,Standard,VA,South,The Other Factory,4,The Other Factory → VA,292.36,146,160.96
2023-08-07,2023-08-12,Standard,NV,West,Secret Factory,5,Secret Factory → NV,164.71,71,93.71000000000001
2023-03-04,2023-03-08,Expedited,CA,West,Sugar Shack,4,Sugar Shack → CA,438.06,290,293.06
2023-03-07,2023-03-10,Standard,PA,Northeast,Lot's O' Nuts,3,Lot's O' Nuts → PA,41.5,15,19.0
2023-11-16,2023-11-24,Standard,NC,South,Sugar Shack,8,Sugar Shack → NC,735.16,485,492.65999999999997
2023-05-02,2023-05-06,Standard,AZ,West,Wicked Choccy's,4,Wicked Choccy's → AZ,257.33,97,140.92999999999998
2023-07-16,2023-07-21,Standard,WA,West,Wicked Choccy's,5,Wicked Choccy's → WA,1057.09,424,548.29
2023-02-18,2023-02-22,Standard,PA,Northeast,Wicked Choccy's,4,Wicked Choccy's → PA,1088.94,466,529.74
2023-04-23,2023-05-02,Standard,CA,West,Sugar Shack,9,Sugar Shack → CA,492.13,306,339.13
2023-07-17,2023-07-20,Standard,OH,Midwest,Secret Factory,3,Secret Factory → OH,570.76,219,351.76
2023-08-15,2023-08-16,Expedited,CT,Northeast,Wicked Choccy's,1,Wicked Choccy's → CT,755.54,287,411.14
2023-04-16,2023-04-19,Standard,CT,Northeast,Secret Factory,3,Secret Factory → CT,663.5,265,398.5
2023-07-18,2023-07-21,Standard,MI,Midwest,Secret Factory,3,Secret Factory → MI,845.9,317,528.9
2023-12-16,2023-12-21,Standard,IN,Midwest,Secret Factory,5,Secret Factory → IN,465.98,190,275.98
2023-05-08,2023-05-14,Standard,IN,Midwest,Sugar Shack,6,Sugar Shack → IN,34.23,22,23.229999999999997
2023-10-16,2023-10-17,Expedited,NV,West,Wicked Choccy's,1,Wicked Choccy's → NV,529.99,209,279.19
2023-07-04,2023-07-10,Standard,NV,West,Secret Factory,6,Secret Factory → NV,1169.48,475,694.48
2023-08-12,2023-08-22,Standard,FL,South,Sugar Shack,10,Sugar Shack → FL,126.05,90,81.05
2023-10-27,2023-10-30,Expedited,IL,Midwest,The Other Factory,3,The Other Factory → IL,78.7,34,48.1
2023-02-16,2023-02-19,Standard,AZ,West,Wicked Choccy's,3,Wicked Choccy's → AZ,315.97,138,150.37000000000003
2023-05-11,2023-05-17,Standard,MI,Midwest,Secret Factory,6,Secret Factory → MI,408.2,152,256.2
2023-04-06,2023-04-09,Standard,MA,Northeast,Wicked Choccy's,3,Wicked Choccy's → MA,343.8,128,190.20000000000002
2023-11-14,2023-11-20,Standard,MI,Midwest,Lot's O' Nuts,6,Lot's O' Nuts → MI,1310.75,468,608.75
2023-01-09,2023-01-14,Expedited,CA,West,Wicked Choccy's,5,Wicked Choccy's → CA,654.32,283,314.72
2023-08-25,2023-08-29,Standard,FL,South,The Other Factory,4,The Other Factory → FL,314.04,135,192.54000000000002
2023-06-16,2023-06-17,Expedited,VA,South,Wicked Choccy's,1,Wicked Choccy's → VA,488.99,211,235.79000000000002
2023-01-25,2023-01-30,Standard,OH,Midwest,Secret Factory,5,Secret Factory → OH,800.4,303,497.4
2023-08-25,2023-08-27,Expedited,PA,Northeast,Wicked Choccy's,2,Wicked Choccy's → PA,236.45,92,126.04999999999998
2023-01-22,2023-01-28,Standard,PA,Northeast,Lot's O' Nuts,6,Lot's O' Nuts → PA,890.2,280,470.20000000000005
2023-12-13,2023-12-18,Standard,CT,Northeast,Secret Factory,5,Secret Factory → CT,1051.74,412,639.74
2023-07-27,2023-08-02,Standard,PA,Northeast,Sugar Shack,6,Sugar Shack → PA,117.77,74,80.77
2023-04-16,2023-04-22,Standard,GA,South,Lot's O' Nuts,6,Lot's O' Nuts → GA,599.74,205,292.24
2023-07-11,2023-07-14,Standard,NC,South,Lot's O' Nuts,3,Lot's O' Nuts → NC,355.36,120,175.36
2023-11-23,2023-11-25,Expedited,CT,Northeast,Wicked Choccy's,2,Wicked Choccy's → CT,905.23,342,494.83000000000004
2023-07-22,2023-07-26,Expedited,IL,Midwest,Wicked Choccy's,4,Wicked Choccy's → IL,346.58,139,179.77999999999997
2023-08-27,2023-09-02,Standard,FL,South,Secret Factory,6,Secret Factory → FL,85.42,36,49.42
2023-03-16,2023-03-22,Standard,GA,South,Lot's O' Nuts,6,Lot's O' Nuts → GA,1392.67,475,680.1700000000001
2023-12-01,2023-12-07,Standard,AZ,West,Secret Factory,6,Secret Factory → AZ,81.51,30,51.510000000000005
2023-09-03,2023-09-07,Standard,GA,South,Lot's O' Nuts,4,Lot's O' Nuts → GA,49.43,15,26.93
2023-03-16,2023-03-20,Standard,TX,South,The Other Factory,4,The Other Factory → TX,733.48,332,434.68
2023-01-13,2023-01-17,Expedited,MA,Northeast,Secret Factory,4,Secret Factory → MA,478.89,187,291.89
2023-05-26,2023-06-01,Standard,AZ,West,Sugar Shack,6,Sugar Shack → AZ,595.51,398,396.51
2023-09-21,2023-09-25,Expedited,WA,West,Lot's O' Nuts,4,Lot's O' Nuts → WA,554.25,179,285.75
2023-08-14,2023-08-16,Expedited,OH,Midwest,Sugar Shack,2,Sugar Shack → OH,87.5,57,59.0
2023-05-22,2023-05-25,Standard,IL,Midwest,Secret Factory,3,Secret Factory → IL,1153.6,498,655.5999999999999
2023-08-03,2023-08-05,Expedited,IN,Midwest,The Other Factory,2,The Other Factory → IN,506.32,228,301.12
2023-05-11,2023-05-17,Standard,CA,West,Wicked Choccy's,6,Wicked Choccy's → CA,951.69,382,493.2900000000001
2023-02-03,2023-02-07,Expedited,PA,Northeast,Wicked Choccy's,4,Wicked Choccy's → PA,155.72,68,74.12
2023-08-24,2023-08-31,Expedited,NC,South,Sugar Shack,7,Sugar Shack → NC,515.98,333,349.48
2023-09-27,2023-09-29,Expedited,VA,South,Wicked Choccy's,2,Wicked Choccy's → VA,332.18,125,182.18
2023-08-11,2023-08-14,Expedited,GA,South,Secret Factory,3,Secret Factory → GA,725.14,265,460.14
2023-07-27,2023-07-31,Standard,GA,South,Lot's O' Nuts,4,Lot's O' Nuts → GA,833.25,294,392.25
2023-04-23,2023-04-26,Expedited,PA,Northeast,Wicked Choccy's,3,Wicked Choccy's → PA,579.3,221,314.09999999999997
2023-08-03,2023-08-07,Standard,GA,South,The Other Factory,4,The Other Factory → GA,721.07,329,424.97
2023-12-06,2023-12-12,Standard,TX,South,Lot's O' Nuts,6,Lot's O' Nuts → TX,259.47,88,127.47000000000003
2023-01-16,2023-01-27,Standard,TX,South,Sugar Shack,11,Sugar Shack → TX,794.18,485,551.68
2023-10-29,2023-11-01,Expedited,NJ,Northeast,Wicked Choccy's,3,Wicked Choccy's → NJ,342.41,134,181.61
2023-03-26,2023-04-01,Standard,WI,Midwest,Sugar Shack,6,Sugar Shack → WI,613.19,446,390.19000000000005
2023-02-12,2023-02-18,Standard,WA,West,Lot's O' Nuts,6,Lot's O' Nuts → WA,1292.28,469,588.78
2023-12-24,2023-12-29,Standard,CA,West,Wicked Choccy's,5,Wicked Choccy's → CA,435.95,159,245.14999999999998
2023-07-07,2023-07-15,Standard,CA,West,Sugar Shack,8,Sugar Shack → CA,83.06,61,52.56
2023-10-26,2023-10-30,Standard,AZ,West,Lot's O' Nuts,4,Lot's O' Nuts → AZ,1160.01,414,539.01
2023-07-20,2023-07-23,Standard,OR,West,Secret Factory,3,Secret Factory → OR,1112.02,435,677.02
2023-03-12,2023-03-14,Expedited,CT,Northeast,Lot's O' Nuts,2,Lot's O' Nuts → CT,1073.15,339,564.6500000000001
2023-09-21,2023-09-26,Standard,CT,Northeast,Lot's O' Nuts,5,Lot's O' Nuts → CT,76.34,26,37.34
2023-06-23,2023-06-28,Standard,NJ,Northeast,Wicked Choccy's,5,Wicked Choccy's → NJ,412.28,160,220.27999999999997
2023-07-25,2023-07-29,Standard,MI,Midwest,Secret Factory,4,Secret Factory → MI,329.93,133,196.93
2023-12-27,2024-01-01,Standard,CA,West,Wicked Choccy's,5,Wicked Choccy's → CA,178.69,65,100.69
2023-03-06,2023-03-09,Expedited,OR,West,Wicked Choccy's,3,Wicked Choccy's → OR,725.11,306,357.91
2023-09-04,2023-09-09,Expedited,NY,Northeast,Secret Factory,5,Secret Factory → NY,1163.74,468,695.74
2023-01-18,2023-01-21,Standard,IN,Midwest,Sugar Shack,3,Sugar Shack → IN,47.58,35,30.08
2023-05-10,2023-05-16,Standard,IN,Midwest,Secret Factory,6,Secret Factory → IN,1070.48,411,659.48
2023-06-15,2023-06-19,Expedited,MI,Midwest,Secret Factory,4,Secret Factory → MI,835.37,347,488.37
2023-10-18,2023-10-22,Expedited,WA,West,Wicked Choccy's,4,Wicked Choccy's → WA,142.13,57,73.72999999999999
2023-06-21,2023-06-27,Standard,WA,West,Wicked Choccy's,6,Wicked Choccy's → WA,1194.47,500,594.47
2023-04-14,2023-04-20,Expedited,NY,Northeast,Wicked Choccy's,6,Wicked Choccy's → NY,1071.57,419,568.77
2023-06-22,2023-06-24,Expedited,NV,West,Lot's O' Nuts,2,Lot's O' Nuts → NV,329.06,118,152.06
2023-12-15,2023-12-19,Standard,VA,South,The Other Factory,4,The Other Factory → VA,537.93,232,329.12999999999994
2023-01-21,2023-01-25,Expedited,VA,South,Secret Factory,4,Secret Factory → VA,76.55,32,44.55
2023-01-10,2023-01-14,Expedited,NV,West,Secret Factory,4,Secret Factory → NV,1203.66,485,718.6600000000001
2023-11-08,2023-11-10,Expedited,MI,Midwest,The Other Factory,2,The Other Factory → MI,503.15,240,287.15
2023-11-30,2023-12-05,Standard,WI,Midwest,Lot's O' Nuts,5,Lot's O' Nuts → WI,36.22,12,18.22
2023-01-21,2023-01-27,Standard,PA,Northeast,Wicked Choccy's,6,Wicked Choccy's → PA,92.8,34,52.0
2023-05-21,2023-05-27,Standard,NY,Northeast,The Other Factory,6,The Other Factory → NY,637.59,264,399.99
2023-04-20,2023-04-24,Expedited,TX,South,The Other Factory,4,The Other Factory → TX,682.9,297,415.59999999999997
2023-04-01,2023-04-04,Standard,IL,Midwest,The Other Factory,3,The Other Factory → IL,403.1,178,242.90000000000003
2023-09-03,2023-09-06,Expedited,WA,West,Lot's O' Nuts,3,Lot's O' Nuts → WA,297.07,96,153.07
2023-12-10,2023-12-12,Expedited,PA,Northeast,Sugar Shack,2,Sugar Shack → PA,535.88,383,344.38
2023-02-19,2023-02-24,Standard,VA,South,Sugar Shack,5,Sugar Shack → VA,143.47,89,98.97
2023-01-02,2023-01-03,Expedited,OR,West,Wicked Choccy's,1,Wicked Choccy's → OR,992.73,401,511.53000000000003
2023-03-04,2023-03-09,Standard,CT,Northeast,The Other Factory,5,The Other Factory → CT,830.85,412,460.05
2023-02-17,2023-02-20,Expedited,IN,Midwest,Sugar Shack,3,Sugar Shack → IN,516.43,381,325.92999999999995
2023-11-14,2023-11-18,Standard,WA,West,Lot's O' Nuts,4,Lot's O' Nuts → WA,883.39,277,467.89
2023-10-01,2023-10-07,Standard,MA,Northeast,Wicked Choccy's,6,Wicked Choccy's → MA,1090.78,415,592.78
2023-02-23,2023-03-01,Standard,PA,Northeast,The Other Factory,6,The Other Factory → PA,908.63,406,543.23
2023-12-24,2023-12-30,Standard,IN,Midwest,Lot's O' Nuts,6,Lot's O' Nuts → IN,601.81,208,289.80999999999995
2023-07-08,2023-07-14,Standard,CA,West,Wicked Choccy's,6,Wicked Choccy's → CA,49.39,18,27.79
2023-07-10,2023-07-15,Expedited,NY,Northeast,Sugar Shack,5,Sugar Shack → NY,125.03,78,86.03
2023-11-01,2023-11-07,Standard,AZ,West,The Other Factory,6,The Other Factory → AZ,708.56,293,444.85999999999996
2023-06-24,2023-06-30,Standard,OR,West,Lot's O' Nuts,6,Lot's O' Nuts → OR,435.74,160,195.74
2023-02-24,2023-03-02,Standard,FL,South,Lot's O' Nuts,6,Lot's O' Nuts → FL,252.42,88,120.41999999999999
2023-07-30,2023-08-04,Standard,TX,South,Lot's O' Nuts,5,Lot's O' Nuts → TX,591.57,218,264.57000000000005
2023-05-26,2023-05-27,Expedited,IL,Midwest,Sugar Shack,1,Sugar Shack → IL,269.88,195,172.38
2023-05-16,2023-05-22,Standard,TX,South,Sugar Shack,6,Sugar Shack → TX,174.68,128,110.68
2023-06-09,2023-06-12,Expedited,AZ,West,The Other Factory,3,The Other Factory → AZ,1053.72,474,627.12
2023-06-02,2023-06-09,Standard,NY,Northeast,Lot's O' Nuts,7,Lot's O' Nuts → NY,1003.39,346,484.39
2023-01-27,2023-01-29,Expedited,CA,West,Wicked Choccy's,2,Wicked Choccy's → CA,1159.64,466,600.44
2023-08-29,2023-09-02,Standard,CT,Northeast,Sugar Shack,4,Sugar Shack → CT,509.15,312,353.15
2023-05-07,2023-05-10,Standard,FL,South,Lot's O' Nuts,3,Lot's O' Nuts → FL,1058.2,332,560.2
2023-08-29,2023-08-31,Expedited,OH,Midwest,Wicked Choccy's,2,Wicked Choccy's → OH,491.08,218,229.47999999999996
2023-09-25,2023-09-28,Standard,IN,Midwest,Sugar Shack,3,Sugar Shack → IN,325.06,230,210.06
2023-12-08,2023-12-12,Standard,WI,Midwest,Secret Factory,4,Secret Factory → WI,593.9,217,376.9
2023-07-30,2023-08-02,Standard,GA,South,The Other Factory,3,The Other Factory → GA,803.18,371,469.28
2023-11-28,2023-12-04,Expedited,NY,Northeast,The Other Factory,6,The Other Factory → NY,819.79,392,466.98999999999995
2023-03-07,2023-03-11,Standard,WI,Midwest,The Other Factory,4,The Other Factory → WI,176.55,77,107.25000000000001
2023-04-29,2023-05-05,Standard,CA,West,Wicked Choccy's,6,Wicked Choccy's → CA,412.18,151,230.98000000000002
2023-10-22,2023-10-23,Expedited,IL,Midwest,Lot's O' Nuts,1,Lot's O' Nuts → IL,610.88,221,279.38
2023-04-16,2023-04-17,Expedited,OH,Midwest,Secret Factory,1,Secret Factory → OH,1105.21,454,651.21
2023-07-30,2023-08-03,Standard,NC,South,Secret Factory,4,Secret Factory → NC,281.13,115,166.13
2023-04-07,2023-04-11,Expedited,NJ,Northeast,Wicked Choccy's,4,Wicked Choccy's → NJ,83.16,35,41.16
2023-08-10,2023-08-11,Expedited,IL,Midwest,Secret Factory,1,Secret Factory → IL,974.39,393,581.39
2023-05-29,2023-06-03,Expedited,NY,Northeast,Wicked Choccy's,5,Wicked Choccy's → NY,357.8,153,174.20000000000002
2023-01-08,2023-01-13,Standard,AZ,West,Secret Factory,5,Secret Factory → AZ,800.77,339,461.77
2023-04-13,2023-04-19,Standard,NJ,Northeast,Sugar Shack,6,Sugar Shack → NJ,180.74,122,119.74000000000001
2023-03-10,2023-03-14,Standard,IN,Midwest,Lot's O' Nuts,4,Lot's O' Nuts → IN,188.8,66,89.80000000000001
2023-07-09,2023-07-14,Standard,TX,South,The Other Factory,5,The Other Factory → TX,845.79,392,492.98999999999995
2023-02-02,2023-02-05,Expedited,WA,West,The Other Factory,3,The Other Factory → WA,885.1,424,503.5
2023-12-09,2023-12-10,Expedited,IN,Midwest,The Other Factory,1,The Other Factory → IN,206.55,86,129.15
2023-06-17,2023-06-23,Standard,CT,Northeast,The Other Factory,6,The Other Factory → CT,224.81,109,126.71000000000001
2023-06-06,2023-06-12,Standard,GA,South,Secret Factory,6,Secret Factory → GA,940.18,352,588.18
2023-11-05,2023-11-09,Standard,TX,South,The Other Factory,4,The Other Factory → TX,970.8,465,552.3
2023-01-24,2023-02-01,Expedited,NC,South,Sugar Shack,8,Sugar Shack → NC,186.39,126,123.38999999999999
2023-10-15,2023-10-21,Standard,CA,West,Lot's O' Nuts,6,Lot's O' Nuts → CA,708.38,220,378.38
2023-04-15,2023-04-16,Expedited,CT,Northeast,Secret Factory,1,Secret Factory → CT,160.61,62,98.61000000000001
2023-10-08,2023-10-10,Expedited,OH,Midwest,Secret Factory,2,Secret Factory → OH,457.39,199,258.39
2023-05-12,2023-05-18,Expedited,NY,Northeast,Lot's O' Nuts,6,Lot's O' Nuts → NY,165.56,57,80.06
2023-05-02,2023-05-05,Expedited,CA,West,The Other Factory,3,The Other Factory → CA,577.64,253,349.94
2023-10-05,2023-10-07,Expedited,NV,West,Wicked Choccy's,2,Wicked Choccy's → NV,1024.11,417,523.7099999999999
2023-06-19,2023-06-24,Standard,AZ,West,Lot's O' Nuts,5,Lot's O' Nuts → AZ,29.56,10,14.559999999999999
2023-06-28,2023-07-01,Standard,CT,Northeast,Sugar Shack,3,Sugar Shack → CT,535.15,388,341.15
2023-11-18,2023-11-22,Standard,OR,West,The Other Factory,4,The Other Factory → OR,297.28,129,181.17999999999998
2023-04-02,2023-04-08,Standard,OH,Midwest,Wicked Choccy's,6,Wicked Choccy's → OH,105.81,41,56.61
2023-04-26,2023-04-30,Standard,IL,Midwest,The Other Factory,4,The Other Factory → IL,444.42,197,267.12
2023-06-03,2023-06-05,Expedited,IL,Midwest,Secret Factory,2,Secret Factory → IL,614.64,252,362.64
2023-03-29,2023-04-04,Standard,AZ,West,Sugar Shack,6,Sugar Shack → AZ,89.4,65,56.900000000000006
2023-03-22,2023-03-28,Standard,WA,West,Wicked Choccy's,6,Wicked Choccy's → WA,330.18,127,177.78
2023-03-27,2023-04-05,Standard,NC,South,Sugar Shack,9,Sugar Shack → NC,318.17,227,204.67000000000002
2023-08-16,2023-08-22,Standard,GA,South,Sugar Shack,6,Sugar Shack → GA,312.19,217,203.69
2023-10-02,2023-10-06,Standard,AZ,West,Secret Factory,4,Secret Factory → AZ,1072.42,471,601.4200000000001
2023-12-25,2023-12-29,Standard,AZ,West,The Other Factory,4,The Other Factory → AZ,81.69,37,48.39
2023-10-03,2023-10-04,Expedited,OH,Midwest,Wicked Choccy's,1,Wicked Choccy's → OH,335.09,133,175.48999999999998
2023-02-12,2023-02-16,Standard,OR,West,Sugar Shack,4,Sugar Shack → OR,607.71,433,391.21000000000004
2023-08-07,2023-08-09,Expedited,OH,Midwest,Secret Factory,2,Secret Factory → OH,942.5,367,575.5
2023-09-23,2023-09-29,Standard,NY,Northeast,Wicked Choccy's,6,Wicked Choccy's → NY,571.42,245,277.41999999999996
2023-05-22,2023-05-24,Expedited,CA,West,Sugar Shack,2,Sugar Shack → CA,718.39,451,492.89
2023-01-16,2023-01-17,Expedited,FL,South,Lot's O' Nuts,1,Lot's O' Nuts → FL,161.86,52,83.86000000000001
2023-09-04,2023-09-07,Standard,CT,Northeast,Lot's O' Nuts,3,Lot's O' Nuts → CT,1271.42,413,651.9200000000001
2023-11-06,2023-11-09,Standard,MI,Midwest,Lot's O' Nuts,3,Lot's O' Nuts → MI,1351.4,416,727.4000000000001
2023-11-27,2023-12-06,Standard,GA,South,Sugar Shack,9,Sugar Shack → GA,235.08,157,156.58
2023-02-09,2023-02-12,Standard,MI,Midwest,Wicked Choccy's,3,Wicked Choccy's → MI,414.75,170,210.75
2023-01-21,2023-01-24,Standard,NJ,Northeast,The Other Factory,3,The Other Factory → NJ,24.98,11,15.08
2023-05-06,2023-05-11,Standard,GA,South,Secret Factory,5,Secret Factory → GA,653.32,281,372.32000000000005
2023-07-13,2023-07-18,Standard,WA,West,The Other Factory,5,The Other Factory → WA,563.75,271,319.85
2023-06-14,2023-06-18,Standard,OR,West,Sugar Shack,4,Sugar Shack → OR,625.97,411,420.47
2023-01-22,2023-01-26,Standard,NV,West,The Other Factory,4,The Other Factory → NV,287.34,133,167.64
2023-11-11,2023-11-14,Standard,CT,Northeast,The Other Factory,3,The Other Factory → CT,913.17,405,548.67
2023-11-22,2023-11-27,Standard,OH,Midwest,The Other Factory,5,The Other Factory → OH,840.28,420,462.28
2023-03-04,2023-03-07,Standard,VA,South,Secret Factory,3,Secret Factory → VA,366.48,143,223.48000000000002
2023-05-13,2023-05-15,Expedited,NJ,Northeast,Wicked Choccy's,2,Wicked Choccy's → NJ,643.06,274,314.25999999999993
2023-04-07,2023-04-11,Standard,NV,West,The Other Factory,4,The Other Factory → NV,711.13,354,392.53
2023-12-23,2023-12-28,Standard,FL,South,Secret Factory,5,Secret Factory → FL,522.94,218,304.94000000000005
2023-01-11,2023-01-17,Standard,PA,Northeast,Wicked Choccy's,6,Wicked Choccy's → PA,273.94,119,131.14
2023-05-09,2023-05-16,Expedited,NY,Northeast,Lot's O' Nuts,7,Lot's O' Nuts → NY,262.15,90,127.14999999999998
2023-07-11,2023-07-15,Standard,WA,West,Sugar Shack,4,Sugar Shack → WA,588.48,379,398.98
2023-06-24,2023-06-27,Standard,MI,Midwest,The Other Factory,3,The Other Factory → MI,710.06,352,393.25999999999993
2023-07-13,2023-07-14,Expedited,MA,Northeast,Sugar Shack,1,Sugar Shack → MA,574.19,405,371.69000000000005
2023-02-25,2023-03-01,Standard,WI,Midwest,Sugar Shack,4,Sugar Shack → WI,715.44,435,497.94000000000005
2023-06-19,2023-06-20,Expedited,CT,Northeast,Wicked Choccy's,1,Wicked Choccy's → CT,918.32,354,493.52000000000004
2023-01-20,2023-01-24,Standard,OR,West,Sugar Shack,4,Sugar Shack → OR,190.35,116,132.35
2023-07-01,2023-07-04,Standard,VA,South,Wicked Choccy's,3,Wicked Choccy's → VA,554.22,212,299.82000000000005
2023-03-14,2023-03-22,Expedited,CA,West,Lot's O' Nuts,8,Lot's O' Nuts → CA,1223.09,379,654.5899999999999
2023-03-05,2023-03-07,Expedited,AZ,West,The Other Factory,2,The Other Factory → AZ,632.33,313,350.63000000000005
2023-12-14,2023-12-19,Standard,PA,Northeast,Wicked Choccy's,5,Wicked Choccy's → PA,283.7,125,133.7
2023-07-28,2023-08-04,Expedited,CA,West,Lot's O' Nuts,7,Lot's O' Nuts → CA,576.25,209,262.75
2023-09-14,2023-09-17,Expedited,CA,West,Secret Factory,3,Secret Factory → CA,962.5,425,537.5
2023-02-24,2023-03-01,Standard,NY,Northeast,Sugar Shack,5,Sugar Shack → NY,529.67,362,348.66999999999996
2023-08-30,2023-08-31,Expedited,GA,South,Secret Factory,1,Secret Factory → GA,1030.21,381,649.21
2023-01-02,2023-01-07,Standard,IN,Midwest,The Other Factory,5,The Other Factory → IN,184.84,78,114.64
2023-02-09,2023-02-13,Expedited,CA,West,Sugar Shack,4,Sugar Shack → CA,411.17,286,268.17
2023-04-29,2023-05-01,Expedited,MA,Northeast,Secret Factory,2,Secret Factory → MA,1091.14,397,694.1400000000001
2023-04-10,2023-04-14,Standard,OH,Midwest,Wicked Choccy's,4,Wicked Choccy's → OH,111.39,47,54.99
2023-05-21,2023-05-28,Standard,NC,South,Sugar Shack,7,Sugar Shack → NC,576.01,366,393.01
2023-05-31,2023-06-04,Expedited,NY,Northeast,Wicked Choccy's,4,Wicked Choccy's → NY,327.0,131,169.8
2023-07-22,2023-07-26,Standard,NY,Northeast,Secret Factory,4,Secret Factory → NY,907.24,392,515.24
2023-01-10,2023-01-14,Standard,IL,Midwest,Lot's O' Nuts,4,Lot's O' Nuts → IL,569.26,194,278.26
2023-11-08,2023-11-14,Standard,NV,West,Lot's O' Nuts,6,Lot's O' Nuts → NV,135.93,47,65.43
2023-04-19,2023-04-24,Standard,OH,Midwest,Lot's O' Nuts,5,Lot's O' Nuts → OH,524.4,192,236.39999999999998
2023-08-09,2023-08-15,Standard,IN,Midwest,The Other Factory,6,The Other Factory → IN,776.45,330,479.45000000000005
2023-08-06,2023-08-11,Standard,WI,Midwest,The Other Factory,5,The Other Factory → WI,364.96,158,222.76
2023-01-21,2023-01-22,Expedited,MI,Midwest,Lot's O' Nuts,1,Lot's O' Nuts → MI,1254.94,416,630.94
2023-08-18,2023-08-22,Standard,GA,South,Wicked Choccy's,4,Wicked Choccy's → GA,495.53,218,233.92999999999995
2023-04-30,2023-05-09,Standard,CA,West,Sugar Shack,9,Sugar Shack → CA,565.62,363,384.12
2023-11-07,2023-11-10,Standard,VA,South,Lot's O' Nuts,3,Lot's O' Nuts → VA,1209.79,421,578.29
2023-10-21,2023-10-23,Expedited,NV,West,Wicked Choccy's,2,Wicked Choccy's → NV,567.67,216,308.46999999999997
2023-12-28,2024-01-03,Standard,CT,Northeast,The Other Factory,6,The Other Factory → CT,1057.16,455,647.6600000000001
2023-06-01,2023-06-06,Expedited,NY,Northeast,The Other Factory,5,The Other Factory → NY,660.23,284,404.63
2023-10-24,2023-10-27,Standard,OH,Midwest,Secret Factory,3,Secret Factory → OH,361.7,160,201.7
2023-09-14,2023-09-15,Expedited,OH,Midwest,Sugar Shack,1,Sugar Shack → OH,166.58,104,114.58000000000001
2023-04-25,2023-04-28,Standard,IN,Midwest,Sugar Shack,3,Sugar Shack → IN,334.99,218,225.99
2023-01-12,2023-01-15,Standard,PA,Northeast,The Other Factory,3,The Other Factory → PA,565.12,244,345.52
2023-01-16,2023-01-20,Standard,OH,Midwest,Secret Factory,4,Secret Factory → OH,704.73,276,428.73
2023-06-16,2023-06-18,Expedited,FL,South,The Other Factory,2,The Other Factory → FL,821.65,346,510.25
2023-01-09,2023-01-10,Expedited,OR,West,Sugar Shack,1,Sugar Shack → OR,132.9,82,91.9
2023-10-17,2023-10-21,Standard,MA,Northeast,The Other Factory,4,The Other Factory → MA,486.04,217,290.74
2023-07-03,2023-07-06,Standard,IN,Midwest,The Other Factory,3,The Other Factory → IN,913.35,411,543.45
2023-10-21,2023-10-25,Standard,NC,South,Secret Factory,4,Secret Factory → NC,43.03,17,26.03
2023-08-07,2023-08-10,Expedited,OH,Midwest,Lot's O' Nuts,3,Lot's O' Nuts → OH,876.44,302,423.44000000000005
2023-03-03,2023-03-07,Standard,MI,Midwest,Sugar Shack,4,Sugar Shack → MI,203.0,133,136.5
2023-06-09,2023-06-11,Expedited,TX,South,The Other Factory,2,The Other Factory → TX,587.0,254,358.4
2023-01-01,2023-01-07,Standard,CT,Northeast,Lot's O' Nuts,6,Lot's O' Nuts → CT,138.56,42,75.56
2023-03-01,2023-03-05,Standard,IL,Midwest,Secret Factory,4,Secret Factory → IL,1088.83,426,662.8299999999999
2023-01-14,2023-01-19,Standard,NV,West,Lot's O' Nuts,5,Lot's O' Nuts → NV,146.67,51,70.16999999999999
2023-11-07,2023-11-11,Standard,TX,South,Lot's O' Nuts,4,Lot's O' Nuts → TX,1388.05,451,711.55
2023-04-11,2023-04-14,Standard,NJ,Northeast,The Other Factory,3,The Other Factory → NJ,820.42,383,475.71999999999997
2023-11-23,2023-12-02,Expedited,TX,South,Sugar Shack,9,Sugar Shack → TX,453.29,316,295.29
2023-03-25,2023-03-29,Expedited,PA,Northeast,Lot's O' Nuts,4,Lot's O' Nuts → PA,980.64,353,451.14
2023-03-12,2023-03-16,Expedited,AZ,West,Sugar Shack,4,Sugar Shack → AZ,585.83,381,395.33000000000004
2023-08-31,2023-09-03,Standard,WA,West,Secret Factory,3,Secret Factory → WA,1063.46,403,660.46
2023-01-12,2023-01-14,Expedited,TX,South,Secret Factory,2,Secret Factory → TX,279.89,113,166.89
2023-02-15,2023-02-17,Expedited,GA,South,Wicked Choccy's,2,Wicked Choccy's → GA,273.73,113,138.13000000000002
2023-07-25,2023-07-29,Expedited,CT,Northeast,Lot's O' Nuts,4,Lot's O' Nuts → CT,42.34,15,19.840000000000003
2023-03-26,2023-04-01,Standard,AZ,West,Lot's O' Nuts,6,Lot's O' Nuts → AZ,189.7,67,89.19999999999999
2023-08-05,2023-08-10,Standard,FL,South,Wicked Choccy's,5,Wicked Choccy's → FL,466.75,202,224.35
2023-04-22,2023-04-27,Standard,AZ,West,Secret Factory,5,Secret Factory → AZ,711.95,313,398.95000000000005
2023-03-28,2023-04-03,Standard,TX,South,The Other Factory,6,The Other Factory → TX,352.72,160,208.72000000000003
2023-02-18,2023-02-20,Expedited,GA,South,Secret Factory,2,Secret Factory → GA,566.94,241,325.94000000000005
2023-05-09,2023-05-13,Standard,NJ,Northeast,Lot's O' Nuts,4,Lot's O' Nuts → NJ,1408.56,473,699.06
2023-09-13,2023-09-17,Standard,OH,Midwest,The Other Factory,4,The Other Factory → OH,680.94,337,377.64000000000004
2023-09-09,2023-09-14,Standard,IL,Midwest,The Other Factory,5,The Other Factory → IL,657.1,275,409.6
2023-08-03,2023-08-07,Expedited,NC,South,Wicked Choccy's,4,Wicked Choccy's → NC,339.13,129,184.32999999999998
2023-04-29,2023-05-01,Expedited,IL,Midwest,The Other Factory,2,The Other Factory → IL,656.6,288,397.40000000000003
2023-06-13,2023-06-19,Standard,OR,West,Secret Factory,6,Secret Factory → OR,877.45,388,489.45000000000005
2023-12-26,2023-12-29,Standard,NJ,Northeast,The Other Factory,3,The Other Factory → NJ,530.09,242,312.29
2023-02-01,2023-02-03,Expedited,PA,Northeast,Secret Factory,2,Secret Factory → PA,1190.79,450,740.79
2023-07-06,2023-07-10,Standard,CT,Northeast,Lot's O' Nuts,4,Lot's O' Nuts → CT,289.1,102,136.10000000000002
2023-06-28,2023-07-01,Expedited,IL,Midwest,Sugar Shack,3,Sugar Shack → IL,26.91,17,18.41
2023-10-04,2023-10-08,Standard,OR,West,Secret Factory,4,Secret Factory → OR,880.28,385,495.28
2023-11-30,2023-12-06,Standard,AZ,West,Wicked Choccy's,6,Wicked Choccy's → AZ,638.48,243,346.88
2023-01-21,2023-01-26,Standard,FL,South,The Other Factory,5,The Other Factory → FL,912.65,411,542.75
2023-01-09,2023-01-10,Expedited,IL,Midwest,Wicked Choccy's,1,Wicked Choccy's → IL,1268.63,497,672.2300000000001
2023-04-28,2023-05-01,Expedited,CT,Northeast,The Other Factory,3,The Other Factory → CT,647.32,269,405.22
2023-11-28,2023-12-01,Standard,VA,South,Wicked Choccy's,3,Wicked Choccy's → VA,781.57,341,372.37000000000006
2023-06-27,2023-07-04,Standard,NY,Northeast,Secret Factory,7,Secret Factory → NY,520.67,192,328.66999999999996
2023-05-01,2023-05-05,Standard,NJ,Northeast,The Other Factory,4,The Other Factory → NJ,663.06,286,405.65999999999997
2023-12-03,2023-12-09,Standard,AZ,West,Wicked Choccy's,6,Wicked Choccy's → AZ,936.2,409,445.40000000000003
2023-11-11,2023-11-17,Standard,NJ,Northeast,Lot's O' Nuts,6,Lot's O' Nuts → NJ,623.19,206,314.19000000000005
2023-11-16,2023-11-20,Standard,CT,Northeast,The Other Factory,4,The Other Factory → CT,1027.99,438,633.79
2023-06-13,2023-06-14,Expedited,IN,Midwest,The Other Factory,1,The Other Factory → IN,936.9,414,564.3
2023-06-12,2023-06-16,Standard,NV,West,The Other Factory,4,The Other Factory → NV,396.56,198,218.36
2023-05-18,2023-05-23,Standard,NC,South,Lot's O' Nuts,5,Lot's O' Nuts → NC,1073.61,361,532.1099999999999
2023-01-20,2023-01-24,Standard,WA,West,Lot's O' Nuts,4,Lot's O' Nuts → WA,1284.34,408,672.3399999999999
2023-07-11,2023-07-20,Expedited,FL,South,Sugar Shack,9,Sugar Shack → FL,459.55,313,303.05
2023-03-13,2023-03-21,Standard,FL,South,Sugar Shack,8,Sugar Shack → FL,607.51,414,400.51
2023-04-24,2023-04-29,Standard,OR,West,Wicked Choccy's,5,Wicked Choccy's → OR,129.61,50,69.61000000000001
2023-06-17,2023-06-22,Standard,NC,South,Wicked Choccy's,5,Wicked Choccy's → NC,487.77,209,236.96999999999997
2023-10-22,2023-10-26,Standard,CT,Northeast,Wicked Choccy's,4,Wicked Choccy's → CT,465.25,185,243.25
2023-12-18,2023-12-19,Expedited,WA,West,Sugar Shack,1,Sugar Shack → WA,462.7,296,314.7
2023-07-09,2023-07-15,Standard,NV,West,Sugar Shack,6,Sugar Shack → NV,796.1,496,548.1
2023-06-16,2023-06-19,Expedited,NC,South,Lot's O' Nuts,3,Lot's O' Nuts → NC,1234.23,432,586.23
2023-01-04,2023-01-07,Standard,VA,South,Wicked Choccy's,3,Wicked Choccy's → VA,1290.44,484,709.6400000000001
2023-09-04,2023-09-09,Standard,PA,Northeast,The Other Factory,5,The Other Factory → PA,639.74,307,363.44
2023-01-20,2023-01-23,Standard,FL,South,Lot's O' Nuts,3,Lot's O' Nuts → FL,506.21,176,242.20999999999998
2023-02-25,2023-03-05,Standard,FL,South,Sugar Shack,8,Sugar Shack → FL,528.38,327,364.88
2023-08-03,2023-08-07,Expedited,WA,West,Secret Factory,4,Secret Factory → WA,1071.85,445,626.8499999999999
2023-01-09,2023-01-12,Standard,FL,South,The Other Factory,3,The Other Factory → FL,371.72,155,232.22000000000003
2023-02-14,2023-02-17,Standard,FL,South,Lot's O' Nuts,3,Lot's O' Nuts → FL,1118.14,366,569.1400000000001
2023-08-31,2023-09-02,Expedited,AZ,West,The Other Factory,2,The Other Factory → AZ,869.56,397,512.26
2023-05-20,2023-05-23,Expedited,OH,Midwest,Sugar Shack,3,Sugar Shack → OH,300.75,215,193.25
2023-03-12,2023-03-17,Standard,NJ,Northeast,Sugar Shack,5,Sugar Shack → NJ,715.01,452,489.01
2023-09-17,2023-09-22,Standard,CT,Northeast,Secret Factory,5,Secret Factory → CT,1052.54,451,601.54
2023-09-10,2023-09-20,Standard,GA,South,Sugar Shack,10,Sugar Shack → GA,311.44,196,213.44
2023-06-12,2023-06-17,Standard,FL,South,The Other Factory,5,The Other Factory → FL,1125.16,500,675.1600000000001
2023-03-02,2023-03-05,Standard,MA,Northeast,Lot's O' Nuts,3,Lot's O' Nuts → MA,1255.6,461,564.0999999999999
2023-03-21,2023-03-27,Standard,FL,South,Sugar Shack,6,Sugar Shack → FL,710.46,500,460.46000000000004
2023-11-26,2023-11-29,Standard,GA,South,Lot's O' Nuts,3,Lot's O' Nuts → GA,508.19,175,245.69
2023-01-18,2023-01-22,Standard,IN,Midwest,The Other Factory,4,The Other Factory → IN,726.67,359,403.56999999999994
2023-06-05,2023-06-11,Standard,NJ,Northeast,Sugar Shack,6,Sugar Shack → NJ,124.49,83,82.99
2023-12-20,2023-12-24,Expedited,NJ,Northeast,Wicked Choccy's,4,Wicked Choccy's → NJ,1029.95,378,576.35
2023-11-26,2023-11-30,Standard,IL,Midwest,Secret Factory,4,Secret Factory → IL,1168.52,480,688.52
2023-04-18,2023-04-19,Expedited,OH,Midwest,Lot's O' Nuts,1,Lot's O' Nuts → OH,1075.95,387,495.45000000000005
2023-02-02,2023-02-05,Standard,WI,Midwest,Wicked Choccy's,3,Wicked Choccy's → WI,792.8,330,396.79999999999995
2023-02-17,2023-02-23,Expedited,NY,Northeast,Lot's O' Nuts,6,Lot's O' Nuts → NY,431.1,144,215.10000000000002
2023-04-15,2023-04-19,Standard,MA,Northeast,The Other Factory,4,The Other Factory → MA,879.39,402,517.5899999999999
2023-09-23,2023-09-26,Expedited,PA,Northeast,Lot's O' Nuts,3,Lot's O' Nuts → PA,759.53,255,377.03
2023-05-14,2023-05-20,Standard,NC,South,Sugar Shack,6,Sugar Shack → NC,245.12,176,157.12
2023-02-16,2023-02-18,Expedited,NJ,Northeast,The Other Factory,2,The Other Factory → NJ,775.57,383,430.87000000000006
2023-01-28,2023-02-01,Expedited,IN,Midwest,The Other Factory,4,The Other Factory → IN,198.78,99,109.68
2023-12-18,2023-12-20,Expedited,IN,Midwest,Wicked Choccy's,2,Wicked Choccy's → IN,1225.61,484,644.81
2023-10-26,2023-10-30,Standard,OR,West,Wicked Choccy's,4,Wicked Choccy's → OR,831.92,305,465.91999999999996
2023-11-11,2023-11-15,Expedited,PA,Northeast,Wicked Choccy's,4,Wicked Choccy's → PA,1011.25,419,508.45
2023-10-27,2023-10-31,Standard,FL,South,Lot's O' Nuts,4,Lot's O' Nuts → FL,424.18,131,227.68
2023-06-16,2023-06-18,Expedited,WI,Midwest,Sugar Shack,2,Sugar Shack → WI,262.4,173,175.89999999999998
2023-06-07,2023-06-17,Standard,NY,Northeast,Sugar Shack,10,Sugar Shack → NY,170.61,122,109.61000000000001
2023-07-21,2023-07-26,Standard,IL,Midwest,Sugar Shack,5,Sugar Shack → IL,646.05,453,419.54999999999995
2023-09-13,2023-09-17,Expedited,WA,West,The Other Factory,4,The Other Factory → WA,22.68,11,12.78
2023-03-31,2023-04-04,Standard,WA,West,Secret Factory,4,Secret Factory → WA,947.89,351,596.89
2023-08-28,2023-09-04,Standard,NY,Northeast,The Other Factory,7,The Other Factory → NY,733.95,306,458.55000000000007
2023-09-23,2023-09-26,Standard,OH,Midwest,Wicked Choccy's,3,Wicked Choccy's → OH,206.44,78,112.84
2023-07-23,2023-07-26,Standard,OH,Midwest,Lot's O' Nuts,3,Lot's O' Nuts → OH,457.71,145,240.20999999999998
2023-09-08,2023-09-14,Standard,CT,Northeast,The Other Factory,6,The Other Factory → CT,428.79,188,259.59000000000003
2023-12-21,2023-12-29,Standard,FL,South,Sugar Shack,8,Sugar Shack → FL,669.37,418,460.37
2023-01-21,2023-01-23,Expedited,OR,West,Wicked Choccy's,2,Wicked Choccy's → OR,1177.97,482,599.57
2023-02-11,2023-02-16,Standard,TX,South,The Other Factory,5,The Other Factory → TX,1032.89,437,639.5900000000001
2023-04-18,2023-04-23,Expedited,CA,West,The Other Factory,5,The Other Factory → CA,694.71,349,380.61
2023-06-05,2023-06-09,Standard,MA,Northeast,Wicked Choccy's,4,Wicked Choccy's → MA,99.69,39,52.89
2023-04-11,2023-04-17,Standard,NJ,Northeast,Lot's O' Nuts,6,Lot's O' Nuts → NJ,174.72,57,89.22
2023-02-28,2023-03-05,Standard,NY,Northeast,Wicked Choccy's,5,Wicked Choccy's → NY,270.13,116,130.93
2023-12-18,2023-12-20,Expedited,NJ,Northeast,Secret Factory,2,Secret Factory → NJ,85.38,37,48.379999999999995
2023-12-11,2023-12-16,Standard,CA,West,Lot's O' Nuts,5,Lot's O' Nuts → CA,1339.62,477,624.1199999999999
2023-03-03,2023-03-08,Standard,NV,West,The Other Factory,5,The Other Factory → NV,802.74,348,489.54
2023-09-28,2023-09-30,Expedited,OH,Midwest,Secret Factory,2,Secret Factory → OH,67.11,28,39.11
2023-04-09,2023-04-12,Standard,MA,Northeast,Secret Factory,3,Secret Factory → MA,814.12,348,466.12
2023-11-30,2023-12-03,Expedited,WA,West,Sugar Shack,3,Sugar Shack → WA,138.01,100,88.00999999999999
2023-05-26,2023-05-31,Standard,CT,Northeast,Lot's O' Nuts,5,Lot's O' Nuts → CT,1217.36,450,542.3599999999999
2023-12-07,2023-12-13,Standard,OH,Midwest,Sugar Shack,6,Sugar Shack → OH,101.64,75,64.14
2023-10-30,2023-10-31,Expedited,GA,South,Wicked Choccy's,1,Wicked Choccy's → GA,1111.33,424,602.53
2023-12-02,2023-12-06,Standard,WI,Midwest,Lot's O' Nuts,4,Lot's O' Nuts → WI,1271.63,408,659.6300000000001
2023-09-12,2023-09-13,Expedited,WA,West,Lot's O' Nuts,1,Lot's O' Nuts → WA,234.95,82,111.94999999999999
2023-08-06,2023-08-14,Standard,VA,South,Sugar Shack,8,Sugar Shack → VA,189.26,118,130.26
2023-05-13,2023-05-19,Standard,IL,Midwest,Lot's O' Nuts,6,Lot's O' Nuts → IL,1327.89,486,598.8900000000001
2023-03-05,2023-03-11,Standard,IN,Midwest,Sugar Shack,6,Sugar Shack → IN,207.95,152,131.95
2023-11-03,2023-11-04,Expedited,NV,West,The Other Factory,1,The Other Factory → NV,498.53,230,291.53
2023-10-30,2023-11-04,Standard,PA,Northeast,Lot's O' Nuts,5,Lot's O' Nuts → PA,868.31,281,446.80999999999995
2023-02-24,2023-02-28,Expedited,GA,South,Sugar Shack,4,Sugar Shack → GA,191.92,123,130.42
2023-05-27,2023-06-01,Standard,IL,Midwest,Lot's O' Nuts,5,Lot's O' Nuts → IL,1537.21,474,826.21
2023-09-12,2023-09-17,Standard,MA,Northeast,The Other Factory,5,The Other Factory → MA,658.8,328,363.59999999999997
2023-08-15,2023-08-19,Standard,GA,South,The Other Factory,4,The Other Factory → GA,1031.61,494,587.0099999999999
2023-09-03,2023-09-06,Standard,MI,Midwest,Lot's O' Nuts,3,Lot's O' Nuts → MI,179.95,66,80.94999999999999
2023-01-31,2023-02-08,Standard,CA,West,Lot's O' Nuts,8,Lot's O' Nuts → CA,181.15,61,89.65
2023-05-22,2023-05-25,Standard,PA,Northeast,Lot's O' Nuts,3,Lot's O' Nuts → PA,779.87,288,347.87
2023-02-19,2023-02-23,Standard,NY,Northeast,Sugar Shack,4,Sugar Shack → NY,288.84,185,196.33999999999997
2023-08-26,2023-09-01,Standard,WI,Midwest,Lot's O' Nuts,6,Lot's O' Nuts → WI,176.57,62,83.57
2023-08-25,2023-08-28,Expedited,TX,South,Wicked Choccy's,3,Wicked Choccy's → TX,530.59,194,297.79
2023-05-22,2023-05-24,Expedited,FL,South,Secret Factory,2,Secret Factory → FL,176.94,68,108.94
2023-01-13,2023-01-18,Standard,PA,Northeast,Lot's O' Nuts,5,Lot's O' Nuts → PA,703.42,238,346.41999999999996
2023-08-08,2023-08-11,Standard,NC,South,The Other Factory,3,The Other Factory → NC,588.77,297,321.46999999999997
2023-04-12,2023-04-16,Expedited,PA,Northeast,Wicked Choccy's,4,Wicked Choccy's → PA,1145.77,482,567.37
2023-08-12,2023-08-15,Standard,PA,Northeast,Secret Factory,3,Secret Factory → PA,658.94,278,380.94000000000005
2023-03-12,2023-03-21,Standard,CA,West,Secret Factory,9,Secret Factory → CA,546.74,222,324.74
2023-06-09,2023-06-14,Expedited,CA,West,Sugar Shack,5,Sugar Shack → CA,465.16,311,309.66
2023-08-28,2023-09-02,Standard,TX,South,Lot's O' Nuts,5,Lot's O' Nuts → TX,878.05,309,414.54999999999995
2023-10-10,2023-10-14,Standard,VA,South,Lot's O' Nuts,4,Lot's O' Nuts → VA,1157.77,351,631.27
2023-02-03,2023-02-06,Standard,IL,Midwest,Sugar Shack,3,Sugar Shack → IL,645.88,423,434.38
2023-11-28,2023-12-02,Expedited,NJ,Northeast,The Other Factory,4,The Other Factory → NJ,700.43,337,397.12999999999994
2023-02-03,2023-02-06,Standard,CT,Northeast,Wicked Choccy's,3,Wicked Choccy's → CT,1046.8,426,535.5999999999999
2023-11-05,2023-11-11,Standard,TX,South,The Other Factory,6,The Other Factory → TX,1009.88,499,560.78
2023-04-21,2023-04-26,Standard,TX,South,Secret Factory,5,Secret Factory → TX,324.23,137,187.23000000000002
2023-03-31,2023-04-05,Standard,PA,Northeast,Sugar Shack,5,Sugar Shack → PA,468.33,308,314.33
2023-02-28,2023-03-07,Standard,NY,Northeast,The Other Factory,7,The Other Factory → NY,1002.33,462,586.53
2023-12-05,2023-12-11,Standard,WA,West,Wicked Choccy's,6,Wicked Choccy's → WA,1159.17,429,644.3700000000001
2023-03-29,2023-04-02,Standard,NV,West,Lot's O' Nuts,4,Lot's O' Nuts → NV,1078.53,348,556.53
2023-01-15,2023-01-16,Expedited,AZ,West,Sugar Shack,1,Sugar Shack → AZ,189.91,130,124.91
2023-12-26,2023-12-27,Expedited,PA,Northeast,The Other Factory,1,The Other Factory → PA,569.63,237,356.33
2023-10-03,2023-10-06,Standard,VA,South,The Other Factory,3,The Other Factory → VA,690.23,289,430.13
2023-05-14,2023-05-18,Expedited,OH,Midwest,Sugar Shack,4,Sugar Shack → OH,797.34,494,550.34
2023-07-02,2023-07-05,Expedited,WI,Midwest,The Other Factory,3,The Other Factory → WI,559.33,234,348.73
2023-10-04,2023-10-11,Standard,CA,West,Wicked Choccy's,7,Wicked Choccy's → CA,607.34,252,304.94000000000005
2023-12-08,2023-12-11,Standard,OH,Midwest,Lot's O' Nuts,3,Lot's O' Nuts → OH,498.36,163,253.86
2023-02-16,2023-02-19,Expedited,WI,Midwest,Lot's O' Nuts,3,Lot's O' Nuts → WI,1161.67,415,539.1700000000001
2023-12-10,2023-12-14,Expedited,IN,Midwest,Secret Factory,4,Secret Factory → IN,832.82,306,526.82
2023-12-10,2023-12-15,Standard,OR,West,Secret Factory,5,Secret Factory → OR,331.05,127,204.05
2023-05-13,2023-05-20,Standard,NY,Northeast,Lot's O' Nuts,7,Lot's O' Nuts → NY,1424.62,470,719.6199999999999
2023-05-08,2023-05-12,Standard,MA,Northeast,Wicked Choccy's,4,Wicked Choccy's → MA,470.06,180,254.06
2023-07-01,2023-07-05,Expedited,CT,Northeast,Lot's O' Nuts,4,Lot's O' Nuts → CT,296.2,103,141.7
2023-01-24,2023-01-28,Expedited,MA,Northeast,The Other Factory,4,The Other Factory → MA,457.44,206,272.03999999999996
2023-05-16,2023-05-23,Standard,NY,Northeast,The Other Factory,7,The Other Factory → NY,93.54,43,54.84
2023-03-20,2023-03-24,Standard,TX,South,The Other Factory,4,The Other Factory → TX,1040.45,487,602.1500000000001
2023-05-05,2023-05-08,Standard,VA,South,Secret Factory,3,Secret Factory → VA,729.93,267,462.92999999999995
2023-04-24,2023-04-28,Standard,CT,Northeast,Sugar Shack,4,Sugar Shack → CT,441.39,324,279.39
2023-08-12,2023-08-18,Standard,NC,South,Wicked Choccy's,6,Wicked Choccy's → NC,807.04,318,425.43999999999994
2023-08-06,2023-08-11,Standard,CA,West,Lot's O' Nuts,5,Lot's O' Nuts → CA,1003.67,310,538.67
2023-05-08,2023-05-09,Expedited,OH,Midwest,Sugar Shack,1,Sugar Shack → OH,182.41,129,117.91
2023-07-28,2023-07-29,Expedited,FL,South,Lot's O' Nuts,1,Lot's O' Nuts → FL,1369.3,480,649.3
2023-10-12,2023-10-15,Standard,NV,West,The Other Factory,3,The Other Factory → NV,975.1,475,547.6
2023-05-23,2023-05-26,Standard,PA,Northeast,Sugar Shack,3,Sugar Shack → PA,330.99,229,216.49
2023-01-17,2023-01-23,Standard,GA,South,Wicked Choccy's,6,Wicked Choccy's → GA,574.6,215,316.6
2023-08-29,2023-09-03,Standard,AZ,West,Secret Factory,5,Secret Factory → AZ,791.0,314,477.0
2023-10-07,2023-10-11,Standard,NV,West,Lot's O' Nuts,4,Lot's O' Nuts → NV,168.91,59,80.41
2023-08-15,2023-08-16,Expedited,CT,Northeast,Sugar Shack,1,Sugar Shack → CT,585.61,413,379.11
2023-06-17,2023-06-22,Standard,IN,Midwest,The Other Factory,5,The Other Factory → IN,625.91,289,365.80999999999995
2023-12-06,2023-12-12,Standard,WI,Midwest,The Other Factory,6,The Other Factory → WI,403.8,169,251.70000000000002
2023-07-15,2023-07-20,Standard,TX,South,The Other Factory,5,The Other Factory → TX,396.71,170,243.70999999999998
2023-01-26,2023-01-30,Standard,AZ,West,Lot's O' Nuts,4,Lot's O' Nuts → AZ,125.07,39,66.57
2023-09-02,2023-09-03,Expedited,IN,Midwest,Sugar Shack,1,Sugar Shack → IN,261.58,189,167.07999999999998
2023-08-31,2023-09-08,Standard,NY,Northeast,Lot's O' Nuts,8,Lot's O' Nuts → NY,649.94,225,312.44000000000005
2023-07-30,2023-08-04,Standard,AZ,West,Wicked Choccy's,5,Wicked Choccy's → AZ,509.95,200,269.95
2023-07-14,2023-07-21,Standard,CA,West,Secret Factory,7,Secret Factory → CA,407.46,162,245.45999999999998
2023-10-25,2023-10-31,Standard,IL,Midwest,Sugar Shack,6,Sugar Shack → IL,314.05,202,213.05
2023-05-21,2023-05-24,Standard,NJ,Northeast,The Other Factory,3,The Other Factory → NJ,411.92,177,252.62
2023-05-15,2023-05-20,Standard,OR,West,Wicked Choccy's,5,Wicked Choccy's → OR,683.31,260,371.30999999999995
2023-06-24,2023-06-29,Standard,AZ,West,The Other Factory,5,The Other Factory → AZ,854.49,403,491.79
2023-04-24,2023-04-29,Standard,NV,West,Wicked Choccy's,5,Wicked Choccy's → NV,376.22,142,205.82000000000002
2023-07-15,2023-07-20,Standard,IN,Midwest,Wicked Choccy's,5,Wicked Choccy's → IN,85.26,37,40.86000000000001
2023-11-20,2023-11-26,Expedited,FL,South,Sugar Shack,6,Sugar Shack → FL,147.81,92,101.81
2023-03-02,2023-03-08,Standard,MI,Midwest,Wicked Choccy's,6,Wicked Choccy's → MI,625.67,229,350.86999999999995
2023-09-02,2023-09-07,Standard,NC,South,Secret Factory,5,Secret Factory → NC,737.62,323,414.62
2023-01-15,2023-01-18,Standard,WA,West,Lot's O' Nuts,3,Lot's O' Nuts → WA,166.64,57,81.13999999999999
2023-09-15,2023-09-19,Standard,NY,Northeast,Sugar Shack,4,Sugar Shack → NY,384.71,252,258.71
2023-07-22,2023-07-25,Standard,CT,Northeast,Secret Factory,3,Secret Factory → CT,248.81,98,150.81
2023-07-03,2023-07-09,Standard,OR,West,Secret Factory,6,Secret Factory → OR,988.35,415,573.35
2023-03-26,2023-03-28,Expedited,WA,West,Secret Factory,2,Secret Factory → WA,87.02,37,50.019999999999996
2023-05-09,2023-05-14,Standard,MA,Northeast,Wicked Choccy's,5,Wicked Choccy's → MA,931.24,366,492.04
2023-07-17,2023-07-21,Standard,NV,West,The Other Factory,4,The Other Factory → NV,477.71,198,299.51
2023-09-21,2023-09-25,Standard,FL,South,Wicked Choccy's,4,Wicked Choccy's → FL,644.04,267,323.64
2023-05-10,2023-05-20,Standard,TX,South,Sugar Shack,10,Sugar Shack → TX,256.61,166,173.61
2023-05-27,2023-05-28,Expedited,FL,South,Secret Factory,1,Secret Factory → FL,155.44,67,88.44
2023-04-10,2023-04-14,Expedited,MA,Northeast,Wicked Choccy's,4,Wicked Choccy's → MA,976.5,359,545.7
2023-02-13,2023-02-15,Expedited,NJ,Northeast,Secret Factory,2,Secret Factory → NJ,838.86,350,488.86
2023-11-25,2023-12-01,Standard,PA,Northeast,Wicked Choccy's,6,Wicked Choccy's → PA,840.55,360,408.54999999999995
2023-02-07,2023-02-10,Standard,TX,South,Secret Factory,3,Secret Factory → TX,1122.83,420,702.8299999999999
2023-11-07,2023-11-11,Standard,IL,Midwest,Secret Factory,4,Secret Factory → IL,63.53,26,37.53
2023-04-28,2023-05-02,Standard,MI,Midwest,Sugar Shack,4,Sugar Shack → MI,287.18,179,197.68
2023-06-06,2023-06-16,Standard,CA,West,Lot's O' Nuts,10,Lot's O' Nuts → CA,756.78,252,378.78
2023-09-21,2023-09-24,Expedited,MA,Northeast,Lot's O' Nuts,3,Lot's O' Nuts → MA,399.37,140,189.37
2023-12-10,2023-12-18,Standard,GA,South,Sugar Shack,8,Sugar Shack → GA,495.86,362,314.86
2023-11-05,2023-11-06,Expedited,IN,Midwest,The Other Factory,1,The Other Factory → IN,38.46,17,23.16
2023-11-30,2023-12-06,Standard,WI,Midwest,Sugar Shack,6,Sugar Shack → WI,401.5,267,268.0
2023-05-11,2023-05-17,Standard,CT,Northeast,The Other Factory,6,The Other Factory → CT,685.78,310,406.78
2023-03-21,2023-03-24,Expedited,OR,West,The Other Factory,3,The Other Factory → OR,572.07,256,341.6700000000001
2023-03-10,2023-03-12,Expedited,OR,West,Secret Factory,2,Secret Factory → OR,338.94,139,199.94
2023-01-19,2023-01-23,Standard,MA,Northeast,Lot's O' Nuts,4,Lot's O' Nuts → MA,1334.92,473,625.4200000000001
2023-10-13,2023-10-17,Standard,PA,Northeast,Wicked Choccy's,4,Wicked Choccy's → PA,793.85,300,433.85
2023-03-19,2023-03-25,Standard,NY,Northeast,Lot's O' Nuts,6,Lot's O' Nuts → NY,295.0,98,148.0
2023-09-21,2023-09-24,Standard,OH,Midwest,Lot's O' Nuts,3,Lot's O' Nuts → OH,1182.87,427,542.3699999999999
2023-04-05,2023-04-11,Standard,IL,Midwest,Wicked Choccy's,6,Wicked Choccy's → IL,606.88,246,311.68
2023-02-28,2023-03-04,Expedited,AZ,West,Lot's O' Nuts,4,Lot's O' Nuts → AZ,1102.33,376,538.3299999999999
2023-01-06,2023-01-12,Standard,OR,West,The Other Factory,6,The Other Factory → OR,842.71,417,467.41
2023-02-01,2023-02-04,Standard,GA,South,Wicked Choccy's,3,Wicked Choccy's → GA,779.11,311,405.91
2023-01-25,2023-01-27,Expedited,NC,South,Secret Factory,2,Secret Factory → NC,262.41,109,153.41000000000003
2023-07-29,2023-08-02,Standard,TX,South,The Other Factory,4,The Other Factory → TX,893.26,385,546.76
2023-01-09,2023-01-14,Standard,PA,Northeast,Secret Factory,5,Secret Factory → PA,1190.45,493,697.45
2023-10-29,2023-11-05,Standard,NY,Northeast,Secret Factory,7,Secret Factory → NY,632.07,231,401.07000000000005
2023-12-09,2023-12-12,Standard,MA,Northeast,Secret Factory,3,Secret Factory → MA,1217.34,473,744.3399999999999
2023-07-09,2023-07-14,Expedited,CA,West,Sugar Shack,5,Sugar Shack → CA,15.92,10,10.92
2023-10-05,2023-10-10,Standard,NV,West,Sugar Shack,5,Sugar Shack → NV,621.91,405,419.40999999999997
2023-01-22,2023-01-24,Expedited,OR,West,The Other Factory,2,The Other Factory → OR,497.87,230,290.87
2023-04-14,2023-04-20,Standard,IN,Midwest,Sugar Shack,6,Sugar Shack → IN,133.45,91,87.94999999999999
2023-08-24,2023-08-27,Standard,WI,Midwest,Lot's O' Nuts,3,Lot's O' Nuts → WI,757.39,251,380.89
2023-12-16,2023-12-22,Standard,OR,West,Secret Factory,6,Secret Factory → OR,248.01,102,146.01
2023-02-09,2023-02-13,Standard,NJ,Northeast,The Other Factory,4,The Other Factory → NJ,147.25,74,80.65
2023-02-14,2023-02-18,Standard,MA,Northeast,Wicked Choccy's,4,Wicked Choccy's → MA,460.5,204,215.7
2023-02-10,2023-02-14,Standard,AZ,West,The Other Factory,4,The Other Factory → AZ,987.92,491,546.02
2023-08-25,2023-09-02,Standard,VA,South,Sugar Shack,8,Sugar Shack → VA,385.15,259,255.64999999999998
2023-12-28,2024-01-01,Standard,IN,Midwest,Lot's O' Nuts,4,Lot's O' Nuts → IN,1128.1,411,511.5999999999999
2023-10-05,2023-10-11,Standard,MI,Midwest,The Other Factory,6,The Other Factory → MI,1001.94,491,560.0400000000001
2023-05-17,2023-05-23,Standard,OH,Midwest,Wicked Choccy's,6,Wicked Choccy's → OH,453.61,181,236.41000000000003
2023-02-08,2023-02-11,Expedited,OR,West,Secret Factory,3,Secret Factory → OR,395.39,146,249.39
2023-02-23,2023-02-26,Standard,GA,South,The Other Factory,3,The Other Factory → GA,375.66,173,219.96000000000004
2023-09-16,2023-09-21,Standard,AZ,West,Wicked Choccy's,5,Wicked Choccy's → AZ,703.63,264,386.83
2023-12-30,2024-01-07,Standard,CA,West,The Other Factory,8,The Other Factory → CA,1105.98,483,671.28
2023-06-25,2023-06-29,Standard,TX,South,Secret Factory,4,Secret Factory → TX,1003.7,433,570.7
2023-08-29,2023-09-03,Standard,WI,Midwest,Wicked Choccy's,5,Wicked Choccy's → WI,27.35,12,12.950000000000001
2023-09-06,2023-09-12,Standard,OH,Midwest,The Other Factory,6,The Other Factory → OH,268.61,133,148.91000000000003
2023-08-03,2023-08-06,Expedited,CT,Northeast,Lot's O' Nuts,3,Lot's O' Nuts → CT,38.86,13,19.36
2023-01-31,2023-02-06,Standard,CA,West,Sugar Shack,6,Sugar Shack → CA,451.89,322,290.89
2023-08-26,2023-08-29,Standard,OR,West,Lot's O' Nuts,3,Lot's O' Nuts → OR,1265.4,392,677.4000000000001
2023-07-05,2023-07-09,Expedited,NY,Northeast,Wicked Choccy's,4,Wicked Choccy's → NY,72.53,32,34.13
2023-02-06,2023-02-12,Standard,TX,South,Secret Factory,6,Secret Factory → TX,381.13,141,240.13
2023-12-01,2023-12-04,Expedited,VA,South,Lot's O' Nuts,3,Lot's O' Nuts → VA,401.49,126,212.49
2023-03-14,2023-03-18,Standard,NJ,Northeast,The Other Factory,4,The Other Factory → NJ,1065.49,452,658.69
2023-06-26,2023-06-27,Expedited,GA,South,Wicked Choccy's,1,Wicked Choccy's → GA,589.66,221,324.46
2023-02-15,2023-02-20,Standard,IN,Midwest,The Other Factory,5,The Other Factory → IN,942.18,425,559.68
2023-04-20,2023-04-24,Standard,OR,West,Lot's O' Nuts,4,Lot's O' Nuts → OR,601.31,190,316.30999999999995
2023-12-06,2023-12-09,Standard,PA,Northeast,The Other Factory,3,The Other Factory → PA,590.79,249,366.68999999999994
2023-04-20,2023-04-24,Standard,MA,Northeast,Sugar Shack,4,Sugar Shack → MA,293.28,182,202.27999999999997
2023-03-19,2023-03-23,Expedited,NV,West,Secret Factory,4,Secret Factory → NV,76.06,29,47.06
2023-08-18,2023-08-20,Expedited,MI,Midwest,Wicked Choccy's,2,Wicked Choccy's → MI,696.53,290,348.53
2023-04-01,2023-04-04,Expedited,IN,Midwest,Sugar Shack,3,Sugar Shack → IN,352.52,217,244.01999999999998
2023-10-04,2023-10-10,Standard,GA,South,Lot's O' Nuts,6,Lot's O' Nuts → GA,1387.15,484,661.1500000000001
2023-01-26,2023-01-31,Standard,NC,South,Secret Factory,5,Secret Factory → NC,121.61,50,71.61
2023-07-23,2023-07-26,Standard,WI,Midwest,Wicked Choccy's,3,Wicked Choccy's → WI,711.84,314,335.04
2023-06-20,2023-06-26,Standard,CA,West,Sugar Shack,6,Sugar Shack → CA,578.11,351,402.61
2023-02-22,2023-03-02,Expedited,CA,West,Wicked Choccy's,8,Wicked Choccy's → CA,147.93,58,78.33000000000001
2023-12-18,2023-12-22,Expedited,MI,Midwest,Lot's O' Nuts,4,Lot's O' Nuts → MI,1053.1,359,514.5999999999999
2023-12-18,2023-12-23,Standard,IL,Midwest,Wicked Choccy's,5,Wicked Choccy's → IL,1136.11,480,560.1099999999999
2023-05-18,2023-05-20,Expedited,IL,Midwest,Lot's O' Nuts,2,Lot's O' Nuts → IL,305.15,103,150.64999999999998
2023-06-10,2023-06-16,Standard,TX,South,The Other Factory,6,The Other Factory → TX,930.32,398,572.1200000000001
2023-01-26,2023-01-30,Standard,TX,South,Lot's O' Nuts,4,Lot's O' Nuts → TX,1529.65,474,818.6500000000001
2023-12-02,2023-12-07,Standard,NC,South,The Other Factory,5,The Other Factory → NC,56.49,26,33.09
2023-01-23,2023-01-25,Expedited,NV,West,Secret Factory,2,Secret Factory → NV,629.23,247,382.23
2023-01-26,2023-01-29,Expedited,TX,South,Sugar Shack,3,Sugar Shack → TX,23.03,14,16.03
2023-05-28,2023-05-29,Expedited,MI,Midwest,The Other Factory,1,The Other Factory → MI,260.33,114,157.73
2023-10-24,2023-10-27,Standard,OR,West,Lot's O' Nuts,3,Lot's O' Nuts → OR,1298.38,459,609.8800000000001
2023-01-24,2023-01-29,Standard,TX,South,The Other Factory,5,The Other Factory → TX,742.47,330,445.47
2023-02-18,2023-02-22,Standard,VA,South,Wicked Choccy's,4,Wicked Choccy's → VA,702.15,289,355.34999999999997
2023-05-05,2023-05-13,Standard,FL,South,Sugar Shack,8,Sugar Shack → FL,36.93,27,23.43
2023-09-07,2023-09-14,Standard,CA,West,The Other Factory,7,The Other Factory → CA,104.37,47,62.07000000000001
2023-08-13,2023-08-15,Expedited,TX,South,Secret Factory,2,Secret Factory → TX,637.62,255,382.62
2023-12-22,2023-12-27,Standard,OH,Midwest,Wicked Choccy's,5,Wicked Choccy's → OH,424.27,167,223.86999999999998
2023-07-11,2023-07-21,Standard,CA,West,Wicked Choccy's,10,Wicked Choccy's → CA,1064.27,398,586.67
2023-03-22,2023-03-29,Standard,TX,South,Sugar Shack,7,Sugar Shack → TX,70.4,47,46.900000000000006
2023-07-14,2023-07-20,Expedited,FL,South,Sugar Shack,6,Sugar Shack → FL,95.22,64,63.22
2023-05-11,2023-05-15,Standard,WA,West,Wicked Choccy's,4,Wicked Choccy's → WA,322.65,122,176.24999999999997
2023-06-07,2023-06-11,Standard,CA,West,Sugar Shack,4,Sugar Shack → CA,548.67,339,379.16999999999996
2023-08-04,2023-08-10,Standard,FL,South,Lot's O' Nuts,6,Lot's O' Nuts → FL,772.88,271,366.38
2023-01-08,2023-01-16,Standard,CA,West,Wicked Choccy's,8,Wicked Choccy's → CA,964.3,416,465.09999999999997
2023-01-04,2023-01-14,Standard,NC,South,Sugar Shack,10,Sugar Shack → NC,680.82,448,456.82000000000005
2023-04-06,2023-04-10,Expedited,WI,Midwest,Lot's O' Nuts,4,Lot's O' Nuts → WI,473.28,169,219.77999999999997
2023-01-24,2023-01-28,Standard,IN,Midwest,Wicked Choccy's,4,Wicked Choccy's → IN,942.27,418,440.66999999999996
2023-12-22,2023-12-26,Standard,MA,Northeast,Wicked Choccy's,4,Wicked Choccy's → MA,116.52,49,57.72
2023-08-26,2023-08-27,Expedited,IL,Midwest,Lot's O' Nuts,1,Lot's O' Nuts → IL,178.12,56,94.12
2023-03-24,2023-03-28,Standard,WA,West,Wicked Choccy's,4,Wicked Choccy's → WA,154.41,60,82.41
2023-11-08,2023-11-09,Expedited,OR,West,Wicked Choccy's,1,Wicked Choccy's → OR,702.59,277,370.19000000000005
2023-09-08,2023-09-11,Standard,VA,South,Lot's O' Nuts,3,Lot's O' Nuts → VA,1120.73,405,513.23
2023-08-12,2023-08-15,Standard,GA,South,Wicked Choccy's,3,Wicked Choccy's → GA,974.46,383,514.86
2023-06-10,2023-06-13,Standard,NJ,Northeast,The Other Factory,3,The Other Factory → NJ,456.05,205,271.55
2023-01-23,2023-01-27,Standard,FL,South,Lot's O' Nuts,4,Lot's O' Nuts → FL,133.25,44,67.25
2023-07-12,2023-07-16,Expedited,WI,Midwest,The Other Factory,4,The Other Factory → WI,966.25,470,543.25
2023-09-18,2023-09-22,Expedited,GA,South,Sugar Shack,4,Sugar Shack → GA,150.4,96,102.4
2023-09-02,2023-09-09,Standard,CA,West,Wicked Choccy's,7,Wicked Choccy's → CA,657.1,284,316.3
2023-04-28,2023-05-03,Standard,IL,Midwest,Wicked Choccy's,5,Wicked Choccy's → IL,379.03,152,196.62999999999997
2023-05-23,2023-05-24,Expedited,WI,Midwest,Wicked Choccy's,1,Wicked Choccy's → WI,615.82,225,345.82000000000005
2023-07-04,2023-07-07,Standard,IL,Midwest,The Other Factory,3,The Other Factory → IL,149.69,75,82.19
2023-04-17,2023-04-21,Standard,FL,South,Lot's O' Nuts,4,Lot's O' Nuts → FL,237.89,76,123.88999999999999
2023-09-12,2023-09-16,Standard,IL,Midwest,Sugar Shack,4,Sugar Shack → IL,50.21,31,34.71
2023-03-08,2023-03-11,Standard,NV,West,The Other Factory,3,The Other Factory → NV,455.95,218,259.75
2023-04-11,2023-04-13,Expedited,OR,West,Lot's O' Nuts,2,Lot's O' Nuts → OR,1560.09,488,828.0899999999999
2023-08-22,2023-08-23,Expedited,NC,South,Secret Factory,1,Secret Factory → NC,811.0,322,489.0
2023-03-09,2023-03-10,Expedited,WA,West,Lot's O' Nuts,1,Lot's O' Nuts → WA,690.33,222,357.33000000000004
2023-12-18,2023-12-21,Standard,MA,Northeast,Lot's O' Nuts,3,Lot's O' Nuts → MA,1470.12,450,795.1199999999999
2023-10-26,2023-10-27,Expedited,IL,Midwest,The Other Factory,1,The Other Factory → IL,300.83,144,171.23
2023-10-05,2023-10-09,Standard,AZ,West,Sugar Shack,4,Sugar Shack → AZ,132.26,87,88.75999999999999
2023-04-14,2023-04-17,Standard,NJ,Northeast,Lot's O' Nuts,3,Lot's O' Nuts → NJ,579.87,197,284.37
2023-07-08,2023-07-09,Expedited,NJ,Northeast,Secret Factory,1,Secret Factory → NJ,487.59,206,281.59
2023-07-21,2023-07-27,Standard,AZ,West,Wicked Choccy's,6,Wicked Choccy's → AZ,474.01,195,240.01
2023-06-05,2023-06-08,Standard,GA,South,The Other Factory,3,The Other Factory → GA,565.11,235,353.61
2023-07-20,2023-07-22,Expedited,VA,South,Wicked Choccy's,2,Wicked Choccy's → VA,737.52,300,377.52
2023-01-05,2023-01-09,Standard,PA,Northeast,Sugar Shack,4,Sugar Shack → PA,620.5,443,399.0
2023-03-10,2023-03-17,Standard,CA,West,Secret Factory,7,Secret Factory → CA,317.15,120,197.14999999999998
2023-12-07,2023-12-12,Standard,VA,South,Wicked Choccy's,5,Wicked Choccy's → VA,823.28,354,398.47999999999996
2023-12-14,2023-12-15,Expedited,AZ,West,The Other Factory,1,The Other Factory → AZ,874.56,388,525.3599999999999
2023-07-28,2023-07-29,Expedited,MI,Midwest,Wicked Choccy's,1,Wicked Choccy's → MI,882.44,346,467.24000000000007
2023-12-16,2023-12-21,Standard,FL,South,Secret Factory,5,Secret Factory → FL,1000.02,422,578.02
2023-03-10,2023-03-11,Expedited,PA,Northeast,Sugar Shack,1,Sugar Shack → PA,295.86,196,197.86
2023-04-26,2023-04-27,Expedited,FL,South,Wicked Choccy's,1,Wicked Choccy's → FL,1100.18,424,591.3800000000001
2023-02-09,2023-02-12,Standard,VA,South,Lot's O' Nuts,3,Lot's O' Nuts → VA,660.9,201,359.4
2023-05-17,2023-05-20,Expedited,NJ,Northeast,Sugar Shack,3,Sugar Shack → NJ,384.05,265,251.55
2023-08-21,2023-08-24,Expedited,GA,South,Secret Factory,3,Secret Factory → GA,325.81,132,193.81
2023-10-16,2023-10-22,Standard,NC,South,Secret Factory,6,Secret Factory → NC,965.2,423,542.2
2023-04-17,2023-04-22,Standard,IL,Midwest,Sugar Shack,5,Sugar Shack → IL,269.97,199,170.47000000000003
2023-12-24,2023-12-27,Expedited,VA,South,Lot's O' Nuts,3,Lot's O' Nuts → VA,743.18,270,338.17999999999995
2023-06-24,2023-06-29,Standard,CT,Northeast,Wicked Choccy's,5,Wicked Choccy's → CT,741.96,304,377.16
2023-06-04,2023-06-06,Expedited,IL,Midwest,Secret Factory,2,Secret Factory → IL,39.63,16,23.630000000000003
2023-05-22,2023-05-23,Expedited,MI,Midwest,Wicked Choccy's,1,Wicked Choccy's → MI,341.76,146,166.56
2023-03-04,2023-03-08,Standard,OR,West,Sugar Shack,4,Sugar Shack → OR,215.94,136,147.94
2023-03-22,2023-03-25,Expedited,OR,West,Secret Factory,3,Secret Factory → OR,310.49,119,191.49
2023-01-29,2023-02-04,Standard,PA,Northeast,Secret Factory,6,Secret Factory → PA,287.77,125,162.76999999999998
2023-12-15,2023-12-18,Standard,AZ,West,Lot's O' Nuts,3,Lot's O' Nuts → AZ,858.46,263,463.96000000000004
2023-07-02,2023-07-08,Standard,IL,Midwest,Wicked Choccy's,6,Wicked Choccy's → IL,154.36,57,85.96000000000001
2023-10-13,2023-10-21,Standard,FL,South,Sugar Shack,8,Sugar Shack → FL,373.47,231,257.97
2023-09-16,2023-09-20,Expedited,GA,South,Secret Factory,4,Secret Factory → GA,78.41,34,44.41
2023-04-10,2023-04-15,Standard,AZ,West,Wicked Choccy's,5,Wicked Choccy's → AZ,1200.41,458,650.8100000000001
2023-03-17,2023-03-23,Standard,NJ,Northeast,Wicked Choccy's,6,Wicked Choccy's → NJ,554.47,214,297.67
2023-07-28,2023-08-02,Standard,IN,Midwest,Wicked Choccy's,5,Wicked Choccy's → IN,1085.74,476,514.54
2023-01-24,2023-01-25,Expedited,IN,Midwest,Sugar Shack,1,Sugar Shack → IN,35.82,22,24.82
2023-07-08,2023-07-16,Standard,CA,West,Sugar Shack,8,Sugar Shack → CA,696.52,448,472.52
2023-03-07,2023-03-11,Standard,FL,South,Lot's O' Nuts,4,Lot's O' Nuts → FL,209.82,71,103.32
2023-11-06,2023-11-09,Standard,WI,Midwest,Sugar Shack,3,Sugar Shack → WI,655.09,403,453.59000000000003
2023-07-23,2023-07-24,Expedited,NV,West,The Other Factory,1,The Other Factory → NV,225.72,111,125.82
2023-07-13,2023-07-17,Expedited,GA,South,The Other Factory,4,The Other Factory → GA,237.89,100,147.89
2023-01-14,2023-01-18,Expedited,WI,Midwest,The Other Factory,4,The Other Factory → WI,858.29,411,488.39
2023-03-07,2023-03-12,Expedited,FL,South,Sugar Shack,5,Sugar Shack → FL,134.15,87,90.65
2023-08-15,2023-08-19,Standard,WI,Midwest,Wicked Choccy's,4,Wicked Choccy's → WI,23.94,10,11.940000000000001
2023-08-31,2023-09-06,Standard,FL,South,Wicked Choccy's,6,Wicked Choccy's → FL,522.93,228,249.32999999999993
2023-06-29,2023-07-02,Standard,NJ,Northeast,Lot's O' Nuts,3,Lot's O' Nuts → NJ,959.42,292,521.42
2023-01-24,2023-01-27,Standard,IN,Midwest,The Other Factory,3,The Other Factory → IN,883.2,401,522.3000000000001
2023-03-23,2023-03-30,Standard,NY,Northeast,Wicked Choccy's,7,Wicked Choccy's → NY,217.89,89,111.08999999999999
2023-07-01,2023-07-05,Standard,WI,Midwest,The Other Factory,4,The Other Factory → WI,749.21,371,415.31000000000006
2023-09-10,2023-09-14,Expedited,VA,South,Secret Factory,4,Secret Factory → VA,596.94,254,342.94000000000005
2023-08-15,2023-08-19,Standard,OH,Midwest,Sugar Shack,4,Sugar Shack → OH,597.04,363,415.53999999999996
2023-03-14,2023-03-20,Expedited,CA,West,Wicked Choccy's,6,Wicked Choccy's → CA,213.23,88,107.63
2023-12-10,2023-12-15,Standard,OH,Midwest,The Other Factory,5,The Other Factory → OH,435.12,217,239.82
2023-04-04,2023-04-07,Standard,FL,South,The Other Factory,3,The Other Factory → FL,1011.17,470,588.17
2023-11-22,2023-11-23,Expedited,IL,Midwest,Secret Factory,1,Secret Factory → IL,642.31,282,360.30999999999995
2023-07-23,2023-07-24,Expedited,TX,South,Secret Factory,1,Secret Factory → TX,666.8,258,408.79999999999995
2023-04-28,2023-05-03,Standard,TX,South,The Other Factory,5,The Other Factory → TX,170.79,86,93.38999999999999
2023-12-04,2023-12-07,Standard,IN,Midwest,Lot's O' Nuts,3,Lot's O' Nuts → IN,856.1,270,451.1
2023-12-06,2023-12-10,Expedited,WI,Midwest,Secret Factory,4,Secret Factory → WI,841.71,346,495.71000000000004
2023-02-02,2023-02-11,Standard,NC,South,Sugar Shack,9,Sugar Shack → NC,412.92,301,262.42
2023-03-31,2023-04-05,Standard,TX,South,Lot's O' Nuts,5,Lot's O' Nuts → TX,126.34,46,57.34
2023-12-11,2023-12-19,Standard,NC,South,Sugar Shack,8,Sugar Shack → NC,515.02,313,358.52
2023-10-30,2023-11-03,Standard,CT,Northeast,Sugar Shack,4,Sugar Shack → CT,59.73,40,39.73
2023-01-01,2023-01-05,Standard,OR,West,Wicked Choccy's,4,Wicked Choccy's → OR,792.37,351,371.17
2023-11-15,2023-11-16,Expedited,WA,West,Secret Factory,1,Secret Factory → WA,206.72,86,120.72
2023-04-14,2023-04-18,Expedited,IN,Midwest,The Other Factory,4,The Other Factory → IN,544.66,246,323.26
2023-11-28,2023-12-06,Standard,NY,Northeast,Secret Factory,8,Secret Factory → NY,109.63,47,62.629999999999995
2023-09-09,2023-09-11,Expedited,IL,Midwest,Secret Factory,2,Secret Factory → IL,190.11,77,113.11000000000001
2023-07-19,2023-07-25,Standard,MA,Northeast,Lot's O' Nuts,6,Lot's O' Nuts → MA,1035.17,342,522.1700000000001
2023-06-30,2023-07-03,Expedited,WI,Midwest,Wicked Choccy's,3,Wicked Choccy's → WI,260.76,113,125.16
2023-02-16,2023-02-21,Standard,GA,South,Secret Factory,5,Secret Factory → GA,243.76,103,140.76
2023-03-16,2023-03-21,Standard,IL,Midwest,Lot's O' Nuts,5,Lot's O' Nuts → IL,1196.92,441,535.4200000000001
2023-06-28,2023-07-02,Expedited,MA,Northeast,Secret Factory,4,Secret Factory → MA,1135.84,419,716.8399999999999
2023-09-03,2023-09-13,Standard,CA,West,Lot's O' Nuts,10,Lot's O' Nuts → CA,479.0,166,230.0
2023-12-07,2023-12-13,Standard,NJ,Northeast,Secret Factory,6,Secret Factory → NJ,774.7,313,461.70000000000005
2023-06-08,2023-06-13,Standard,PA,Northeast,Lot's O' Nuts,5,Lot's O' Nuts → PA,710.08,228,368.08000000000004
2023-01-18,2023-01-26,Standard,TX,South,Sugar Shack,8,Sugar Shack → TX,266.71,171,181.20999999999998
2023-08-29,2023-09-01,Expedited,AZ,West,Wicked Choccy's,3,Wicked Choccy's → AZ,736.53,299,377.72999999999996
2023-04-06,2023-04-13,Standard,NY,Northeast,Secret Factory,7,Secret Factory → NY,781.99,301,480.99
2023-04-25,2023-05-01,Standard,IL,Midwest,Sugar Shack,6,Sugar Shack → IL,511.2,378,322.2
2023-07-08,2023-07-14,Standard,WA,West,Sugar Shack,6,Sugar Shack → WA,343.06,221,232.56
2023-08-07,2023-08-10,Expedited,IL,Midwest,Sugar Shack,3,Sugar Shack → IL,722.02,479,482.52
2023-10-14,2023-10-19,Standard,VA,South,The Other Factory,5,The Other Factory → VA,501.51,221,302.61
2023-05-07,2023-05-13,Expedited,GA,South,Sugar Shack,6,Sugar Shack → GA,260.97,167,177.47000000000003
2023-02-07,2023-02-11,Standard,NV,West,Sugar Shack,4,Sugar Shack → NV,605.23,395,407.73
2023-12-28,2024-01-05,Standard,VA,South,Sugar Shack,8,Sugar Shack → VA,676.1,459,446.6
2023-01-09,2023-01-14,Standard,OH,Midwest,The Other Factory,5,The Other Factory → OH,575.85,266,336.45000000000005
2023-11-06,2023-11-11,Standard,WI,Midwest,Secret Factory,5,Secret Factory → WI,144.85,61,83.85
2023-02-23,2023-02-27,Standard,PA,Northeast,Lot's O' Nuts,4,Lot's O' Nuts → PA,218.71,68,116.71000000000001
2023-01-23,2023-01-26,Expedited,GA,South,Secret Factory,3,Secret Factory → GA,258.5,108,150.5
2023-12-30,2024-01-03,Standard,GA,South,Secret Factory,4,Secret Factory → GA,1184.85,449,735.8499999999999
2023-01-20,2023-01-29,Standard,CA,West,Wicked Choccy's,9,Wicked Choccy's → CA,556.46,205,310.46000000000004
2023-03-17,2023-03-20,Standard,WI,Midwest,The Other Factory,3,The Other Factory → WI,194.73,82,120.92999999999999
2023-07-02,2023-07-08,Standard,IL,Midwest,Lot's O' Nuts,6,Lot's O' Nuts → IL,578.71,180,308.71000000000004
2023-07-02,2023-07-07,Standard,PA,Northeast,The Other Factory,5,The Other Factory → PA,754.06,331,456.15999999999997
2023-08-30,2023-09-02,Expedited,NY,Northeast,Lot's O' Nuts,3,Lot's O' Nuts → NY,446.66,143,232.16000000000003
2023-10-10,2023-10-16,Standard,MI,Midwest,Sugar Shack,6,Sugar Shack → MI,294.61,208,190.61
2023-02-07,2023-02-10,Expedited,TX,South,Wicked Choccy's,3,Wicked Choccy's → TX,1088.93,465,530.9300000000001
2023-07-28,2023-07-30,Expedited,IL,Midwest,Wicked Choccy's,2,Wicked Choccy's → IL,416.43,168,214.83
2023-04-04,2023-04-07,Standard,PA,Northeast,Sugar Shack,3,Sugar Shack → PA,232.81,164,150.81
2023-08-19,2023-08-23,Expedited,CT,Northeast,The Other Factory,4,The Other Factory → CT,960.01,410,591.01
2023-01-15,2023-01-20,Standard,FL,South,Lot's O' Nuts,5,Lot's O' Nuts → FL,646.15,205,338.65
2023-01-26,2023-01-31,Standard,NV,West,Wicked Choccy's,5,Wicked Choccy's → NV,104.28,42,53.88
2023-04-07,2023-04-08,Expedited,FL,South,Lot's O' Nuts,1,Lot's O' Nuts → FL,252.5,89,119.0
2023-07-07,2023-07-10,Expedited,OH,Midwest,Lot's O' Nuts,3,Lot's O' Nuts → OH,663.2,226,324.20000000000005
2023-04-03,2023-04-07,Standard,FL,South,Secret Factory,4,Secret Factory → FL,758.17,276,482.16999999999996
2023-11-16,2023-11-21,Standard,WA,West,Wicked Choccy's,5,Wicked Choccy's → WA,545.41,215,287.40999999999997
2023-02-25,2023-03-01,Standard,IL,Midwest,Wicked Choccy's,4,Wicked Choccy's → IL,263.83,111,130.63
2023-08-28,2023-09-07,Standard,CA,West,Secret Factory,10,Secret Factory → CA,532.42,196,336.41999999999996
2023-01-06,2023-01-09,Expedited,PA,Northeast,Secret Factory,3,Secret Factory → PA,1046.82,394,652.8199999999999
2023-05-08,2023-05-12,Standard,MI,Midwest,Lot's O' Nuts,4,Lot's O' Nuts → MI,104.38,38,47.379999999999995
2023-03-30,2023-04-02,Standard,NC,South,Wicked Choccy's,3,Wicked Choccy's → NC,286.25,120,142.25
2023-03-09,2023-03-12,Standard,WI,Midwest,Lot's O' Nuts,3,Lot's O' Nuts → WI,1621.96,494,880.96
2023-10-25,2023-10-27,Expedited,NV,West,Lot's O' Nuts,2,Lot's O' Nuts → NV,1106.03,348,584.03
2023-05-30,2023-06-05,Standard,TX,South,Lot's O' Nuts,6,Lot's O' Nuts → TX,1532.22,479,813.72
2023-12-05,2023-12-13,Expedited,NY,Northeast,The Other Factory,8,The Other Factory → NY,407.67,174,251.07000000000002
2023-07-31,2023-08-05,Standard,MI,Midwest,Lot's O' Nuts,5,Lot's O' Nuts → MI,1019.42,337,513.92
2023-10-02,2023-10-07,Standard,IN,Midwest,Secret Factory,5,Secret Factory → IN,719.88,268,451.88
2023-02-02,2023-02-07,Standard,MI,Midwest,Wicked Choccy's,5,Wicked Choccy's → MI,506.55,207,258.15
2023-10-01,2023-10-06,Expedited,VA,South,Sugar Shack,5,Sugar Shack → VA,367.58,258,238.57999999999998
2023-04-07,2023-04-10,Standard,WA,West,Secret Factory,3,Secret Factory → WA,147.94,54,93.94
2023-03-03,2023-03-08,Standard,CT,Northeast,The Other Factory,5,The Other Factory → CT,804.81,362,479.00999999999993
2023-11-11,2023-11-15,Expedited,NV,West,Lot's O' Nuts,4,Lot's O' Nuts → NV,495.47,159,256.97
2023-11-19,2023-11-24,Standard,MI,Midwest,Wicked Choccy's,5,Wicked Choccy's → MI,886.03,365,448.03
2023-11-03,2023-11-07,Standard,NV,West,Sugar Shack,4,Sugar Shack → NV,132.97,82,91.97
2023-07-18,2023-07-22,Standard,OH,Midwest,Sugar Shack,4,Sugar Shack → OH,126.15,93,79.65
2023-05-29,2023-06-04,Standard,IL,Midwest,Wicked Choccy's,6,Wicked Choccy's → IL,860.46,357,432.06000000000006
2023-05-14,2023-05-15,Expedited,PA,Northeast,The Other Factory,1,The Other Factory → PA,807.14,364,479.53999999999996
2023-04-11,2023-04-14,Standard,GA,South,Wicked Choccy's,3,Wicked Choccy's → GA,415.18,166,215.98000000000002
2023-09-23,2023-09-26,Standard,TX,South,Secret Factory,3,Secret Factory → TX,982.24,421,561.24
2023-07-11,2023-07-14,Standard,CT,Northeast,The Other Factory,3,The Other Factory → CT,748.42,323,457.71999999999997
2023-06-10,2023-06-14,Standard,NJ,Northeast,Wicked Choccy's,4,Wicked Choccy's → NJ,524.74,213,269.14
2023-12-03,2023-12-07,Expedited,WI,Midwest,Wicked Choccy's,4,Wicked Choccy's → WI,307.54,129,152.74
2023-08-20,2023-08-22,Expedited,MA,Northeast,Secret Factory,2,Secret Factory → MA,1156.37,476,680.3699999999999
2023-03-20,2023-03-24,Expedited,NY,Northeast,Lot's O' Nuts,4,Lot's O' Nuts → NY,261.23,82,138.23000000000002
2023-03-10,2023-03-12,Expedited,VA,South,Lot's O' Nuts,2,Lot's O' Nuts → VA,265.83,87,135.32999999999998
2023-03-01,2023-03-05,Standard,NC,South,Lot's O' Nuts,4,Lot's O' Nuts → NC,901.88,312,433.88
2023-12-07,2023-12-13,Standard,PA,Northeast,The Other Factory,6,The Other Factory → PA,808.5,352,491.7
2023-03-20,2023-03-22,Expedited,WI,Midwest,Secret Factory,2,Secret Factory → WI,76.44,31,45.44
2023-02-08,2023-02-15,Standard,VA,South,Sugar Shack,7,Sugar Shack → VA,153.85,109,99.35
2023-02-24,2023-03-02,Standard,CA,West,Wicked Choccy's,6,Wicked Choccy's → CA,111.7,42,61.300000000000004
2023-02-12,2023-02-14,Expedited,IL,Midwest,Wicked Choccy's,2,Wicked Choccy's → IL,938.14,410,446.14
2023-06-01,2023-06-07,Standard,OR,West,The Other Factory,6,The Other Factory → OR,623.1,288,363.90000000000003
2023-09-13,2023-09-16,Standard,TX,South,Secret Factory,3,Secret Factory → TX,678.15,281,397.15
2023-10-12,2023-10-17,Standard,NV,West,The Other Factory,5,The Other Factory → NV,803.27,394,448.66999999999996
2023-12-11,2023-12-17,Standard,NV,West,Lot's O' Nuts,6,Lot's O' Nuts → NV,727.58,236,373.58000000000004
2023-09-03,2023-09-09,Standard,VA,South,Wicked Choccy's,6,Wicked Choccy's → VA,823.49,336,420.29
2023-07-24,2023-07-28,Standard,AZ,West,Sugar Shack,4,Sugar Shack → AZ,174.1,121,113.6
2023-04-03,2023-04-05,Expedited,IN,Midwest,Lot's O' Nuts,2,Lot's O' Nuts → IN,135.17,48,63.16999999999999
2023-01-09,2023-01-16,Standard,CA,West,Sugar Shack,7,Sugar Shack → CA,684.62,417,476.12
2023-05-25,2023-06-02,Standard,CA,West,Secret Factory,8,Secret Factory → CA,1136.24,432,704.24
2023-10-29,2023-11-01,Standard,VA,South,The Other Factory,3,The Other Factory → VA,703.42,343,394.71999999999997
2023-12-24,2023-12-28,Standard,AZ,West,Wicked Choccy's,4,Wicked Choccy's → AZ,1129.43,458,579.83
2023-07-29,2023-08-03,Standard,IL,Midwest,Lot's O' Nuts,5,Lot's O' Nuts → IL,1378.01,489,644.51
2023-03-24,2023-03-28,Standard,FL,South,The Other Factory,4,The Other Factory → FL,922.21,456,511.81000000000006
2023-06-14,2023-06-18,Standard,FL,South,Lot's O' Nuts,4,Lot's O' Nuts → FL,909.63,291,473.13
2023-07-01,2023-07-03,Expedited,IN,Midwest,The Other Factory,2,The Other Factory → IN,805.9,347,493.59999999999997
2023-11-10,2023-11-16,Standard,NV,West,Lot's O' Nuts,6,Lot's O' Nuts → NV,297.0,93,157.5
2023-08-12,2023-08-14,Expedited,OH,Midwest,Wicked Choccy's,2,Wicked Choccy's → OH,1238.26,461,685.06
2023-11-09,2023-11-13,Expedited,OH,Midwest,Secret Factory,4,Secret Factory → OH,1233.04,470,763.04
2023-09-16,2023-09-20,Expedited,AZ,West,Sugar Shack,4,Sugar Shack → AZ,146.93,100,96.93
2023-02-23,2023-02-26,Standard,CT,Northeast,Wicked Choccy's,3,Wicked Choccy's → CT,27.37,10,15.370000000000001
2023-04-08,2023-04-10,Expedited,OH,Midwest,Wicked Choccy's,2,Wicked Choccy's → OH,155.19,60,83.19
2023-09-18,2023-09-21,Standard,FL,South,Wicked Choccy's,3,Wicked Choccy's → FL,696.76,280,360.76
2023-12-29,2024-01-01,Standard,NJ,Northeast,Lot's O' Nuts,3,Lot's O' Nuts → NJ,935.04,343,420.53999999999996
2023-11-19,2023-11-22,Standard,IL,Midwest,Sugar Shack,3,Sugar Shack → IL,692.72,448,468.72
2023-05-17,2023-05-23,Standard,AZ,West,Wicked Choccy's,6,Wicked Choccy's → AZ,1224.98,499,626.1800000000001
2023-08-24,2023-08-28,Expedited,OR,West,The Other Factory,4,The Other Factory → OR,720.76,306,445.36
2023-11-26,2023-11-30,Standard,GA,South,Wicked Choccy's,4,Wicked Choccy's → GA,998.88,386,535.6800000000001
2023-03-19,2023-03-25,Standard,MA,Northeast,Secret Factory,6,Secret Factory → MA,691.15,283,408.15
2023-03-29,2023-03-31,Expedited,VA,South,The Other Factory,2,The Other Factory → VA,381.01,175,223.51
2023-06-07,2023-06-12,Standard,MI,Midwest,The Other Factory,5,The Other Factory → MI,766.53,353,448.83
2023-11-22,2023-11-23,Expedited,MA,Northeast,Lot's O' Nuts,1,Lot's O' Nuts → MA,678.03,237,322.53
2023-09-01,2023-09-06,Standard,NJ,Northeast,Wicked Choccy's,5,Wicked Choccy's → NJ,110.55,42,60.15
2023-10-21,2023-10-24,Standard,NJ,Northeast,The Other Factory,3,The Other Factory → NJ,680.94,293,417.24000000000007
2023-08-23,2023-08-28,Standard,MA,Northeast,Sugar Shack,5,Sugar Shack → MA,310.9,217,202.39999999999998
2023-09-18,2023-09-22,Standard,TX,South,Wicked Choccy's,4,Wicked Choccy's → TX,419.1,157,230.70000000000002
2023-09-23,2023-09-24,Expedited,IN,Midwest,Sugar Shack,1,Sugar Shack → IN,293.33,204,191.32999999999998
2023-10-27,2023-10-30,Standard,OR,West,The Other Factory,3,The Other Factory → OR,932.16,415,558.66
2023-12-06,2023-12-11,Standard,NY,Northeast,The Other Factory,5,The Other Factory → NY,1035.93,437,642.6300000000001
2023-01-17,2023-01-18,Expedited,PA,Northeast,Wicked Choccy's,1,Wicked Choccy's → PA,521.87,213,266.27
2023-10-11,2023-10-16,Expedited,CA,West,The Other Factory,5,The Other Factory → CA,664.14,283,409.44
2023-07-03,2023-07-07,Standard,WA,West,The Other Factory,4,The Other Factory → WA,1038.72,457,627.4200000000001
2023-01-22,2023-01-26,Standard,MA,Northeast,Sugar Shack,4,Sugar Shack → MA,498.29,326,335.29
2023-08-31,2023-09-04,Standard,AZ,West,Sugar Shack,4,Sugar Shack → AZ,23.71,17,15.21
2023-08-17,2023-08-23,Standard,CA,West,Sugar Shack,6,Sugar Shack → CA,554.57,378,365.57000000000005
2023-12-14,2023-12-17,Expedited,AZ,West,Secret Factory,3,Secret Factory → AZ,799.56,340,459.55999999999995
2023-07-03,2023-07-07,Standard,TX,South,Secret Factory,4,Secret Factory → TX,1066.67,432,634.6700000000001
2023-10-05,2023-10-11,Standard,NJ,Northeast,Sugar Shack,6,Sugar Shack → NJ,747.13,477,508.63
2023-01-10,2023-01-13,Standard,PA,Northeast,Lot's O' Nuts,3,Lot's O' Nuts → PA,69.19,25,31.689999999999998
2023-04-15,2023-04-20,Standard,TX,South,Secret Factory,5,Secret Factory → TX,1150.95,480,670.95
2023-05-10,2023-05-15,Standard,NV,West,Wicked Choccy's,5,Wicked Choccy's → NV,1225.56,498,627.9599999999999
2023-07-25,2023-07-29,Expedited,MI,Midwest,Sugar Shack,4,Sugar Shack → MI,130.07,82,89.07
2023-03-06,2023-03-12,Standard,GA,South,Lot's O' Nuts,6,Lot's O' Nuts → GA,1361.9,456,677.9000000000001
2023-06-11,2023-06-13,Expedited,OH,Midwest,Secret Factory,2,Secret Factory → OH,186.48,73,113.47999999999999
2023-06-19,2023-06-22,Standard,MI,Midwest,Wicked Choccy's,3,Wicked Choccy's → MI,354.92,142,184.52
2023-09-03,2023-09-08,Standard,VA,South,Secret Factory,5,Secret Factory → VA,509.73,200,309.73
2023-11-04,2023-11-08,Standard,FL,South,Secret Factory,4,Secret Factory → FL,668.62,283,385.62
2023-01-04,2023-01-09,Standard,WA,West,Secret Factory,5,Secret Factory → WA,278.4,121,157.39999999999998
2023-12-26,2024-01-01,Expedited,CA,West,The Other Factory,6,The Other Factory → CA,715.28,347,402.97999999999996
2023-02-16,2023-02-18,Expedited,PA,Northeast,Lot's O' Nuts,2,Lot's O' Nuts → PA,1096.17,334,595.1700000000001
2023-09-11,2023-09-15,Standard,MA,Northeast,Wicked Choccy's,4,Wicked Choccy's → MA,789.98,326,398.78000000000003
2023-06-14,2023-06-22,Standard,FL,South,Sugar Shack,8,Sugar Shack → FL,573.7,358,394.70000000000005
2023-03-13,2023-03-18,Standard,NV,West,Sugar Shack,5,Sugar Shack → NV,379.72,260,249.72000000000003
2023-02-13,2023-02-17,Standard,CA,West,Secret Factory,4,Secret Factory → CA,468.83,195,273.83
2023-02-17,2023-02-23,Standard,NJ,Northeast,Sugar Shack,6,Sugar Shack → NJ,200.58,127,137.08
2023-11-23,2023-11-28,Standard,FL,South,Wicked Choccy's,5,Wicked Choccy's → FL,178.66,67,98.25999999999999
2023-08-25,2023-08-31,Standard,VA,South,Lot's O' Nuts,6,Lot's O' Nuts → VA,319.87,112,151.87
2023-11-05,2023-11-08,Standard,OR,West,Wicked Choccy's,3,Wicked Choccy's → OR,288.76,123,141.16
2023-09-29,2023-10-02,Expedited,NY,Northeast,Wicked Choccy's,3,Wicked Choccy's → NY,351.48,132,193.08
2023-09-24,2023-09-28,Expedited,IN,Midwest,The Other Factory,4,The Other Factory → IN,595.94,269,353.84000000000003
2023-03-31,2023-04-04,Expedited,OR,West,The Other Factory,4,The Other Factory → OR,630.46,288,371.26000000000005
2023-01-05,2023-01-08,Standard,PA,Northeast,Sugar Shack,3,Sugar Shack → PA,238.76,170,153.76
2023-08-16,2023-08-18,Expedited,MA,Northeast,Sugar Shack,2,Sugar Shack → MA,700.94,484,458.94000000000005
2023-04-26,2023-05-02,Standard,CA,West,Secret Factory,6,Secret Factory → CA,588.56,227,361.55999999999995
2023-04-07,2023-04-18,Standard,NC,South,Sugar Shack,11,Sugar Shack → NC,570.83,390,375.83000000000004
2023-03-25,2023-03-28,Expedited,CT,Northeast,The Other Factory,3,The Other Factory → CT,256.97,124,145.37000000000003
2023-07-22,2023-07-28,Standard,NC,South,Wicked Choccy's,6,Wicked Choccy's → NC,393.96,144,221.15999999999997
2023-06-24,2023-07-03,Standard,CA,West,Lot's O' Nuts,9,Lot's O' Nuts → CA,383.85,126,194.85000000000002
2023-09-30,2023-10-03,Standard,FL,South,Wicked Choccy's,3,Wicked Choccy's → FL,728.51,286,385.31
2023-12-06,2023-12-11,Standard,GA,South,The Other Factory,5,The Other Factory → GA,439.29,209,251.19000000000003
2023-09-21,2023-09-25,Expedited,VA,South,The Other Factory,4,The Other Factory → VA,660.08,308,382.88000000000005
2023-03-29,2023-04-03,Standard,NC,South,The Other Factory,5,The Other Factory → NC,874.67,396,518.27
2023-09-23,2023-09-29,Standard,WA,West,Lot's O' Nuts,6,Lot's O' Nuts → WA,1192.66,391,606.1600000000001
2023-10-03,2023-10-07,Standard,WA,West,The Other Factory,4,The Other Factory → WA,757.48,337,454.18
2023-08-20,2023-08-26,Expedited,NY,Northeast,Lot's O' Nuts,6,Lot's O' Nuts → NY,1399.37,483,674.8699999999999
2023-02-20,2023-02-24,Standard,IN,Midwest,Sugar Shack,4,Sugar Shack → IN,456.63,277,318.13
2023-09-25,2023-09-26,Expedited,WA,West,Lot's O' Nuts,1,Lot's O' Nuts → WA,352.98,117,177.48000000000002
2023-06-24,2023-07-01,Standard,CA,West,Secret Factory,7,Secret Factory → CA,408.39,150,258.39
2023-06-22,2023-06-25,Expedited,CA,West,The Other Factory,3,The Other Factory → CA,518.06,237,304.75999999999993
2023-01-25,2023-02-05,Standard,FL,South,Sugar Shack,11,Sugar Shack → FL,436.41,309,281.91
2023-07-11,2023-07-14,Standard,VA,South,Lot's O' Nuts,3,Lot's O' Nuts → VA,1240.73,396,646.73
2023-01-07,2023-01-10,Standard,OH,Midwest,Sugar Shack,3,Sugar Shack → OH,616.74,392,420.74
2023-03-04,2023-03-08,Standard,WI,Midwest,The Other Factory,4,The Other Factory → WI,1178.68,500,728.6800000000001
2023-03-06,2023-03-11,Standard,MA,Northeast,The Other Factory,5,The Other Factory → MA,382.27,188,213.07
2023-08-07,2023-08-10,Standard,AZ,West,Lot's O' Nuts,3,Lot's O' Nuts → AZ,1344.62,448,672.6199999999999
2023-03-04,2023-03-08,Standard,GA,South,Lot's O' Nuts,4,Lot's O' Nuts → GA,460.85,163,216.35000000000002
2023-08-25,2023-08-31,Expedited,NY,Northeast,Wicked Choccy's,6,Wicked Choccy's → NY,536.27,204,291.46999999999997
2023-03-13,2023-03-19,Standard,WA,West,Secret Factory,6,Secret Factory → WA,711.8,300,411.79999999999995
2023-06-30,2023-07-09,Standard,CA,West,Wicked Choccy's,9,Wicked Choccy's → CA,136.27,56,69.07000000000001
2023-05-30,2023-06-05,Standard,IL,Midwest,Secret Factory,6,Secret Factory → IL,1048.25,430,618.25
2023-10-27,2023-10-30,Standard,MI,Midwest,Secret Factory,3,Secret Factory → MI,148.83,61,87.83000000000001
2023-05-07,2023-05-09,Expedited,WA,West,Secret Factory,2,Secret Factory → WA,625.76,251,374.76
2023-08-22,2023-08-28,Standard,WI,Midwest,Lot's O' Nuts,6,Lot's O' Nuts → WI,591.92,219,263.41999999999996
2023-05-08,2023-05-13,Standard,WI,Midwest,Sugar Shack,5,Sugar Shack → WI,193.26,141,122.75999999999999
2023-12-27,2024-01-03,Expedited,CA,West,Secret Factory,7,Secret Factory → CA,900.4,334,566.4
2023-06-21,2023-06-22,Expedited,NC,South,The Other Factory,1,The Other Factory → NC,483.18,201,302.28
2023-01-20,2023-01-24,Standard,WA,West,Wicked Choccy's,4,Wicked Choccy's → WA,33.35,14,16.55
2023-09-07,2023-09-10,Standard,IN,Midwest,Secret Factory,3,Secret Factory → IN,369.63,144,225.63
2023-12-13,2023-12-20,Standard,NY,Northeast,Sugar Shack,7,Sugar Shack → NY,587.98,416,379.98
2023-01-12,2023-01-16,Expedited,CT,Northeast,The Other Factory,4,The Other Factory → CT,567.27,263,330.57
2023-12-22,2023-12-27,Standard,AZ,West,The Other Factory,5,The Other Factory → AZ,1102.51,490,661.51
2023-08-21,2023-08-29,Standard,GA,South,Sugar Shack,8,Sugar Shack → GA,448.76,285,306.26
2023-08-21,2023-08-26,Standard,NY,Northeast,Wicked Choccy's,5,Wicked Choccy's → NY,924.06,338,518.4599999999999
2023-10-11,2023-10-15,Expedited,CA,West,The Other Factory,4,The Other Factory → CA,238.91,113,137.20999999999998
2023-04-17,2023-04-23,Standard,AZ,West,The Other Factory,6,The Other Factory → AZ,534.97,236,322.57000000000005
2023-07-03,2023-07-08,Standard,OH,Midwest,The Other Factory,5,The Other Factory → OH,873.39,399,514.29
2023-01-08,2023-01-09,Expedited,WA,West,Sugar Shack,1,Sugar Shack → WA,532.65,328,368.65
2023-06-28,2023-07-06,Standard,NY,Northeast,Wicked Choccy's,8,Wicked Choccy's → NY,189.1,78,95.5
2023-03-27,2023-03-31,Standard,TX,South,Lot's O' Nuts,4,Lot's O' Nuts → TX,1453.09,451,776.5899999999999
2023-02-13,2023-02-17,Standard,OR,West,The Other Factory,4,The Other Factory → OR,27.28,13,15.580000000000002
2023-05-24,2023-05-31,Expedited,CA,West,Lot's O' Nuts,7,Lot's O' Nuts → CA,185.38,61,93.88
2023-03-23,2023-03-26,Expedited,FL,South,Sugar Shack,3,Sugar Shack → FL,490.3,328,326.3
2023-11-12,2023-11-17,Standard,WA,West,Sugar Shack,5,Sugar Shack → WA,471.06,288,327.06
2023-01-15,2023-01-18,Expedited,PA,Northeast,The Other Factory,3,The Other Factory → PA,1082.97,453,675.27
2023-07-28,2023-08-03,Standard,OH,Midwest,Wicked Choccy's,6,Wicked Choccy's → OH,1058.08,441,528.8799999999999
2023-03-15,2023-03-19,Standard,TX,South,Wicked Choccy's,4,Wicked Choccy's → TX,241.04,98,123.44
2023-02-25,2023-03-07,Standard,CA,West,The Other Factory,10,The Other Factory → CA,136.95,60,82.94999999999999
2023-04-21,2023-05-01,Standard,NY,Northeast,Lot's O' Nuts,10,Lot's O' Nuts → NY,1128.46,365,580.96
2023-01-29,2023-02-06,Standard,CA,West,Wicked Choccy's,8,Wicked Choccy's → CA,1238.15,467,677.7500000000001
2023-03-11,2023-03-14,Standard,FL,South,Lot's O' Nuts,3,Lot's O' Nuts → FL,43.55,15,21.049999999999997
2023-09-01,2023-09-07,Standard,TX,South,The Other Factory,6,The Other Factory → TX,273.37,134,152.77
2023-10-16,2023-10-22,Standard,NV,West,Lot's O' Nuts,6,Lot's O' Nuts → NV,154.75,55,72.25
2023-01-18,2023-01-22,Standard,OH,Midwest,Secret Factory,4,Secret Factory → OH,759.76,286,473.76
2023-10-17,2023-10-25,Standard,NY,Northeast,Lot's O' Nuts,8,Lot's O' Nuts → NY,291.06,105,133.56
2023-05-10,2023-05-16,Expedited,NC,South,Sugar Shack,6,Sugar Shack → NC,421.45,301,270.95
2023-02-05,2023-02-09,Standard,NV,West,Secret Factory,4,Secret Factory → NV,496.36,218,278.36
2023-03-16,2023-03-18,Expedited,GA,South,Wicked Choccy's,2,Wicked Choccy's → GA,252.75,104,127.95
2023-02-17,2023-02-21,Standard,WA,West,Secret Factory,4,Secret Factory → WA,1210.88,476,734.8800000000001
2023-02-12,2023-02-18,Standard,AZ,West,Wicked Choccy's,6,Wicked Choccy's → AZ,1116.6,418,614.9999999999999
2023-04-03,2023-04-09,Standard,WA,West,Secret Factory,6,Secret Factory → WA,866.21,338,528.21
2023-06-11,2023-06-14,Standard,OH,Midwest,Lot's O' Nuts,3,Lot's O' Nuts → OH,1021.92,343,507.41999999999996
2023-06-03,2023-06-08,Standard,WA,West,The Other Factory,5,The Other Factory → WA,989.19,433,599.49
2023-10-27,2023-10-31,Standard,TX,South,The Other Factory,4,The Other Factory → TX,129.71,64,72.11000000000001
2023-12-08,2023-12-11,Standard,VA,South,Lot's O' Nuts,3,Lot's O' Nuts → VA,308.78,97,163.27999999999997
2023-10-04,2023-10-08,Expedited,VA,South,Secret Factory,4,Secret Factory → VA,348.53,140,208.52999999999997
2023-08-08,2023-08-14,Standard,PA,Northeast,The Other Factory,6,The Other Factory → PA,95.18,40,59.18000000000001
2023-09-14,2023-09-17,Standard,GA,South,The Other Factory,3,The Other Factory → GA,625.91,271,382.01
2023-08-13,2023-08-16,Standard,AZ,West,The Other Factory,3,The Other Factory → AZ,550.26,261,315.36
2023-10-18,2023-10-21,Standard,NV,West,Wicked Choccy's,3,Wicked Choccy's → NV,547.7,216,288.50000000000006
2023-09-28,2023-09-30,Expedited,CT,Northeast,Wicked Choccy's,2,Wicked Choccy's → CT,1024.03,436,500.8299999999999
2023-06-16,2023-06-22,Standard,VA,South,Wicked Choccy's,6,Wicked Choccy's → VA,366.23,148,188.63000000000002
2023-01-21,2023-01-27,Standard,IL,Midwest,The Other Factory,6,The Other Factory → IL,363.42,173,207.72000000000003
2023-04-06,2023-04-10,Standard,WA,West,Wicked Choccy's,4,Wicked Choccy's → WA,293.63,112,159.23
2023-09-09,2023-09-10,Expedited,OR,West,Wicked Choccy's,1,Wicked Choccy's → OR,1080.52,459,529.72
2023-04-22,2023-04-30,Standard,CA,West,Lot's O' Nuts,8,Lot's O' Nuts → CA,1196.01,416,572.01
2024-01-01,2024-01-04,Standard,PA,Northeast,Secret Factory,3,Secret Factory → PA,27.59,11,16.59
2023-10-20,2023-10-27,Standard,CA,West,The Other Factory,7,The Other Factory → CA,46.94,21,28.04
2023-02-17,2023-02-23,Standard,OH,Midwest,Secret Factory,6,Secret Factory → OH,307.01,113,194.01
2023-10-25,2023-10-28,Standard,CT,Northeast,The Other Factory,3,The Other Factory → CT,668.67,287,410.36999999999995
2023-06-22,2023-06-27,Standard,AZ,West,Sugar Shack,5,Sugar Shack → AZ,296.08,208,192.07999999999998
2023-01-26,2023-01-29,Standard,FL,South,Lot's O' Nuts,3,Lot's O' Nuts → FL,1282.5,465,585.0
2023-05-06,2023-05-12,Standard,CA,West,Secret Factory,6,Secret Factory → CA,147.12,57,90.12
2023-10-12,2023-10-20,Standard,GA,South,Sugar Shack,8,Sugar Shack → GA,26.73,19,17.23
2023-05-14,2023-05-18,Standard,OR,West,Lot's O' Nuts,4,Lot's O' Nuts → OR,448.05,152,220.05
2023-01-16,2023-01-19,Expedited,NC,South,Secret Factory,3,Secret Factory → NC,393.86,155,238.86
2023-12-27,2023-12-30,Standard,NJ,Northeast,Sugar Shack,3,Sugar Shack → NJ,79.32,58,50.31999999999999
2023-03-12,2023-03-13,Expedited,WA,West,Sugar Shack,1,Sugar Shack → WA,543.76,362,362.76
2023-03-12,2023-03-15,Expedited,CT,Northeast,Wicked Choccy's,3,Wicked Choccy's → CT,23.25,10,11.25
2023-07-20,2023-07-23,Standard,AZ,West,Wicked Choccy's,3,Wicked Choccy's → AZ,628.59,264,311.79
2023-06-16,2023-06-19,Expedited,PA,Northeast,Wicked Choccy's,3,Wicked Choccy's → PA,919.12,336,515.9200000000001
2023-07-30,2023-08-05,Standard,OH,Midwest,Sugar Shack,6,Sugar Shack → OH,24.35,18,15.350000000000001
2023-02-14,2023-02-17,Expedited,AZ,West,Wicked Choccy's,3,Wicked Choccy's → AZ,161.57,64,84.77
2023-12-18,2023-12-21,Expedited,WA,West,Secret Factory,3,Secret Factory → WA,473.53,187,286.53
2023-05-27,2023-06-02,Standard,CA,West,Secret Factory,6,Secret Factory → CA,90.53,38,52.53
2023-07-29,2023-08-04,Standard,CA,West,Lot's O' Nuts,6,Lot's O' Nuts → CA,671.49,244,305.49
2023-02-15,2023-02-21,Standard,OH,Midwest,Wicked Choccy's,6,Wicked Choccy's → OH,109.14,45,55.14
2023-03-06,2023-03-07,Expedited,VA,South,Lot's O' Nuts,1,Lot's O' Nuts → VA,829.29,264,433.28999999999996
2023-08-11,2023-08-14,Standard,MI,Midwest,Sugar Shack,3,Sugar Shack → MI,660.27,458,431.27
2023-04-01,2023-04-04,Expedited,NJ,Northeast,Wicked Choccy's,3,Wicked Choccy's → NJ,548.5,206,301.3
2023-01-13,2023-01-18,Standard,OR,West,Lot's O' Nuts,5,Lot's O' Nuts → OR,829.85,265,432.35
2023-11-17,2023-11-20,Expedited,NC,South,Wicked Choccy's,3,Wicked Choccy's → NC,315.23,130,159.23000000000002
2023-08-04,2023-08-08,Standard,NJ,Northeast,Lot's O' Nuts,4,Lot's O' Nuts → NJ,1419.34,491,682.8399999999999
2023-02-21,2023-02-24,Standard,PA,Northeast,Wicked Choccy's,3,Wicked Choccy's → PA,660.42,270,336.41999999999996
2023-08-03,2023-08-05,Expedited,NC,South,Secret Factory,2,Secret Factory → NC,414.01,151,263.01
2023-11-15,2023-11-20,Standard,CT,Northeast,Secret Factory,5,Secret Factory → CT,1060.57,414,646.5699999999999
2023-08-31,2023-09-04,Standard,WA,West,Secret Factory,4,Secret Factory → WA,440.22,195,245.22000000000003
2023-07-31,2023-08-05,Standard,VA,South,Lot's O' Nuts,5,Lot's O' Nuts → VA,233.13,84,107.13
2023-06-10,2023-06-16,Standard,MI,Midwest,Sugar Shack,6,Sugar Shack → MI,721.4,459,491.9
2023-07-13,2023-07-18,Standard,IL,Midwest,The Other Factory,5,The Other Factory → IL,935.79,414,563.1899999999999
2023-05-10,2023-05-14,Standard,FL,South,The Other Factory,4,The Other Factory → FL,43.32,18,27.12
2023-12-04,2023-12-10,Expedited,TX,South,Sugar Shack,6,Sugar Shack → TX,571.92,406,368.91999999999996
2023-10-09,2023-10-15,Standard,IN,Midwest,Lot's O' Nuts,6,Lot's O' Nuts → IN,372.04,129,178.54000000000002
2023-06-22,2023-06-24,Expedited,VA,South,The Other Factory,2,The Other Factory → VA,763.23,380,421.23
2023-09-22,2023-09-28,Standard,CT,Northeast,Sugar Shack,6,Sugar Shack → CT,309.85,217,201.35000000000002
2023-01-10,2023-01-13,Expedited,CA,West,Sugar Shack,3,Sugar Shack → CA,146.7,92,100.69999999999999
2023-07-09,2023-07-13,Standard,MI,Midwest,Sugar Shack,4,Sugar Shack → MI,218.82,136,150.82
2023-03-02,2023-03-08,Standard,OR,West,Secret Factory,6,Secret Factory → OR,31.94,12,19.94
2023-05-03,2023-05-07,Expedited,IL,Midwest,Secret Factory,4,Secret Factory → IL,101.52,37,64.52
2023-04-14,2023-04-20,Standard,WA,West,Wicked Choccy's,6,Wicked Choccy's → WA,775.23,291,426.03000000000003
2023-11-15,2023-11-21,Standard,CA,West,The Other Factory,6,The Other Factory → CA,973.05,490,532.05
2023-06-02,2023-06-08,Standard,WA,West,Secret Factory,6,Secret Factory → WA,901.38,392,509.38
2023-08-27,2023-09-01,Expedited,NY,Northeast,The Other Factory,5,The Other Factory → NY,1103.26,462,687.46
2023-07-01,2023-07-06,Standard,AZ,West,The Other Factory,5,The Other Factory → AZ,1065.4,442,667.6000000000001
2023-08-27,2023-08-28,Expedited,GA,South,The Other Factory,1,The Other Factory → GA,101.46,49,57.35999999999999
2023-08-13,2023-08-16,Standard,MI,Midwest,Sugar Shack,3,Sugar Shack → MI,31.33,21,20.83
2023-03-27,2023-03-31,Expedited,CT,Northeast,The Other Factory,4,The Other Factory → CT,185.83,80,113.83000000000001
2023-11-03,2023-11-09,Standard,IN,Midwest,Lot's O' Nuts,6,Lot's O' Nuts → IN,189.19,64,93.19
2023-10-10,2023-10-14,Standard,AZ,West,The Other Factory,4,The Other Factory → AZ,180.37,76,111.97
2023-12-13,2023-12-16,Standard,MA,Northeast,The Other Factory,3,The Other Factory → MA,587.06,284,331.4599999999999
2023-06-23,2023-06-24,Expedited,NV,West,Wicked Choccy's,1,Wicked Choccy's → NV,1269.69,470,705.69
2023-04-04,2023-04-09,Standard,AZ,West,Sugar Shack,5,Sugar Shack → AZ,399.31,248,275.31
2023-09-14,2023-09-19,Standard,WA,West,Lot's O' Nuts,5,Lot's O' Nuts → WA,346.52,109,183.01999999999998
2023-03-11,2023-03-14,Standard,PA,Northeast,Wicked Choccy's,3,Wicked Choccy's → PA,533.93,210,281.92999999999995
2023-07-16,2023-07-22,Standard,CT,Northeast,The Other Factory,6,The Other Factory → CT,306.05,142,178.25
2023-08-30,2023-09-04,Standard,NJ,Northeast,Lot's O' Nuts,5,Lot's O' Nuts → NJ,127.37,43,62.870000000000005
2023-12-20,2023-12-23,Expedited,WI,Midwest,Lot's O' Nuts,3,Lot's O' Nuts → WI,1152.59,366,603.5899999999999
2023-03-14,2023-03-18,Expedited,TX,South,Lot's O' Nuts,4,Lot's O' Nuts → TX,1347.33,468,645.3299999999999
2023-03-16,2023-03-21,Standard,CA,West,Secret Factory,5,Secret Factory → CA,269.95,111,158.95
2023-11-29,2023-12-03,Standard,FL,South,The Other Factory,4,The Other Factory → FL,852.07,369,519.97
2023-02-27,2023-03-04,Standard,WI,Midwest,The Other Factory,5,The Other Factory → WI,536.41,267,296.10999999999996
2023-01-13,2023-01-14,Expedited,TX,South,Lot's O' Nuts,1,Lot's O' Nuts → TX,1154.15,426,515.1500000000001
2023-04-28,2023-05-01,Standard,IL,Midwest,Lot's O' Nuts,3,Lot's O' Nuts → IL,606.11,203,301.61
2023-07-06,2023-07-10,Standard,MA,Northeast,The Other Factory,4,The Other Factory → MA,291.05,128,175.85000000000002
2023-11-11,2023-11-14,Standard,MI,Midwest,Sugar Shack,3,Sugar Shack → MI,15.93,11,10.43
2023-03-02,2023-03-06,Standard,NJ,Northeast,Sugar Shack,4,Sugar Shack → NJ,391.94,261,261.44
2023-10-27,2023-11-01,Standard,OR,West,Secret Factory,5,Secret Factory → OR,456.27,174,282.27
2023-02-26,2023-03-01,Expedited,NV,West,Wicked Choccy's,3,Wicked Choccy's → NV,972.58,423,464.98
2023-04-30,2023-05-03,Standard,VA,South,The Other Factory,3,The Other Factory → VA,393.65,184,228.04999999999998
2023-03-21,2023-03-25,Standard,AZ,West,Secret Factory,4,Secret Factory → AZ,940.05,385,555.05
2023-03-20,2023-03-27,Expedited,NC,South,Sugar Shack,7,Sugar Shack → NC,357.52,226,244.51999999999998
2023-08-28,2023-08-31,Standard,OR,West,Wicked Choccy's,3,Wicked Choccy's → OR,57.05,23,29.449999999999996
2023-02-01,2023-02-10,Standard,NY,Northeast,The Other Factory,9,The Other Factory → NY,681.81,282,428.00999999999993
2023-04-28,2023-05-03,Standard,WA,West,Secret Factory,5,Secret Factory → WA,457.47,167,290.47
2023-09-29,2023-10-02,Standard,IN,Midwest,Lot's O' Nuts,3,Lot's O' Nuts → IN,1267.65,440,607.6500000000001
2023-06-16,2023-06-20,Standard,IN,Midwest,Secret Factory,4,Secret Factory → IN,428.36,180,248.36
2023-07-21,2023-07-23,Expedited,PA,Northeast,The Other Factory,2,The Other Factory → PA,648.89,294,384.28999999999996
2023-06-03,2023-06-07,Standard,NJ,Northeast,Lot's O' Nuts,4,Lot's O' Nuts → NJ,44.51,15,22.009999999999998
2023-07-13,2023-07-15,Expedited,IN,Midwest,Wicked Choccy's,2,Wicked Choccy's → IN,1190.21,492,599.8100000000001
2023-10-08,2023-10-13,Standard,NJ,Northeast,Secret Factory,5,Secret Factory → NJ,737.75,319,418.75
2023-09-28,2023-10-01,Standard,CT,Northeast,Secret Factory,3,Secret Factory → CT,995.52,418,577.52
2023-09-25,2023-09-30,Standard,OH,Midwest,Secret Factory,5,Secret Factory → OH,996.02,409,587.02
2023-05-01,2023-05-03,Expedited,OR,West,Sugar Shack,2,Sugar Shack → OR,355.32,252,229.32
2023-08-03,2023-08-07,Expedited,VA,South,Lot's O' Nuts,4,Lot's O' Nuts → VA,1418.65,497,673.1500000000001
2023-01-05,2023-01-08,Standard,MI,Midwest,Sugar Shack,3,Sugar Shack → MI,577.45,387,383.95000000000005
2023-11-01,2023-11-05,Standard,MA,Northeast,Secret Factory,4,Secret Factory → MA,623.34,233,390.34000000000003
2023-10-28,2023-11-01,Standard,WI,Midwest,Lot's O' Nuts,4,Lot's O' Nuts → WI,717.81,254,336.80999999999995
2023-07-26,2023-07-30,Standard,PA,Northeast,Wicked Choccy's,4,Wicked Choccy's → PA,269.46,99,150.65999999999997
2023-03-17,2023-03-24,Expedited,CA,West,Secret Factory,7,Secret Factory → CA,923.87,343,580.87
2023-08-07,2023-08-11,Standard,NV,West,The Other Factory,4,The Other Factory → NV,90.6,39,55.49999999999999
2023-03-22,2023-03-28,Standard,TX,South,The Other Factory,6,The Other Factory → TX,678.17,305,403.66999999999996
2023-01-17,2023-01-18,Expedited,IL,Midwest,Sugar Shack,1,Sugar Shack → IL,176.94,116,118.94
2023-04-02,2023-04-03,Expedited,WA,West,Wicked Choccy's,1,Wicked Choccy's → WA,159.41,58,89.81
2023-05-17,2023-05-20,Standard,MA,Northeast,Wicked Choccy's,3,Wicked Choccy's → MA,100.91,41,51.709999999999994
2023-01-13,2023-01-14,Expedited,NJ,Northeast,Lot's O' Nuts,1,Lot's O' Nuts → NJ,1361.05,481,639.55
2023-02-11,2023-02-12,Expedited,IN,Midwest,Secret Factory,1,Secret Factory → IN,1123.44,464,659.44
2023-01-06,2023-01-10,Standard,VA,South,Lot's O' Nuts,4,Lot's O' Nuts → VA,707.44,221,375.94000000000005
2023-04-04,2023-04-12,Standard,NC,South,Sugar Shack,8,Sugar Shack → NC,138.23,91,92.72999999999999
2023-08-16,2023-08-20,Standard,WI,Midwest,Secret Factory,4,Secret Factory → WI,1265.71,500,765.71
2023-07-23,2023-08-01,Standard,TX,South,Sugar Shack,9,Sugar Shack → TX,101.38,65,68.88
2023-04-23,2023-04-27,Standard,OH,Midwest,The Other Factory,4,The Other Factory → OH,874.42,398,516.22
2023-10-04,2023-10-10,Standard,WI,Midwest,Lot's O' Nuts,6,Lot's O' Nuts → WI,357.79,123,173.29000000000002
2023-01-25,2023-02-04,Standard,NY,Northeast,Sugar Shack,10,Sugar Shack → NY,353.92,241,233.42000000000002
2023-06-19,2023-06-24,Standard,PA,Northeast,Wicked Choccy's,5,Wicked Choccy's → PA,525.81,192,295.40999999999997
2023-10-29,2023-11-01,Expedited,VA,South,Secret Factory,3,Secret Factory → VA,52.0,21,31.0
2023-01-01,2023-01-05,Expedited,MA,Northeast,The Other Factory,4,The Other Factory → MA,863.76,393,510.06
2023-07-06,2023-07-09,Standard,WA,West,Secret Factory,3,Secret Factory → WA,912.6,350,562.6
2023-02-22,2023-02-26,Standard,WI,Midwest,The Other Factory,4,The Other Factory → WI,815.76,405,451.26
2023-07-10,2023-07-15,Standard,WI,Midwest,Sugar Shack,5,Sugar Shack → WI,436.74,287,293.24
2023-01-18,2023-01-21,Expedited,OH,Midwest,The Other Factory,3,The Other Factory → OH,1032.33,500,582.3299999999999
2023-04-16,2023-04-19,Standard,WA,West,Wicked Choccy's,3,Wicked Choccy's → WA,69.81,30,33.81
2023-07-11,2023-07-19,Standard,TX,South,Sugar Shack,8,Sugar Shack → TX,224.53,155,147.03
2023-12-16,2023-12-21,Standard,IN,Midwest,Lot's O' Nuts,5,Lot's O' Nuts → IN,1157.06,365,609.56
2023-11-16,2023-11-19,Expedited,OH,Midwest,Wicked Choccy's,3,Wicked Choccy's → OH,1056.05,445,522.05
2023-03-25,2023-03-28,Standard,PA,Northeast,The Other Factory,3,The Other Factory → PA,416.69,187,248.39
2023-10-03,2023-10-06,Expedited,WA,West,Wicked Choccy's,3,Wicked Choccy's → WA,942.12,395,468.12
2023-03-24,2023-03-28,Expedited,NV,West,The Other Factory,4,The Other Factory → NV,404.49,170,251.49
2023-11-10,2023-11-14,Standard,IL,Midwest,The Other Factory,4,The Other Factory → IL,569.36,264,331.76
2023-02-08,2023-02-13,Standard,MA,Northeast,Secret Factory,5,Secret Factory → MA,207.73,91,116.72999999999999
2023-01-08,2023-01-11,Expedited,WI,Midwest,Secret Factory,3,Secret Factory → WI,776.2,338,438.20000000000005
2023-04-15,2023-04-16,Expedited,VA,South,Secret Factory,1,Secret Factory → VA,718.03,310,408.03
2023-07-22,2023-07-27,Standard,WA,West,Secret Factory,5,Secret Factory → WA,334.24,128,206.24
2023-03-07,2023-03-13,Standard,NC,South,Secret Factory,6,Secret Factory → NC,336.93,138,198.93
2023-03-14,2023-03-19,Standard,NY,Northeast,Lot's O' Nuts,5,Lot's O' Nuts → NY,36.51,12,18.509999999999998
2023-03-23,2023-03-26,Expedited,GA,South,The Other Factory,3,The Other Factory → GA,84.63,41,47.73
2023-12-28,2024-01-02,Standard,OR,West,Lot's O' Nuts,5,Lot's O' Nuts → OR,516.84,191,230.34000000000003
2023-02-18,2023-02-21,Standard,OH,Midwest,Sugar Shack,3,Sugar Shack → OH,231.68,163,150.18
2023-01-26,2023-01-30,Expedited,NJ,Northeast,The Other Factory,4,The Other Factory → NJ,685.93,336,383.53
2023-08-27,2023-09-01,Standard,MI,Midwest,The Other Factory,5,The Other Factory → MI,917.0,450,512.0
2023-02-17,2023-02-22,Standard,MI,Midwest,The Other Factory,5,The Other Factory → MI,879.51,368,548.31
2023-02-26,2023-03-04,Standard,IL,Midwest,The Other Factory,6,The Other Factory → IL,523.54,262,287.73999999999995
2023-09-10,2023-09-12,Expedited,OH,Midwest,Secret Factory,2,Secret Factory → OH,791.43,311,480.42999999999995
2023-10-13,2023-10-16,Standard,TX,South,Secret Factory,3,Secret Factory → TX,227.49,94,133.49
2023-10-05,2023-10-10,Standard,MA,Northeast,Sugar Shack,5,Sugar Shack → MA,502.85,335,335.35
2023-07-03,2023-07-08,Standard,WI,Midwest,The Other Factory,5,The Other Factory → WI,799.44,368,468.24000000000007
2023-09-02,2023-09-07,Standard,PA,Northeast,Wicked Choccy's,5,Wicked Choccy's → PA,530.61,213,275.01
2023-12-04,2023-12-08,Standard,MI,Midwest,The Other Factory,4,The Other Factory → MI,1047.79,451,641.89
2023-06-13,2023-06-17,Standard,AZ,West,Sugar Shack,4,Sugar Shack → AZ,137.7,98,88.69999999999999
2023-06-29,2023-07-05,Standard,AZ,West,Lot's O' Nuts,6,Lot's O' Nuts → AZ,302.8,96,158.8
2023-06-03,2023-06-08,Standard,WI,Midwest,Secret Factory,5,Secret Factory → WI,1076.46,460,616.46
2023-01-07,2023-01-12,Standard,OH,Midwest,Lot's O' Nuts,5,Lot's O' Nuts → OH,155.11,54,74.11000000000001
2023-10-21,2023-10-31,Standard,CA,West,Wicked Choccy's,10,Wicked Choccy's → CA,258.58,97,142.17999999999998
2023-08-16,2023-08-21,Standard,IN,Midwest,Lot's O' Nuts,5,Lot's O' Nuts → IN,1535.34,480,815.3399999999999
2023-06-25,2023-06-28,Standard,NC,South,Lot's O' Nuts,3,Lot's O' Nuts → NC,813.2,254,432.20000000000005
2023-11-28,2023-12-01,Standard,WA,West,Lot's O' Nuts,3,Lot's O' Nuts → WA,1221.43,387,640.9300000000001
2023-10-22,2023-10-24,Expedited,MI,Midwest,Wicked Choccy's,2,Wicked Choccy's → MI,181.75,78,88.15
2023-08-26,2023-08-29,Standard,AZ,West,Lot's O' Nuts,3,Lot's O' Nuts → AZ,995.74,365,448.24
2023-01-11,2023-01-14,Standard,IN,Midwest,The Other Factory,3,The Other Factory → IN,375.14,174,218.54
2023-07-24,2023-08-01,Standard,NY,Northeast,Lot's O' Nuts,8,Lot's O' Nuts → NY,602.45,210,287.45000000000005
2023-12-29,2024-01-03,Standard,TX,South,The Other Factory,5,The Other Factory → TX,275.15,126,161.74999999999997
2023-04-13,2023-04-21,Standard,NY,Northeast,Sugar Shack,8,Sugar Shack → NY,634.76,448,410.76
2023-02-26,2023-03-03,Standard,IN,Midwest,Wicked Choccy's,5,Wicked Choccy's → IN,401.37,154,216.57
2023-08-11,2023-08-15,Expedited,OH,Midwest,Sugar Shack,4,Sugar Shack → OH,269.37,188,175.37
2023-05-28,2023-06-03,Standard,IN,Midwest,Lot's O' Nuts,6,Lot's O' Nuts → IN,1123.19,347,602.69
2023-09-25,2023-09-26,Expedited,NJ,Northeast,Sugar Shack,1,Sugar Shack → NJ,363.32,226,250.32
2023-04-17,2023-04-24,Standard,FL,South,Sugar Shack,7,Sugar Shack → FL,680.14,460,450.14
2023-02-05,2023-02-11,Standard,GA,South,Secret Factory,6,Secret Factory → GA,54.98,20,34.98
2023-09-11,2023-09-15,Standard,OH,Midwest,The Other Factory,4,The Other Factory → OH,73.41,31,45.51
2023-05-27,2023-06-01,Standard,IN,Midwest,The Other Factory,5,The Other Factory → IN,113.59,49,69.49000000000001
2023-03-28,2023-04-02,Standard,GA,South,Wicked Choccy's,5,Wicked Choccy's → GA,979.19,417,478.7900000000001
2023-07-19,2023-07-22,Standard,NC,South,The Other Factory,3,The Other Factory → NC,200.97,94,116.37
2023-05-31,2023-06-04,Standard,FL,South,The Other Factory,4,The Other Factory → FL,498.66,224,297.06000000000006
2023-01-22,2023-01-28,Standard,PA,Northeast,Sugar Shack,6,Sugar Shack → PA,601.3,385,408.79999999999995
2023-02-02,2023-02-07,Standard,AZ,West,Lot's O' Nuts,5,Lot's O' Nuts → AZ,1066.36,330,571.3599999999999
2023-09-04,2023-09-09,Standard,IL,Midwest,Sugar Shack,5,Sugar Shack → IL,188.03,130,123.03
2023-10-30,2023-11-07,Standard,CA,West,The Other Factory,8,The Other Factory → CA,570.01,283,315.31
2023-12-11,2023-12-17,Standard,OR,West,Secret Factory,6,Secret Factory → OR,888.91,387,501.90999999999997
2023-04-24,2023-04-27,Standard,GA,South,Secret Factory,3,Secret Factory → GA,554.14,212,342.14
2023-02-12,2023-02-15,Expedited,MA,Northeast,The Other Factory,3,The Other Factory → MA,1011.91,468,590.71
2023-08-28,2023-08-31,Standard,PA,Northeast,Wicked Choccy's,3,Wicked Choccy's → PA,510.75,198,273.15
2023-12-22,2023-12-23,Expedited,VA,South,Lot's O' Nuts,1,Lot's O' Nuts → VA,1340.58,490,605.5799999999999
2023-08-20,2023-08-21,Expedited,WI,Midwest,Secret Factory,1,Secret Factory → WI,1020.96,407,613.96
2023-06-21,2023-06-26,Standard,CT,Northeast,Lot's O' Nuts,5,Lot's O' Nuts → CT,379.34,130,184.33999999999997
2023-08-08,2023-08-12,Standard,TX,South,Lot's O' Nuts,4,Lot's O' Nuts → TX,677.87,237,322.37
2023-08-06,2023-08-12,Standard,OH,Midwest,The Other Factory,6,The Other Factory → OH,739.03,340,433.03
2023-04-19,2023-04-20,Expedited,NJ,Northeast,Lot's O' Nuts,1,Lot's O' Nuts → NJ,945.34,290,510.34000000000003
2023-04-04,2023-04-08,Expedited,NJ,Northeast,Wicked Choccy's,4,Wicked Choccy's → NJ,1207.76,476,636.56
2023-05-24,2023-05-30,Standard,AZ,West,Lot's O' Nuts,6,Lot's O' Nuts → AZ,503.89,178,236.89
2023-06-18,2023-06-22,Standard,NV,West,The Other Factory,4,The Other Factory → NV,655.23,303,382.53000000000003
2023-06-05,2023-06-10,Standard,NJ,Northeast,Wicked Choccy's,5,Wicked Choccy's → NJ,1148.3,418,646.6999999999999
2023-06-15,2023-06-18,Standard,VA,South,Lot's O' Nuts,3,Lot's O' Nuts → VA,1085.24,365,537.74
2023-05-15,2023-05-25,Standard,NY,Northeast,The Other Factory,10,The Other Factory → NY,53.98,25,31.479999999999997
2023-04-16,2023-04-21,Standard,CA,West,Wicked Choccy's,5,Wicked Choccy's → CA,591.15,252,288.75
2023-10-25,2023-10-26,Expedited,WI,Midwest,The Other Factory,1,The Other Factory → WI,855.93,354,537.3299999999999
2023-10-02,2023-10-11,Standard,NY,Northeast,Wicked Choccy's,9,Wicked Choccy's → NY,1217.25,462,662.85
2023-04-30,2023-05-01,Expedited,NV,West,Secret Factory,1,Secret Factory → NV,696.59,283,413.59000000000003
2023-06-07,2023-06-12,Standard,FL,South,The Other Factory,5,The Other Factory → FL,179.4,90,98.4
2023-12-23,2023-12-27,Standard,IL,Midwest,The Other Factory,4,The Other Factory → IL,1061.9,500,611.9000000000001
2023-12-18,2023-12-28,Standard,CA,West,The Other Factory,10,The Other Factory → CA,55.6,23,34.900000000000006
2023-11-03,2023-11-09,Standard,AZ,West,Wicked Choccy's,6,Wicked Choccy's → AZ,240.86,107,112.46000000000001
2023-05-13,2023-05-18,Standard,MI,Midwest,The Other Factory,5,The Other Factory → MI,807.12,347,494.82
2023-01-28,2023-01-29,Expedited,NV,West,Wicked Choccy's,1,Wicked Choccy's → NV,551.83,222,285.43000000000006
2023-01-03,2023-01-06,Standard,MA,Northeast,Secret Factory,3,Secret Factory → MA,497.93,185,312.93
2023-09-28,2023-10-05,Standard,CA,West,The Other Factory,7,The Other Factory → CA,1108.72,471,684.82
2023-09-19,2023-09-25,Standard,TX,South,Lot's O' Nuts,6,Lot's O' Nuts → TX,1107.5,406,498.5
2023-09-01,2023-09-04,Standard,IN,Midwest,Lot's O' Nuts,3,Lot's O' Nuts → IN,768.24,238,411.24
2023-04-15,2023-04-18,Standard,AZ,West,Lot's O' Nuts,3,Lot's O' Nuts → AZ,676.54,242,313.53999999999996
2023-03-18,2023-03-20,Expedited,WI,Midwest,The Other Factory,2,The Other Factory → WI,810.46,343,501.76000000000005
2023-06-01,2023-06-09,Standard,TX,South,Sugar Shack,8,Sugar Shack → TX,127.92,85,85.42
2023-12-04,2023-12-10,Standard,VA,South,The Other Factory,6,The Other Factory → VA,699.72,333,400.02000000000004
2023-02-08,2023-02-09,Expedited,NV,West,Secret Factory,1,Secret Factory → NV,963.87,378,585.87
2023-07-17,2023-07-21,Standard,IN,Midwest,Lot's O' Nuts,4,Lot's O' Nuts → IN,51.59,17,26.090000000000003
2023-09-29,2023-10-05,Standard,WA,West,Wicked Choccy's,6,Wicked Choccy's → WA,100.14,39,53.34
2023-03-31,2023-04-04,Standard,MI,Midwest,Secret Factory,4,Secret Factory → MI,466.67,176,290.67
2023-07-15,2023-07-19,Expedited,GA,South,Wicked Choccy's,4,Wicked Choccy's → GA,1058.88,470,494.8800000000001
2023-04-02,2023-04-07,Standard,FL,South,Lot's O' Nuts,5,Lot's O' Nuts → FL,353.36,120,173.36
2023-01-10,2023-01-14,Expedited,WA,West,The Other Factory,4,The Other Factory → WA,409.52,196,233.11999999999998
2023-04-04,2023-04-07,Standard,VA,South,The Other Factory,3,The Other Factory → VA,308.03,137,184.72999999999996
2023-11-29,2023-12-02,Expedited,WA,West,Secret Factory,3,Secret Factory → WA,326.65,134,192.64999999999998
2023-03-10,2023-03-16,Standard,OR,West,Sugar Shack,6,Sugar Shack → OR,210.05,140,140.05
2023-02-10,2023-02-13,Expedited,MA,Northeast,The Other Factory,3,The Other Factory → MA,709.42,357,388.11999999999995
2023-05-05,2023-05-08,Standard,VA,South,Secret Factory,3,Secret Factory → VA,510.56,190,320.56
2023-10-19,2023-10-24,Standard,PA,Northeast,Secret Factory,5,Secret Factory → PA,1277.01,490,787.01
2023-07-30,2023-08-02,Standard,OH,Midwest,Wicked Choccy's,3,Wicked Choccy's → OH,502.58,205,256.58
2023-08-26,2023-08-30,Standard,MA,Northeast,The Other Factory,4,The Other Factory → MA,447.17,200,267.17
2023-10-18,2023-10-21,Expedited,OH,Midwest,Secret Factory,3,Secret Factory → OH,268.0,105,163.0
2023-07-18,2023-07-22,Standard,IN,Midwest,Wicked Choccy's,4,Wicked Choccy's → IN,36.63,15,18.630000000000003
2023-07-23,2023-07-27,Standard,CT,Northeast,Lot's O' Nuts,4,Lot's O' Nuts → CT,342.97,106,183.97000000000003
2023-07-13,2023-07-15,Expedited,WI,Midwest,The Other Factory,2,The Other Factory → WI,254.53,120,146.53
2023-10-11,2023-10-17,Standard,CT,Northeast,Secret Factory,6,Secret Factory → CT,613.31,240,373.30999999999995
2023-07-10,2023-07-15,Standard,OR,West,Secret Factory,5,Secret Factory → OR,649.5,278,371.5
2023-09-25,2023-09-29,Standard,IL,Midwest,Sugar Shack,4,Sugar Shack → IL,613.47,401,412.97
2023-03-21,2023-03-27,Standard,NY,Northeast,Wicked Choccy's,6,Wicked Choccy's → NY,368.52,162,174.11999999999998
2023-12-04,2023-12-05,Expedited,PA,Northeast,Secret Factory,1,Secret Factory → PA,1320.46,499,821.46
2023-11-30,2023-12-01,Expedited,OR,West,Wicked Choccy's,1,Wicked Choccy's → OR,290.43,121,145.23000000000002
2023-01-09,2023-01-15,Standard,MA,Northeast,Wicked Choccy's,6,Wicked Choccy's → MA,174.53,77,82.13
2023-11-10,2023-11-14,Expedited,MA,Northeast,The Other Factory,4,The Other Factory → MA,332.15,162,186.34999999999997
2023-12-08,2023-12-12,Standard,TX,South,Wicked Choccy's,4,Wicked Choccy's → TX,95.35,38,49.74999999999999
2023-04-30,2023-05-06,Standard,IL,Midwest,Sugar Shack,6,Sugar Shack → IL,337.08,228,223.07999999999998
2023-02-22,2023-02-26,Expedited,VA,South,The Other Factory,4,The Other Factory → VA,176.32,74,109.72
2023-10-19,2023-10-23,Standard,OR,West,The Other Factory,4,The Other Factory → OR,911.67,460,497.66999999999996
2023-08-31,2023-09-06,Standard,IL,Midwest,Sugar Shack,6,Sugar Shack → IL,302.25,219,192.75
2023-09-27,2023-10-02,Standard,NC,South,Secret Factory,5,Secret Factory → NC,1186.95,444,742.95
2023-06-08,2023-06-12,Standard,NC,South,Wicked Choccy's,4,Wicked Choccy's → NC,406.4,172,199.99999999999997
2023-02-07,2023-02-13,Standard,CT,Northeast,Wicked Choccy's,6,Wicked Choccy's → CT,133.13,59,62.33
2023-09-12,2023-09-15,Standard,PA,Northeast,Secret Factory,3,Secret Factory → PA,724.76,264,460.76
2023-06-29,2023-07-03,Standard,IN,Midwest,Lot's O' Nuts,4,Lot's O' Nuts → IN,92.0,33,42.5
2023-06-20,2023-06-26,Standard,AZ,West,The Other Factory,6,The Other Factory → AZ,225.89,109,127.78999999999999
2023-01-21,2023-01-24,Expedited,FL,South,Wicked Choccy's,3,Wicked Choccy's → FL,401.0,150,221.0
2023-05-27,2023-05-30,Standard,OR,West,The Other Factory,3,The Other Factory → OR,547.45,237,334.15000000000003
2023-10-01,2023-10-04,Standard,OH,Midwest,Secret Factory,3,Secret Factory → OH,1317.95,482,835.95
2023-01-03,2023-01-06,Standard,MA,Northeast,Secret Factory,3,Secret Factory → MA,1024.07,412,612.0699999999999
2023-01-18,2023-01-22,Standard,TX,South,The Other Factory,4,The Other Factory → TX,710.42,346,399.02
2023-10-03,2023-10-09,Standard,TX,South,The Other Factory,6,The Other Factory → TX,260.01,108,162.81
2023-01-19,2023-01-20,Expedited,AZ,West,The Other Factory,1,The Other Factory → AZ,396.62,186,229.22
2023-02-10,2023-02-16,Standard,NC,South,Lot's O' Nuts,6,Lot's O' Nuts → NC,1027.65,352,499.6500000000001
2023-11-05,2023-11-12,Standard,NY,Northeast,Lot's O' Nuts,7,Lot's O' Nuts → NY,100.49,35,47.989999999999995
2023-10-28,2023-11-02,Standard,OR,West,Wicked Choccy's,5,Wicked Choccy's → OR,176.39,70,92.38999999999999
2023-01-10,2023-01-13,Standard,OH,Midwest,Wicked Choccy's,3,Wicked Choccy's → OH,842.91,358,413.30999999999995
2023-07-15,2023-07-20,Standard,IL,Midwest,Secret Factory,5,Secret Factory → IL,1271.66,478,793.6600000000001
2023-10-11,2023-10-14,Standard,TX,South,Secret Factory,3,Secret Factory → TX,212.79,87,125.78999999999999
2023-03-22,2023-03-26,Expedited,TX,South,The Other Factory,4,The Other Factory → TX,351.81,154,213.21
2023-12-30,2024-01-02,Expedited,OH,Midwest,The Other Factory,3,The Other Factory → OH,820.05,379,478.94999999999993
2023-04-13,2023-04-16,Expedited,WI,Midwest,Lot's O' Nuts,3,Lot's O' Nuts → WI,462.24,144,246.24
2023-09-15,2023-09-21,Standard,NV,West,The Other Factory,6,The Other Factory → NV,69.52,31,41.62
2023-01-22,2023-01-25,Expedited,AZ,West,Lot's O' Nuts,3,Lot's O' Nuts → AZ,1283.54,453,604.04
2023-02-17,2023-02-20,Standard,IN,Midwest,Wicked Choccy's,3,Wicked Choccy's → IN,455.86,181,238.66000000000003
2023-10-11,2023-10-17,Standard,OR,West,Sugar Shack,6,Sugar Shack → OR,186.99,133,120.49000000000001
2023-03-03,2023-03-11,Standard,NY,Northeast,Lot's O' Nuts,8,Lot's O' Nuts → NY,230.42,85,102.91999999999999
2023-04-26,2023-05-04,Standard,NY,Northeast,The Other Factory,8,The Other Factory → NY,786.35,374,449.75
2023-09-03,2023-09-06,Standard,OH,Midwest,Lot's O' Nuts,3,Lot's O' Nuts → OH,463.61,158,226.61
2023-02-07,2023-02-13,Standard,FL,South,The Other Factory,6,The Other Factory → FL,1066.58,458,654.3799999999999
2023-07-18,2023-07-23,Standard,IN,Midwest,Secret Factory,5,Secret Factory → IN,970.28,369,601.28
2023-07-12,2023-07-14,Expedited,FL,South,Lot's O' Nuts,2,Lot's O' Nuts → FL,1151.73,393,562.23
2023-10-01,2023-10-07,Standard,WA,West,Sugar Shack,6,Sugar Shack → WA,18.39,13,11.89
2023-07-18,2023-07-25,Standard,NY,Northeast,The Other Factory,7,The Other Factory → NY,261.77,131,143.86999999999998
2023-07-22,2023-07-27,Standard,NY,Northeast,Wicked Choccy's,5,Wicked Choccy's → NY,875.23,341,466.03000000000003
2023-05-17,2023-05-19,Expedited,CA,West,Lot's O' Nuts,2,Lot's O' Nuts → CA,257.11,94,116.11000000000001
2023-05-02,2023-05-07,Standard,MI,Midwest,Lot's O' Nuts,5,Lot's O' Nuts → MI,511.46,183,236.95999999999998
2023-04-13,2023-04-18,Standard,VA,South,Secret Factory,5,Secret Factory → VA,342.88,128,214.88
2023-10-22,2023-10-29,Standard,NY,Northeast,Wicked Choccy's,7,Wicked Choccy's → NY,209.16,78,115.56
2023-08-26,2023-08-31,Standard,MA,Northeast,Sugar Shack,5,Sugar Shack → MA,608.6,425,396.1
2023-11-19,2023-11-24,Standard,IL,Midwest,The Other Factory,5,The Other Factory → IL,768.52,365,440.02
2023-06-18,2023-06-25,Standard,CA,West,Wicked Choccy's,7,Wicked Choccy's → CA,482.15,188,256.54999999999995
2023-09-29,2023-10-03,Expedited,GA,South,Wicked Choccy's,4,Wicked Choccy's → GA,505.27,217,244.87
2023-03-27,2023-04-02,Standard,FL,South,The Other Factory,6,The Other Factory → FL,76.27,36,43.87
2023-07-28,2023-08-01,Expedited,WA,West,Secret Factory,4,Secret Factory → WA,164.64,62,102.63999999999999
2023-03-13,2023-03-22,Standard,NY,Northeast,Sugar Shack,9,Sugar Shack → NY,697.03,452,471.03
2023-08-04,2023-08-07,Standard,WA,West,Secret Factory,3,Secret Factory → WA,492.89,197,295.89
2023-01-14,2023-01-17,Standard,FL,South,Lot's O' Nuts,3,Lot's O' Nuts → FL,666.99,235,314.49
2023-11-22,2023-11-25,Expedited,NJ,Northeast,Lot's O' Nuts,3,Lot's O' Nuts → NJ,617.52,226,278.52
2023-09-27,2023-10-02,Standard,OR,West,Secret Factory,5,Secret Factory → OR,375.15,164,211.14999999999998
2023-05-06,2023-05-11,Standard,GA,South,The Other Factory,5,The Other Factory → GA,87.11,38,52.91
2023-05-16,2023-05-21,Standard,IL,Midwest,Sugar Shack,5,Sugar Shack → IL,595.57,365,413.07000000000005
2023-08-28,2023-08-29,Expedited,OR,West,The Other Factory,1,The Other Factory → OR,724.4,303,451.7
2023-02-10,2023-02-13,Expedited,NJ,Northeast,The Other Factory,3,The Other Factory → NJ,1017.19,443,618.49
2023-10-25,2023-10-28,Standard,MA,Northeast,Wicked Choccy's,3,Wicked Choccy's → MA,693.69,293,342.09000000000003
2023-06-15,2023-06-21,Standard,MA,Northeast,The Other Factory,6,The Other Factory → MA,470.78,212,279.97999999999996
2023-01-04,2023-01-10,Expedited,NY,Northeast,Sugar Shack,6,Sugar Shack → NY,661.05,443,439.54999999999995
2023-02-15,2023-02-16,Expedited,FL,South,The Other Factory,1,The Other Factory → FL,614.38,298,346.18
2023-01-14,2023-01-18,Standard,NC,South,The Other Factory,4,The Other Factory → NC,251.89,107,155.58999999999997
2023-03-15,2023-03-17,Expedited,PA,Northeast,The Other Factory,2,The Other Factory → PA,260.77,117,155.46999999999997
2023-07-27,2023-08-04,Standard,TX,South,Sugar Shack,8,Sugar Shack → TX,208.42,132,142.42
2023-07-22,2023-07-24,Expedited,CT,Northeast,Secret Factory,2,Secret Factory → CT,331.24,142,189.24
2023-08-31,2023-09-03,Expedited,OH,Midwest,Wicked Choccy's,3,Wicked Choccy's → OH,795.88,343,384.28
2023-03-11,2023-03-16,Standard,IL,Midwest,Wicked Choccy's,5,Wicked Choccy's → IL,993.98,362,559.58
2023-02-03,2023-02-05,Expedited,OH,Midwest,Secret Factory,2,Secret Factory → OH,654.71,274,380.71000000000004
2023-03-12,2023-03-16,Standard,NC,South,Wicked Choccy's,4,Wicked Choccy's → NC,1187.64,465,629.6400000000001
2023-12-11,2023-12-14,Expedited,GA,South,Secret Factory,3,Secret Factory → GA,1051.5,441,610.5
2023-06-25,2023-07-02,Expedited,NY,Northeast,Wicked Choccy's,7,Wicked Choccy's → NY,590.47,233,310.87
2023-11-08,2023-11-12,Standard,WA,West,The Other Factory,4,The Other Factory → WA,145.49,73,79.79
2023-07-21,2023-07-25,Standard,OH,Midwest,Sugar Shack,4,Sugar Shack → OH,640.47,406,437.47
2023-11-17,2023-11-23,Standard,IN,Midwest,Wicked Choccy's,6,Wicked Choccy's → IN,284.58,121,139.38
2023-02-08,2023-02-13,Standard,NV,West,Secret Factory,5,Secret Factory → NV,953.31,383,570.31
2023-08-15,2023-08-19,Standard,WI,Midwest,Lot's O' Nuts,4,Lot's O' Nuts → WI,645.24,203,340.74
2023-06-21,2023-06-26,Standard,FL,South,The Other Factory,5,The Other Factory → FL,178.32,79,107.22
2023-02-13,2023-02-15,Expedited,MA,Northeast,Lot's O' Nuts,2,Lot's O' Nuts → MA,1405.89,469,702.3900000000001
2023-01-10,2023-01-16,Standard,MA,Northeast,Secret Factory,6,Secret Factory → MA,595.35,242,353.35
2023-07-10,2023-07-11,Expedited,NV,West,The Other Factory,1,The Other Factory → NV,880.94,441,484.0400000000001
2023-12-28,2024-01-02,Standard,WI,Midwest,Secret Factory,5,Secret Factory → WI,892.94,334,558.94
2023-07-26,2023-08-04,Standard,NY,Northeast,Sugar Shack,9,Sugar Shack → NY,261.37,171,175.87
2023-11-27,2023-12-01,Standard,IL,Midwest,The Other Factory,4,The Other Factory → IL,709.14,310,430.14
2023-10-20,2023-10-23,Expedited,VA,South,Secret Factory,3,Secret Factory → VA,855.4,316,539.4
2023-09-17,2023-09-20,Expedited,AZ,West,Secret Factory,3,Secret Factory → AZ,1025.29,426,599.29
2023-05-25,2023-05-29,Expedited,OH,Midwest,The Other Factory,4,The Other Factory → OH,334.12,161,189.22
2023-03-09,2023-03-12,Standard,NC,South,Wicked Choccy's,3,Wicked Choccy's → NC,234.84,90,126.84
2023-10-27,2023-11-04,Standard,CA,West,The Other Factory,8,The Other Factory → CA,263.42,126,150.02
2023-01-03,2023-01-07,Standard,IN,Midwest,Lot's O' Nuts,4,Lot's O' Nuts → IN,259.66,80,139.66000000000003
2023-10-30,2023-11-03,Standard,NC,South,The Other Factory,4,The Other Factory → NC,396.52,184,230.92
2023-08-25,2023-08-29,Expedited,NY,Northeast,The Other Factory,4,The Other Factory → NY,248.3,114,145.70000000000002
2023-11-26,2023-12-02,Standard,NY,Northeast,The Other Factory,6,The Other Factory → NY,459.63,208,272.43
2023-07-16,2023-07-21,Standard,MI,Midwest,Lot's O' Nuts,5,Lot's O' Nuts → MI,619.97,215,297.47
2023-10-22,2023-10-27,Standard,NC,South,The Other Factory,5,The Other Factory → NC,592.0,273,346.3
2023-08-16,2023-08-20,Expedited,VA,South,The Other Factory,4,The Other Factory → VA,255.83,108,158.63
2023-10-05,2023-10-09,Expedited,AZ,West,Wicked Choccy's,4,Wicked Choccy's → AZ,206.86,88,101.26000000000002
2023-03-03,2023-03-07,Expedited,AZ,West,Lot's O' Nuts,4,Lot's O' Nuts → AZ,152.39,52,74.38999999999999
2023-03-09,2023-03-14,Standard,NV,West,Lot's O' Nuts,5,Lot's O' Nuts → NV,1143.36,385,565.8599999999999
2023-09-17,2023-09-23,Standard,GA,South,Secret Factory,6,Secret Factory → GA,422.43,175,247.43
2023-07-03,2023-07-05,Expedited,TX,South,Secret Factory,2,Secret Factory → TX,347.92,140,207.92000000000002
2023-05-21,2023-05-30,Standard,CA,West,Lot's O' Nuts,9,Lot's O' Nuts → CA,875.51,276,461.51
2023-08-01,2023-08-06,Standard,MI,Midwest,The Other Factory,5,The Other Factory → MI,99.47,46,58.07
2023-06-30,2023-07-09,Standard,TX,South,Sugar Shack,9,Sugar Shack → TX,196.0,143,124.5
2023-09-20,2023-09-24,Standard,MA,Northeast,The Other Factory,4,The Other Factory → MA,250.06,113,148.36
2023-10-01,2023-10-04,Expedited,AZ,West,Secret Factory,3,Secret Factory → AZ,1068.54,430,638.54
2023-01-22,2023-01-28,Expedited,NY,Northeast,Lot's O' Nuts,6,Lot's O' Nuts → NY,106.56,33,57.06
2023-06-02,2023-06-08,Standard,OH,Midwest,Sugar Shack,6,Sugar Shack → OH,57.48,41,36.98
2023-12-22,2023-12-26,Standard,AZ,West,Sugar Shack,4,Sugar Shack → AZ,41.12,25,28.619999999999997
2023-05-23,2023-05-26,Standard,MI,Midwest,Lot's O' Nuts,3,Lot's O' Nuts → MI,973.93,308,511.92999999999995
2023-11-23,2023-11-29,Standard,CT,Northeast,Lot's O' Nuts,6,Lot's O' Nuts → CT,253.15,79,134.65
2023-06-22,2023-06-28,Standard,TX,South,Wicked Choccy's,6,Wicked Choccy's → TX,768.02,322,381.62
2023-01-07,2023-01-17,Standard,TX,South,Sugar Shack,10,Sugar Shack → TX,613.61,394,416.61
2023-06-03,2023-06-07,Standard,AZ,West,The Other Factory,4,The Other Factory → AZ,633.43,303,360.72999999999996
2023-01-10,2023-01-16,Standard,WA,West,Sugar Shack,6,Sugar Shack → WA,14.01,10,9.01
2023-11-12,2023-11-18,Standard,FL,South,Sugar Shack,6,Sugar Shack → FL,81.54,56,53.540000000000006
2023-09-29,2023-10-02,Standard,MI,Midwest,The Other Factory,3,The Other Factory → MI,513.97,249,289.87
2023-06-09,2023-06-15,Standard,WA,West,Wicked Choccy's,6,Wicked Choccy's → WA,867.97,350,447.97
2023-05-27,2023-06-01,Standard,NJ,Northeast,The Other Factory,5,The Other Factory → NJ,1196.3,499,747.1999999999999
2023-12-03,2023-12-06,Expedited,AZ,West,Sugar Shack,3,Sugar Shack → AZ,739.11,475,501.61
2023-03-23,2023-03-27,Standard,AZ,West,Wicked Choccy's,4,Wicked Choccy's → AZ,1120.85,439,594.05
2023-11-25,2023-11-28,Expedited,CT,Northeast,The Other Factory,3,The Other Factory → CT,142.79,64,85.19
2023-03-23,2023-03-27,Expedited,OH,Midwest,Wicked Choccy's,4,Wicked Choccy's → OH,65.46,25,35.459999999999994
2023-07-04,2023-07-06,Expedited,CT,Northeast,The Other Factory,2,The Other Factory → CT,530.37,245,309.87
2023-09-04,2023-09-08,Expedited,IL,Midwest,Sugar Shack,4,Sugar Shack → IL,168.47,108,114.47
2023-07-16,2023-07-19,Standard,WI,Midwest,Secret Factory,3,Secret Factory → WI,459.23,200,259.23
2023-09-29,2023-10-04,Standard,CT,Northeast,Lot's O' Nuts,5,Lot's O' Nuts → CT,1137.51,408,525.51
2023-07-15,2023-07-23,Standard,VA,South,Sugar Shack,8,Sugar Shack → VA,676.98,485,434.48
2023-03-10,2023-03-13,Standard,OH,Midwest,Secret Factory,3,Secret Factory → OH,614.96,240,374.96000000000004
2023-10-24,2023-10-27,Standard,OH,Midwest,Lot's O' Nuts,3,Lot's O' Nuts → OH,87.5,28,45.5
2023-08-08,2023-08-16,Standard,VA,South,Sugar Shack,8,Sugar Shack → VA,570.65,353,394.15
2023-05-24,2023-05-29,Standard,CT,Northeast,Secret Factory,5,Secret Factory → CT,117.92,46,71.92
2023-08-16,2023-08-19,Standard,MA,Northeast,Secret Factory,3,Secret Factory → MA,1153.69,429,724.69
2023-10-06,2023-10-10,Expedited,NV,West,The Other Factory,4,The Other Factory → NV,548.51,273,302.81
2023-10-26,2023-10-31,Standard,NC,South,Lot's O' Nuts,5,Lot's O' Nuts → NC,598.19,199,299.69000000000005
2023-11-08,2023-11-10,Expedited,IN,Midwest,Secret Factory,2,Secret Factory → IN,638.32,268,370.32000000000005
2023-09-20,2023-09-24,Standard,PA,Northeast,Secret Factory,4,Secret Factory → PA,46.67,18,28.67
2023-07-24,2023-07-27,Standard,OH,Midwest,Lot's O' Nuts,3,Lot's O' Nuts → OH,282.41,102,129.41000000000003
2023-11-20,2023-11-21,Expedited,OR,West,The Other Factory,1,The Other Factory → OR,212.58,89,132.48000000000002
2023-11-28,2023-12-03,Standard,NY,Northeast,The Other Factory,5,The Other Factory → NY,801.69,342,493.89000000000004
2023-01-04,2023-01-07,Standard,CT,Northeast,Secret Factory,3,Secret Factory → CT,84.23,34,50.230000000000004
2023-03-09,2023-03-13,Standard,PA,Northeast,Wicked Choccy's,4,Wicked Choccy's → PA,525.54,208,275.93999999999994
2023-04-29,2023-05-05,Standard,VA,South,Wicked Choccy's,6,Wicked Choccy's → VA,835.86,348,418.26
2023-08-21,2023-08-27,Standard,MI,Midwest,Lot's O' Nuts,6,Lot's O' Nuts → MI,526.78,177,261.28
2023-11-11,2023-11-17,Standard,OH,Midwest,Secret Factory,6,Secret Factory → OH,42.4,16,26.4
2023-08-15,2023-08-17,Expedited,WA,West,Wicked Choccy's,2,Wicked Choccy's → WA,147.1,61,73.89999999999999
2023-06-24,2023-06-27,Standard,NC,South,Lot's O' Nuts,3,Lot's O' Nuts → NC,535.8,193,246.29999999999995
2023-02-17,2023-02-21,Standard,CT,Northeast,The Other Factory,4,The Other Factory → CT,575.54,274,328.93999999999994
2023-05-24,2023-05-28,Standard,OR,West,Sugar Shack,4,Sugar Shack → OR,103.42,63,71.92
2023-06-09,2023-06-10,Expedited,NC,South,Lot's O' Nuts,1,Lot's O' Nuts → NC,1102.62,395,510.1199999999999
2023-04-27,2023-05-03,Standard,WA,West,Sugar Shack,6,Sugar Shack → WA,98.42,68,64.42
2023-07-21,2023-07-31,Standard,CA,West,The Other Factory,10,The Other Factory → CA,709.51,326,416.11
2023-01-28,2023-01-31,Expedited,MI,Midwest,Wicked Choccy's,3,Wicked Choccy's → MI,472.93,192,242.53
2023-05-30,2023-06-04,Standard,NJ,Northeast,Sugar Shack,5,Sugar Shack → NJ,35.74,22,24.740000000000002
2023-04-29,2023-04-30,Expedited,MA,Northeast,Secret Factory,1,Secret Factory → MA,544.92,231,313.91999999999996
2023-03-10,2023-03-16,Standard,NC,South,The Other Factory,6,The Other Factory → NC,610.96,269,368.86
2023-03-02,2023-03-06,Standard,MA,Northeast,Sugar Shack,4,Sugar Shack → MA,514.49,317,355.99
2023-12-09,2023-12-15,Standard,PA,Northeast,Wicked Choccy's,6,Wicked Choccy's → PA,780.56,296,425.35999999999996
2023-04-17,2023-04-20,Expedited,WI,Midwest,Lot's O' Nuts,3,Lot's O' Nuts → WI,864.61,296,420.61
2023-12-28,2024-01-02,Standard,OH,Midwest,Sugar Shack,5,Sugar Shack → OH,81.92,56,53.92
2023-07-10,2023-07-16,Standard,GA,South,Lot's O' Nuts,6,Lot's O' Nuts → GA,1226.18,418,599.1800000000001
2023-08-27,2023-08-31,Expedited,GA,South,Wicked Choccy's,4,Wicked Choccy's → GA,886.73,373,439.13
2023-04-01,2023-04-06,Standard,VA,South,Lot's O' Nuts,5,Lot's O' Nuts → VA,940.29,342,427.28999999999996
2023-11-18,2023-11-21,Standard,VA,South,Secret Factory,3,Secret Factory → VA,531.35,236,295.35
2023-01-07,2023-01-10,Standard,IL,Midwest,Wicked Choccy's,3,Wicked Choccy's → IL,549.5,217,289.1
2023-02-06,2023-02-09,Expedited,WA,West,Sugar Shack,3,Sugar Shack → WA,627.23,438,408.23
2023-09-03,2023-09-07,Standard,AZ,West,Secret Factory,4,Secret Factory → AZ,910.1,365,545.1
2023-08-19,2023-08-23,Standard,WA,West,Sugar Shack,4,Sugar Shack → WA,417.91,284,275.91
2023-12-07,2023-12-11,Expedited,IL,Midwest,Wicked Choccy's,4,Wicked Choccy's → IL,1144.97,446,609.77
2023-01-16,2023-01-20,Standard,PA,Northeast,The Other Factory,4,The Other Factory → PA,476.4,222,276.59999999999997
2023-08-24,2023-08-27,Standard,NJ,Northeast,Lot's O' Nuts,3,Lot's O' Nuts → NJ,27.84,10,12.84
2023-06-10,2023-06-13,Standard,MI,Midwest,Secret Factory,3,Secret Factory → MI,206.44,78,128.44
2023-03-07,2023-03-10,Standard,MI,Midwest,Wicked Choccy's,3,Wicked Choccy's → MI,126.89,47,70.49000000000001
2023-04-17,2023-04-23,Standard,CT,Northeast,Secret Factory,6,Secret Factory → CT,629.12,259,370.12
2023-01-09,2023-01-14,Standard,NJ,Northeast,Lot's O' Nuts,5,Lot's O' Nuts → NJ,265.0,86,136.0
2023-05-22,2023-05-26,Standard,OR,West,Secret Factory,4,Secret Factory → OR,279.97,118,161.97000000000003
2023-06-29,2023-07-02,Expedited,MA,Northeast,Lot's O' Nuts,3,Lot's O' Nuts → MA,749.13,232,401.13
2023-03-13,2023-03-21,Standard,CA,West,Secret Factory,8,Secret Factory → CA,911.76,394,517.76
2023-04-22,2023-04-25,Expedited,NC,South,Lot's O' Nuts,3,Lot's O' Nuts → NC,585.52,192,297.52
2023-03-22,2023-03-27,Standard,NJ,Northeast,Wicked Choccy's,5,Wicked Choccy's → NJ,975.94,425,465.94000000000005
2023-11-08,2023-11-11,Expedited,WA,West,Lot's O' Nuts,3,Lot's O' Nuts → WA,36.12,11,19.619999999999997
2023-06-21,2023-06-24,Expedited,WA,West,Sugar Shack,3,Sugar Shack → WA,587.55,409,383.04999999999995
2023-12-16,2023-12-20,Standard,NJ,Northeast,Sugar Shack,4,Sugar Shack → NJ,409.12,303,257.62
2023-08-29,2023-09-03,Standard,IL,Midwest,Wicked Choccy's,5,Wicked Choccy's → IL,368.29,151,187.09000000000003
2023-12-23,2023-12-27,Standard,NC,South,Lot's O' Nuts,4,Lot's O' Nuts → NC,250.65,86,121.65
2023-02-28,2023-03-05,Standard,CT,Northeast,Sugar Shack,5,Sugar Shack → CT,162.92,119,103.41999999999999
2023-12-19,2023-12-24,Standard,TX,South,Lot's O' Nuts,5,Lot's O' Nuts → TX,397.24,134,196.24
2023-11-30,2023-12-06,Standard,NY,Northeast,Secret Factory,6,Secret Factory → NY,607.64,267,340.64
2023-02-21,2023-02-25,Standard,PA,Northeast,The Other Factory,4,The Other Factory → PA,621.27,308,344.07
2023-02-17,2023-02-23,Standard,FL,South,Lot's O' Nuts,6,Lot's O' Nuts → FL,298.64,97,153.14
2023-01-08,2023-01-11,Standard,AZ,West,Secret Factory,3,Secret Factory → AZ,837.76,324,513.76
2023-11-20,2023-11-25,Standard,NC,South,The Other Factory,5,The Other Factory → NC,869.75,399,510.65
2023-01-28,2023-01-30,Expedited,WA,West,Secret Factory,2,Secret Factory → WA,366.15,135,231.14999999999998
2023-02-06,2023-02-10,Expedited,FL,South,Sugar Shack,4,Sugar Shack → FL,293.75,216,185.75
2023-04-05,2023-04-09,Expedited,WA,West,Wicked Choccy's,4,Wicked Choccy's → WA,1104.85,457,556.4499999999999
2023-11-28,2023-11-30,Expedited,OR,West,Sugar Shack,2,Sugar Shack → OR,137.9,96,89.9
2023-02-18,2023-02-24,Standard,FL,South,Lot's O' Nuts,6,Lot's O' Nuts → FL,694.11,255,311.61
2023-06-11,2023-06-13,Expedited,GA,South,Lot's O' Nuts,2,Lot's O' Nuts → GA,52.39,19,23.89
2023-07-25,2023-07-27,Expedited,OH,Midwest,Secret Factory,2,Secret Factory → OH,173.84,75,98.84
2023-03-11,2023-03-15,Expedited,CA,West,Sugar Shack,4,Sugar Shack → CA,161.14,104,109.13999999999999
2023-01-25,2023-01-28,Standard,PA,Northeast,Sugar Shack,3,Sugar Shack → PA,548.54,349,374.03999999999996
2023-01-24,2023-01-29,Standard,WA,West,Lot's O' Nuts,5,Lot's O' Nuts → WA,331.6,117,156.10000000000002
2023-02-21,2023-02-27,Standard,OH,Midwest,Wicked Choccy's,6,Wicked Choccy's → OH,1365.48,499,766.6800000000001
2023-04-20,2023-04-26,Standard,WI,Midwest,Wicked Choccy's,6,Wicked Choccy's → WI,853.82,357,425.4200000000001
2023-03-06,2023-03-11,Standard,FL,South,Wicked Choccy's,5,Wicked Choccy's → FL,1074.09,405,588.0899999999999
2023-11-09,2023-11-19,Standard,NY,Northeast,Secret Factory,10,Secret Factory → NY,257.45,108,149.45
2023-01-28,2023-02-03,Standard,FL,South,The Other Factory,6,The Other Factory → FL,762.06,335,460.55999999999995
2023-11-17,2023-11-22,Standard,VA,South,Wicked Choccy's,5,Wicked Choccy's → VA,256.09,100,136.08999999999997
2023-04-29,2023-05-07,Standard,NY,Northeast,Sugar Shack,8,Sugar Shack → NY,315.64,216,207.64
2023-06-20,2023-06-26,Standard,OR,West,The Other Factory,6,The Other Factory → OR,192.84,90,111.84
2023-05-07,2023-05-11,Expedited,AZ,West,The Other Factory,4,The Other Factory → AZ,330.29,163,183.59000000000003
2023-08-31,2023-09-05,Standard,OH,Midwest,Sugar Shack,5,Sugar Shack → OH,130.73,91,85.22999999999999
2023-08-15,2023-08-17,Expedited,NJ,Northeast,Sugar Shack,2,Sugar Shack → NJ,258.49,183,166.99
2023-10-25,2023-10-30,Standard,WI,Midwest,Secret Factory,5,Secret Factory → WI,930.97,392,538.97
2023-05-29,2023-05-31,Expedited,NJ,Northeast,Wicked Choccy's,2,Wicked Choccy's → NJ,372.86,162,178.46
2023-09-01,2023-09-05,Expedited,IN,Midwest,Lot's O' Nuts,4,Lot's O' Nuts → IN,1397.68,496,653.6800000000001
2023-11-17,2023-11-22,Standard,MI,Midwest,The Other Factory,5,The Other Factory → MI,488.7,220,290.7
2023-09-14,2023-09-17,Standard,WI,Midwest,Secret Factory,3,Secret Factory → WI,551.84,211,340.84000000000003
2023-03-17,2023-03-20,Standard,CT,Northeast,Sugar Shack,3,Sugar Shack → CT,306.11,222,195.11
2023-04-25,2023-05-03,Standard,CA,West,The Other Factory,8,The Other Factory → CA,109.61,55,60.11
2023-01-12,2023-01-15,Standard,IN,Midwest,Secret Factory,3,Secret Factory → IN,651.49,251,400.49
2023-01-03,2023-01-09,Standard,VA,South,Lot's O' Nuts,6,Lot's O' Nuts → VA,1516.17,500,766.1700000000001
2023-12-31,2024-01-02,Expedited,IN,Midwest,Lot's O' Nuts,2,Lot's O' Nuts → IN,194.54,70,89.53999999999999
2023-03-04,2023-03-09,Standard,PA,Northeast,Sugar Shack,5,Sugar Shack → PA,648.61,410,443.61
2023-07-23,2023-07-25,Expedited,GA,South,Wicked Choccy's,2,Wicked Choccy's → GA,555.61,208,306.01
2023-06-01,2023-06-03,Expedited,PA,Northeast,Sugar Shack,2,Sugar Shack → PA,436.92,316,278.92
2023-03-13,2023-03-18,Standard,TX,South,The Other Factory,5,The Other Factory → TX,630.46,268,389.26000000000005
2023-02-10,2023-02-14,Expedited,IN,Midwest,Lot's O' Nuts,4,Lot's O' Nuts → IN,1083.98,377,518.48
2023-08-24,2023-08-25,Expedited,NJ,Northeast,Lot's O' Nuts,1,Lot's O' Nuts → NJ,684.01,220,354.01
2023-10-09,2023-10-12,Standard,MI,Midwest,Wicked Choccy's,3,Wicked Choccy's → MI,59.86,26,28.66
2023-07-19,2023-07-20,Expedited,MI,Midwest,Lot's O' Nuts,1,Lot's O' Nuts → MI,199.98,68,97.97999999999999
2023-05-07,2023-05-10,Standard,VA,South,The Other Factory,3,The Other Factory → VA,226.68,109,128.58
2023-05-20,2023-05-24,Expedited,IN,Midwest,Sugar Shack,4,Sugar Shack → IN,651.65,436,433.65
2023-04-16,2023-04-21,Standard,OR,West,Sugar Shack,5,Sugar Shack → OR,86.27,55,58.769999999999996
2023-02-06,2023-02-09,Standard,CT,Northeast,Secret Factory,3,Secret Factory → CT,373.2,138,235.2
2023-02-16,2023-02-18,Expedited,NY,Northeast,Lot's O' Nuts,2,Lot's O' Nuts → NY,109.11,34,58.11
2023-12-02,2023-12-08,Standard,WA,West,Wicked Choccy's,6,Wicked Choccy's → WA,1096.49,446,561.29
2023-03-02,2023-03-05,Expedited,CA,West,Secret Factory,3,Secret Factory → CA,369.23,159,210.23000000000002
2023-04-13,2023-04-19,Standard,GA,South,Sugar Shack,6,Sugar Shack → GA,169.16,117,110.66
2023-02-08,2023-02-11,Standard,NV,West,Secret Factory,3,Secret Factory → NV,688.52,258,430.52
2023-10-30,2023-11-02,Standard,WI,Midwest,Lot's O' Nuts,3,Lot's O' Nuts → WI,555.16,175,292.65999999999997
2023-02-20,2023-02-25,Standard,NY,Northeast,Lot's O' Nuts,5,Lot's O' Nuts → NY,957.6,308,495.6
2023-01-09,2023-01-12,Standard,NC,South,Wicked Choccy's,3,Wicked Choccy's → NC,251.65,92,141.25
2023-09-24,2023-09-28,Standard,OR,West,The Other Factory,4,The Other Factory → OR,974.51,440,578.51
2023-11-20,2023-11-24,Expedited,FL,South,Sugar Shack,4,Sugar Shack → FL,347.85,233,231.35000000000002
2023-09-19,2023-09-25,Standard,NJ,Northeast,Sugar Shack,6,Sugar Shack → NJ,162.35,106,109.35
2023-05-03,2023-05-10,Expedited,CA,West,The Other Factory,7,The Other Factory → CA,779.89,324,488.28999999999996
2023-12-03,2023-12-05,Expedited,AZ,West,Secret Factory,2,Secret Factory → AZ,352.19,137,215.19
2023-03-02,2023-03-08,Standard,TX,South,Sugar Shack,6,Sugar Shack → TX,697.76,481,457.26
2023-06-19,2023-06-23,Standard,CT,Northeast,Lot's O' Nuts,4,Lot's O' Nuts → CT,569.89,208,257.89
2023-10-08,2023-10-16,Standard,GA,South,Sugar Shack,8,Sugar Shack → GA,614.08,397,415.58000000000004
2023-06-09,2023-06-14,Standard,WA,West,Lot's O' Nuts,5,Lot's O' Nuts → WA,811.29,259,422.78999999999996
2023-02-03,2023-02-08,Standard,VA,South,Secret Factory,5,Secret Factory → VA,557.51,228,329.51
2023-05-25,2023-05-28,Standard,IL,Midwest,The Other Factory,3,The Other Factory → IL,753.72,312,472.92
2023-12-25,2023-12-31,Standard,NJ,Northeast,Sugar Shack,6,Sugar Shack → NJ,169.32,116,111.32
2023-09-16,2023-09-19,Standard,OH,Midwest,Sugar Shack,3,Sugar Shack → OH,339.43,243,217.93
2023-07-26,2023-07-31,Standard,NC,South,Wicked Choccy's,5,Wicked Choccy's → NC,550.83,205,304.83000000000004
2023-09-01,2023-09-07,Standard,CA,West,Lot's O' Nuts,6,Lot's O' Nuts → CA,1243.9,439,585.4000000000001
2023-07-13,2023-07-19,Standard,PA,Northeast,The Other Factory,6,The Other Factory → PA,952.9,408,585.7
2023-01-03,2023-01-06,Standard,NJ,Northeast,Lot's O' Nuts,3,Lot's O' Nuts → NJ,1013.56,354,482.55999999999995
2023-02-21,2023-02-27,Standard,WI,Midwest,Secret Factory,6,Secret Factory → WI,508.87,218,290.87
2023-09-14,2023-09-16,Expedited,OR,West,Lot's O' Nuts,2,Lot's O' Nuts → OR,229.85,81,108.35
2023-10-10,2023-10-15,Standard,OH,Midwest,Wicked Choccy's,5,Wicked Choccy's → OH,40.29,16,21.09
2023-08-30,2023-09-04,Standard,WI,Midwest,Sugar Shack,5,Sugar Shack → WI,35.11,26,22.11
2023-02-17,2023-02-20,Standard,NC,South,Lot's O' Nuts,3,Lot's O' Nuts → NC,368.4,126,179.39999999999998
2023-02-22,2023-02-27,Standard,MI,Midwest,Lot's O' Nuts,5,Lot's O' Nuts → MI,315.14,109,151.64
2023-08-15,2023-08-18,Standard,WI,Midwest,Wicked Choccy's,3,Wicked Choccy's → WI,1126.62,415,628.6199999999999
2023-05-29,2023-06-01,Standard,NC,South,Lot's O' Nuts,3,Lot's O' Nuts → NC,997.14,316,523.14
2023-09-26,2023-09-27,Expedited,WA,West,Wicked Choccy's,1,Wicked Choccy's → WA,1017.45,445,483.45000000000005
2023-06-03,2023-06-06,Standard,GA,South,Lot's O' Nuts,3,Lot's O' Nuts → GA,936.62,323,452.12
2023-03-06,2023-03-12,Standard,OR,West,The Other Factory,6,The Other Factory → OR,913.34,419,536.24
2023-11-18,2023-11-22,Standard,WA,West,Wicked Choccy's,4,Wicked Choccy's → WA,51.3,21,26.099999999999998
2023-06-26,2023-06-29,Standard,WA,West,Secret Factory,3,Secret Factory → WA,815.36,351,464.36
2023-04-24,2023-04-26,Expedited,MA,Northeast,The Other Factory,2,The Other Factory → MA,987.72,430,600.72
2023-11-02,2023-11-05,Expedited,OR,West,The Other Factory,3,The Other Factory → OR,1065.79,500,615.79
2023-09-10,2023-09-18,Standard,TX,South,Sugar Shack,8,Sugar Shack → TX,492.01,304,340.01
2023-01-01,2023-01-06,Standard,CT,Northeast,Secret Factory,5,Secret Factory → CT,520.51,193,327.51
2023-09-24,2023-10-01,Standard,NY,Northeast,The Other Factory,7,The Other Factory → NY,387.53,179,226.42999999999998
2023-05-04,2023-05-07,Standard,MA,Northeast,Wicked Choccy's,3,Wicked Choccy's → MA,127.38,52,64.97999999999999
2023-03-15,2023-03-20,Expedited,NY,Northeast,Secret Factory,5,Secret Factory → NY,414.65,163,251.64999999999998
2023-10-10,2023-10-13,Standard,MI,Midwest,Lot's O' Nuts,3,Lot's O' Nuts → MI,780.15,272,372.15
2023-09-03,2023-09-06,Expedited,WI,Midwest,Secret Factory,3,Secret Factory → WI,352.9,147,205.89999999999998
2023-09-13,2023-09-17,Standard,TX,South,Wicked Choccy's,4,Wicked Choccy's → TX,348.72,133,189.12000000000003
2023-05-09,2023-05-12,Standard,MI,Midwest,Wicked Choccy's,3,Wicked Choccy's → MI,343.5,150,163.5
2023-12-30,2024-01-02,Expedited,TX,South,Wicked Choccy's,3,Wicked Choccy's → TX,370.08,136,206.88
2023-07-23,2023-07-28,Standard,OR,West,The Other Factory,5,The Other Factory → OR,513.37,244,293.77
2023-10-27,2023-10-31,Expedited,PA,Northeast,Lot's O' Nuts,4,Lot's O' Nuts → PA,47.55,17,22.049999999999997
2023-03-26,2023-04-01,Standard,NY,Northeast,Sugar Shack,6,Sugar Shack → NY,482.09,346,309.09
2023-06-23,2023-06-27,Standard,GA,South,The Other Factory,4,The Other Factory → GA,895.25,444,495.65
2023-11-24,2023-11-27,Standard,WI,Midwest,The Other Factory,3,The Other Factory → WI,304.3,153,166.60000000000002
2023-03-13,2023-03-16,Standard,NJ,Northeast,The Other Factory,3,The Other Factory → NJ,483.68,236,271.28
2023-09-06,2023-09-10,Standard,WI,Midwest,Sugar Shack,4,Sugar Shack → WI,33.13,23,21.630000000000003
2023-07-28,2023-08-01,Standard,IL,Midwest,Secret Factory,4,Secret Factory → IL,729.47,312,417.47
2023-07-27,2023-07-28,Expedited,IN,Midwest,Secret Factory,1,Secret Factory → IN,500.46,212,288.46
2023-03-06,2023-03-10,Standard,WA,West,Sugar Shack,4,Sugar Shack → WA,433.09,310,278.09
2023-01-24,2023-02-01,Standard,TX,South,Sugar Shack,8,Sugar Shack → TX,89.98,58,60.980000000000004
2023-01-25,2023-01-29,Standard,OH,Midwest,Lot's O' Nuts,4,Lot's O' Nuts → OH,796.25,260,406.25
2023-02-13,2023-02-18,Standard,CA,West,The Other Factory,5,The Other Factory → CA,831.78,372,496.97999999999996
2023-06-24,2023-06-29,Standard,NV,West,Secret Factory,5,Secret Factory → NV,526.77,202,324.77
2023-12-13,2023-12-21,Standard,NY,Northeast,Sugar Shack,8,Sugar Shack → NY,457.35,317,298.85
2023-08-19,2023-08-24,Standard,OH,Midwest,The Other Factory,5,The Other Factory → OH,891.46,382,547.6600000000001
2023-04-22,2023-04-26,Expedited,IL,Midwest,Wicked Choccy's,4,Wicked Choccy's → IL,671.59,248,373.99
2023-10-01,2023-10-07,Standard,GA,South,Lot's O' Nuts,6,Lot's O' Nuts → GA,1106.01,385,528.51
2023-05-06,2023-05-13,Standard,CA,West,Secret Factory,7,Secret Factory → CA,910.34,356,554.34
2023-02-23,2023-03-01,Standard,NJ,Northeast,Lot's O' Nuts,6,Lot's O' Nuts → NJ,1105.85,374,544.8499999999999
2023-01-30,2023-02-05,Standard,IN,Midwest,Sugar Shack,6,Sugar Shack → IN,61.05,44,39.05
2023-10-22,2023-10-25,Standard,OR,West,Wicked Choccy's,3,Wicked Choccy's → OR,562.68,218,301.0799999999999
2023-11-16,2023-11-19,Standard,OH,Midwest,Lot's O' Nuts,3,Lot's O' Nuts → OH,627.29,210,312.28999999999996
2023-10-08,2023-10-14,Standard,NV,West,Secret Factory,6,Secret Factory → NV,820.44,333,487.44000000000005
2023-06-21,2023-06-27,Standard,OH,Midwest,Wicked Choccy's,6,Wicked Choccy's → OH,183.93,73,96.33000000000001
2023-10-27,2023-11-01,Standard,WA,West,Wicked Choccy's,5,Wicked Choccy's → WA,854.65,341,445.45
2023-08-01,2023-08-08,Standard,NY,Northeast,Wicked Choccy's,7,Wicked Choccy's → NY,244.16,108,114.56
2023-01-15,2023-01-17,Expedited,MA,Northeast,Wicked Choccy's,2,Wicked Choccy's → MA,790.48,301,429.28000000000003
2023-10-17,2023-10-22,Standard,IL,Midwest,Wicked Choccy's,5,Wicked Choccy's → IL,564.39,233,284.78999999999996
2023-12-04,2023-12-08,Standard,NJ,Northeast,The Other Factory,4,The Other Factory → NJ,589.61,255,360.11
2023-10-02,2023-10-06,Standard,NV,West,Sugar Shack,4,Sugar Shack → NV,653.06,420,443.05999999999995
2023-07-31,2023-08-02,Expedited,OR,West,Sugar Shack,2,Sugar Shack → OR,42.73,31,27.229999999999997
2023-05-21,2023-05-27,Standard,MA,Northeast,Lot's O' Nuts,6,Lot's O' Nuts → MA,606.77,211,290.27
2023-08-09,2023-08-13,Standard,MI,Midwest,Secret Factory,4,Secret Factory → MI,606.46,259,347.46000000000004
2023-05-24,2023-05-31,Expedited,FL,South,Sugar Shack,7,Sugar Shack → FL,793.76,496,545.76
2023-12-11,2023-12-17,Standard,NC,South,Secret Factory,6,Secret Factory → NC,359.57,143,216.57
2023-09-19,2023-09-24,Standard,PA,Northeast,Sugar Shack,5,Sugar Shack → PA,543.23,372,357.23
2023-03-03,2023-03-08,Standard,NC,South,Lot's O' Nuts,5,Lot's O' Nuts → NC,39.3,12,21.299999999999997
2023-10-24,2023-10-29,Standard,MA,Northeast,Wicked Choccy's,5,Wicked Choccy's → MA,1034.91,449,496.1100000000001
2023-12-11,2023-12-15,Expedited,PA,Northeast,Lot's O' Nuts,4,Lot's O' Nuts → PA,1120.25,374,559.25
2023-11-02,2023-11-06,Standard,TX,South,Wicked Choccy's,4,Wicked Choccy's → TX,365.53,141,196.32999999999998
2023-05-18,2023-05-23,Standard,WA,West,Wicked Choccy's,5,Wicked Choccy's → WA,625.45,233,345.85
2023-12-03,2023-12-07,Standard,WA,West,Sugar Shack,4,Sugar Shack → WA,257.25,159,177.75
2023-08-25,2023-08-29,Expedited,OR,West,The Other Factory,4,The Other Factory → OR,847.24,380,505.24
2023-03-12,2023-03-15,Standard,AZ,West,Sugar Shack,3,Sugar Shack → AZ,331.17,244,209.17000000000002
2023-04-28,2023-05-02,Standard,IL,Midwest,The Other Factory,4,The Other Factory → IL,847.29,406,481.89
2023-08-16,2023-08-21,Standard,AZ,West,Wicked Choccy's,5,Wicked Choccy's → AZ,392.51,172,186.10999999999999
2023-07-22,2023-07-26,Standard,NJ,Northeast,Secret Factory,4,Secret Factory → NJ,559.19,218,341.19000000000005
2023-12-10,2023-12-13,Standard,PA,Northeast,Wicked Choccy's,3,Wicked Choccy's → PA,215.33,80,119.33000000000001
2023-03-19,2023-03-24,Standard,AZ,West,Lot's O' Nuts,5,Lot's O' Nuts → AZ,217.01,74,106.00999999999999
2023-05-10,2023-05-12,Expedited,OH,Midwest,The Other Factory,2,The Other Factory → OH,531.92,226,328.52
2023-12-12,2023-12-18,Expedited,NY,Northeast,The Other Factory,6,The Other Factory → NY,609.09,265,370.59000000000003
2023-11-23,2023-11-28,Standard,IN,Midwest,Lot's O' Nuts,5,Lot's O' Nuts → IN,1046.83,337,541.3299999999999
2023-11-07,2023-11-12,Standard,CT,Northeast,Sugar Shack,5,Sugar Shack → CT,706.9,479,467.4
2023-10-18,2023-10-23,Standard,WA,West,Lot's O' Nuts,5,Lot's O' Nuts → WA,1288.12,400,688.1199999999999
2023-10-16,2023-10-17,Expedited,TX,South,Wicked Choccy's,1,Wicked Choccy's → TX,112.9,49,54.10000000000001
2023-06-19,2023-06-23,Standard,NY,Northeast,Sugar Shack,4,Sugar Shack → NY,196.26,120,136.26
2023-09-18,2023-09-21,Standard,OR,West,The Other Factory,3,The Other Factory → OR,86.26,41,49.36000000000001
2023-05-20,2023-05-25,Standard,OR,West,Wicked Choccy's,5,Wicked Choccy's → OR,124.49,48,66.88999999999999
2023-06-19,2023-06-23,Standard,OR,West,Wicked Choccy's,4,Wicked Choccy's → OR,610.91,254,306.10999999999996
2023-06-13,2023-06-16,Standard,WA,West,Sugar Shack,3,Sugar Shack → WA,100.85,62,69.85
2023-09-22,2023-09-28,Standard,MA,Northeast,Sugar Shack,6,Sugar Shack → MA,701.66,440,481.65999999999997
2023-10-09,2023-10-12,Expedited,CA,West,Sugar Shack,3,Sugar Shack → CA,690.79,464,458.78999999999996
2023-12-03,2023-12-07,Standard,CT,Northeast,Lot's O' Nuts,4,Lot's O' Nuts → CT,802.11,257,416.61
2023-08-12,2023-08-18,Standard,OR,West,Lot's O' Nuts,6,Lot's O' Nuts → OR,746.51,227,406.01
2023-09-22,2023-10-02,Standard,CA,West,Secret Factory,10,Secret Factory → CA,568.18,234,334.17999999999995
2023-12-31,2024-01-03,Standard,OH,Midwest,The Other Factory,3,The Other Factory → OH,597.76,253,370.06
2023-06-14,2023-06-18,Standard,VA,South,Lot's O' Nuts,4,Lot's O' Nuts → VA,407.95,140,197.95
2023-10-04,2023-10-08,Standard,NC,South,Lot's O' Nuts,4,Lot's O' Nuts → NC,844.39,289,410.89
2023-07-06,2023-07-10,Standard,WI,Midwest,Wicked Choccy's,4,Wicked Choccy's → WI,358.76,154,173.95999999999998
2023-07-24,2023-07-28,Expedited,NV,West,Wicked Choccy's,4,Wicked Choccy's → NV,457.89,181,240.69
2023-02-04,2023-02-13,Standard,NC,South,Sugar Shack,9,Sugar Shack → NC,19.13,12,13.129999999999999
2023-04-14,2023-04-18,Standard,WI,Midwest,Lot's O' Nuts,4,Lot's O' Nuts → WI,1505.05,471,798.55
2023-04-02,2023-04-06,Standard,NJ,Northeast,Secret Factory,4,Secret Factory → NJ,337.17,140,197.17000000000002
2023-11-23,2023-11-28,Standard,WA,West,Sugar Shack,5,Sugar Shack → WA,709.89,493,463.39
2023-02-24,2023-02-28,Standard,AZ,West,Wicked Choccy's,4,Wicked Choccy's → AZ,1329.45,491,740.25
2023-10-02,2023-10-03,Expedited,PA,Northeast,The Other Factory,1,The Other Factory → PA,734.98,337,431.68
2023-04-25,2023-04-29,Expedited,IN,Midwest,The Other Factory,4,The Other Factory → IN,579.49,243,360.79
2023-03-01,2023-03-07,Standard,FL,South,Lot's O' Nuts,6,Lot's O' Nuts → FL,1032.82,344,516.8199999999999
2023-07-19,2023-07-25,Standard,AZ,West,Wicked Choccy's,6,Wicked Choccy's → AZ,1086.16,474,517.3600000000001
2023-02-07,2023-02-12,Standard,MI,Midwest,Lot's O' Nuts,5,Lot's O' Nuts → MI,1020.33,355,487.83000000000004
2023-04-21,2023-04-25,Expedited,NC,South,Lot's O' Nuts,4,Lot's O' Nuts → NC,689.09,250,314.09000000000003
2023-11-13,2023-11-19,Standard,AZ,West,Secret Factory,6,Secret Factory → AZ,158.48,65,93.47999999999999
2023-12-30,2024-01-03,Expedited,MA,Northeast,The Other Factory,4,The Other Factory → MA,880.85,404,517.25
2023-06-01,2023-06-03,Expedited,CT,Northeast,Lot's O' Nuts,2,Lot's O' Nuts → CT,497.28,157,261.78
2023-01-09,2023-01-14,Standard,FL,South,Lot's O' Nuts,5,Lot's O' Nuts → FL,1372.04,493,632.54
2023-12-12,2023-12-14,Expedited,FL,South,Secret Factory,2,Secret Factory → FL,1298.64,500,798.6400000000001
2023-03-07,2023-03-10,Standard,OR,West,Lot's O' Nuts,3,Lot's O' Nuts → OR,661.91,244,295.90999999999997
2023-12-21,2023-12-24,Standard,PA,Northeast,Sugar Shack,3,Sugar Shack → PA,271.11,181,180.61
2023-11-24,2023-11-28,Expedited,CA,West,The Other Factory,4,The Other Factory → CA,894.97,391,543.07
2023-01-23,2023-01-26,Standard,PA,Northeast,Lot's O' Nuts,3,Lot's O' Nuts → PA,728.86,268,326.86
2023-07-25,2023-07-28,Expedited,MI,Midwest,Sugar Shack,3,Sugar Shack → MI,469.8,316,311.8
2023-10-12,2023-10-16,Standard,MI,Midwest,Wicked Choccy's,4,Wicked Choccy's → MI,481.73,193,250.13000000000002
2023-02-15,2023-02-21,Standard,IL,Midwest,The Other Factory,6,The Other Factory → IL,559.95,251,334.05000000000007
2023-05-10,2023-05-14,Expedited,WI,Midwest,Secret Factory,4,Secret Factory → WI,1066.75,446,620.75
2023-05-03,2023-05-09,Standard,WA,West,Wicked Choccy's,6,Wicked Choccy's → WA,844.25,364,407.45
2023-12-03,2023-12-07,Standard,MA,Northeast,Secret Factory,4,Secret Factory → MA,411.0,168,243.0
2023-06-20,2023-06-25,Standard,IN,Midwest,Sugar Shack,5,Sugar Shack → IN,14.98,11,9.48
2023-01-18,2023-01-21,Standard,AZ,West,Wicked Choccy's,3,Wicked Choccy's → AZ,129.71,54,64.91000000000001
2023-07-13,2023-07-18,Standard,TX,South,Lot's O' Nuts,5,Lot's O' Nuts → TX,432.24,153,202.74
2023-03-15,2023-03-17,Expedited,NV,West,Secret Factory,2,Secret Factory → NV,872.67,383,489.66999999999996
2023-11-27,2023-11-29,Expedited,MI,Midwest,Wicked Choccy's,2,Wicked Choccy's → MI,522.57,205,276.57000000000005
2023-04-13,2023-04-17,Standard,CA,West,Lot's O' Nuts,4,Lot's O' Nuts → CA,890.69,279,472.19000000000005
2023-10-29,2023-11-01,Standard,AZ,West,Wicked Choccy's,3,Wicked Choccy's → AZ,860.18,382,401.78
2023-06-08,2023-06-12,Standard,WA,West,The Other Factory,4,The Other Factory → WA,414.05,181,251.15
2023-05-23,2023-05-25,Expedited,VA,South,Lot's O' Nuts,2,Lot's O' Nuts → VA,1023.11,329,529.61
2023-11-15,2023-11-19,Expedited,OR,West,Wicked Choccy's,4,Wicked Choccy's → OR,549.1,223,281.5
2023-05-05,2023-05-08,Standard,PA,Northeast,Secret Factory,3,Secret Factory → PA,719.29,272,447.28999999999996
2023-02-12,2023-02-17,Standard,IN,Midwest,Wicked Choccy's,5,Wicked Choccy's → IN,1222.96,446,687.76
2023-10-20,2023-10-21,Expedited,MA,Northeast,Sugar Shack,1,Sugar Shack → MA,663.14,456,435.14
2023-04-23,2023-04-27,Expedited,CA,West,Lot's O' Nuts,4,Lot's O' Nuts → CA,45.04,14,24.04
2023-08-10,2023-08-15,Standard,WI,Midwest,Secret Factory,5,Secret Factory → WI,186.08,81,105.08000000000001
2023-10-27,2023-10-31,Standard,FL,South,Lot's O' Nuts,4,Lot's O' Nuts → FL,831.4,252,453.4
2023-07-02,2023-07-06,Expedited,NV,West,Lot's O' Nuts,4,Lot's O' Nuts → NV,794.08,255,411.58000000000004
2023-02-20,2023-02-24,Standard,NJ,Northeast,The Other Factory,4,The Other Factory → NJ,765.88,346,454.48
2023-04-21,2023-04-26,Standard,IN,Midwest,Secret Factory,5,Secret Factory → IN,50.47,22,28.47
2023-12-02,2023-12-04,Expedited,IN,Midwest,Secret Factory,2,Secret Factory → IN,729.12,313,416.12
2023-08-06,2023-08-09,Standard,NJ,Northeast,Secret Factory,3,Secret Factory → NJ,782.49,301,481.49
2023-04-10,2023-04-15,Expedited,NY,Northeast,Secret Factory,5,Secret Factory → NY,265.14,105,160.14
2023-11-25,2023-11-29,Standard,NV,West,The Other Factory,4,The Other Factory → NV,896.72,423,516.02
2023-10-02,2023-10-08,Standard,MI,Midwest,Lot's O' Nuts,6,Lot's O' Nuts → MI,759.62,255,377.12
2023-08-11,2023-08-15,Standard,NJ,Northeast,Sugar Shack,4,Sugar Shack → NJ,723.66,477,485.15999999999997
2023-09-30,2023-10-03,Expedited,TX,South,Lot's O' Nuts,3,Lot's O' Nuts → TX,230.97,73,121.47
2023-02-25,2023-03-01,Standard,NC,South,Secret Factory,4,Secret Factory → NC,690.07,302,388.07000000000005
2023-03-13,2023-03-16,Standard,NC,South,The Other Factory,3,The Other Factory → NC,626.69,283,371.99000000000007
2023-02-11,2023-02-14,Standard,VA,South,Lot's O' Nuts,3,Lot's O' Nuts → VA,1409.45,456,725.45
2023-01-23,2023-01-27,Standard,MI,Midwest,Lot's O' Nuts,4,Lot's O' Nuts → MI,905.44,277,489.94000000000005
2023-10-15,2023-10-17,Expedited,NC,South,Secret Factory,2,Secret Factory → NC,763.32,338,425.32000000000005
2023-03-14,2023-03-18,Standard,IL,Midwest,The Other Factory,4,The Other Factory → IL,415.62,184,250.02
2023-02-02,2023-02-07,Standard,NY,Northeast,The Other Factory,5,The Other Factory → NY,488.28,215,294.78
2023-11-04,2023-11-08,Standard,OH,Midwest,Sugar Shack,4,Sugar Shack → OH,333.85,218,224.85000000000002
2023-03-02,2023-03-05,Standard,NV,West,The Other Factory,3,The Other Factory → NV,37.19,16,22.79
2023-09-13,2023-09-15,Expedited,WA,West,Wicked Choccy's,2,Wicked Choccy's → WA,1155.28,473,587.68
2023-12-30,2024-01-03,Expedited,MI,Midwest,Secret Factory,4,Secret Factory → MI,464.44,196,268.44
2023-11-22,2023-11-25,Standard,OR,West,Sugar Shack,3,Sugar Shack → OR,652.52,423,441.02
2023-05-22,2023-05-28,Standard,CT,Northeast,Sugar Shack,6,Sugar Shack → CT,565.16,357,386.65999999999997
2023-09-11,2023-09-17,Standard,NV,West,Sugar Shack,6,Sugar Shack → NV,583.36,413,376.86
2023-11-27,2023-12-04,Standard,GA,South,Sugar Shack,7,Sugar Shack → GA,224.03,153,147.53
2023-08-08,2023-08-10,Expedited,MA,Northeast,The Other Factory,2,The Other Factory → MA,810.43,351,494.53
2023-05-18,2023-05-22,Standard,MI,Midwest,The Other Factory,4,The Other Factory → MI,832.94,348,519.74
2023-06-30,2023-07-04,Expedited,PA,Northeast,The Other Factory,4,The Other Factory → PA,260.52,120,152.51999999999998
2023-07-20,2023-07-31,Standard,FL,South,Sugar Shack,11,Sugar Shack → FL,295.44,196,197.44
2023-01-03,2023-01-09,Standard,FL,South,The Other Factory,6,The Other Factory → FL,942.87,404,579.27
2023-10-15,2023-10-21,Standard,GA,South,Wicked Choccy's,6,Wicked Choccy's → GA,817.51,315,439.51
2023-10-02,2023-10-05,Expedited,TX,South,Lot's O' Nuts,3,Lot's O' Nuts → TX,550.11,173,290.61
2023-07-04,2023-07-10,Standard,WI,Midwest,Lot's O' Nuts,6,Lot's O' Nuts → WI,295.13,94,154.13
2023-01-05,2023-01-09,Standard,PA,Northeast,Lot's O' Nuts,4,Lot's O' Nuts → PA,818.22,300,368.22
2023-08-28,2023-08-31,Expedited,IN,Midwest,Secret Factory,3,Secret Factory → IN,379.99,148,231.99
2023-06-26,2023-06-27,Expedited,WI,Midwest,Lot's O' Nuts,1,Lot's O' Nuts → WI,626.09,225,288.59000000000003
2023-10-14,2023-10-18,Standard,OR,West,Sugar Shack,4,Sugar Shack → OR,564.42,362,383.41999999999996
2023-01-03,2023-01-10,Standard,TX,South,Sugar Shack,7,Sugar Shack → TX,170.0,117,111.5
2023-02-03,2023-02-07,Standard,CT,Northeast,Wicked Choccy's,4,Wicked Choccy's → CT,1020.34,432,501.94000000000005
2023-09-09,2023-09-12,Standard,FL,South,The Other Factory,3,The Other Factory → FL,136.85,67,76.55
2023-12-03,2023-12-05,Expedited,OR,West,Sugar Shack,2,Sugar Shack → OR,313.34,215,205.83999999999997
2023-08-24,2023-08-30,Standard,WI,Midwest,Sugar Shack,6,Sugar Shack → WI,664.54,473,428.03999999999996
2023-12-08,2023-12-16,Standard,CA,West,Sugar Shack,8,Sugar Shack → CA,394.16,280,254.16000000000003
2023-12-13,2023-12-20,Standard,GA,South,Sugar Shack,7,Sugar Shack → GA,525.13,333,358.63
2023-01-21,2023-01-24,Standard,AZ,West,The Other Factory,3,The Other Factory → AZ,109.49,50,64.49
2023-06-05,2023-06-12,Expedited,GA,South,Sugar Shack,7,Sugar Shack → GA,498.89,367,315.39
2023-08-02,2023-08-05,Standard,PA,Northeast,Wicked Choccy's,3,Wicked Choccy's → PA,550.07,222,283.6700000000001
2023-05-07,2023-05-11,Standard,NC,South,Secret Factory,4,Secret Factory → NC,1015.99,443,572.99
2023-06-12,2023-06-14,Expedited,NC,South,Secret Factory,2,Secret Factory → NC,982.62,399,583.62
2023-02-21,2023-02-28,Standard,NY,Northeast,Wicked Choccy's,7,Wicked Choccy's → NY,489.28,210,237.27999999999997
2023-10-29,2023-11-01,Standard,NV,West,The Other Factory,3,The Other Factory → NV,746.09,318,459.89000000000004
2023-05-04,2023-05-07,Standard,WI,Midwest,Lot's O' Nuts,3,Lot's O' Nuts → WI,733.21,233,383.71000000000004
2023-01-31,2023-02-05,Expedited,TX,South,Sugar Shack,5,Sugar Shack → TX,742.41,478,503.40999999999997
2023-08-03,2023-08-05,Expedited,IL,Midwest,Secret Factory,2,Secret Factory → IL,404.05,153,251.05
2023-09-29,2023-10-02,Standard,OR,West,The Other Factory,3,The Other Factory → OR,729.5,346,418.1
2023-03-19,2023-03-23,Standard,MI,Midwest,Lot's O' Nuts,4,Lot's O' Nuts → MI,618.91,215,296.40999999999997
2023-01-24,2023-01-29,Standard,OH,Midwest,Wicked Choccy's,5,Wicked Choccy's → OH,191.4,77,99.0
2023-07-09,2023-07-12,Standard,NJ,Northeast,Secret Factory,3,Secret Factory → NJ,172.21,66,106.21000000000001
2023-05-30,2023-06-03,Standard,OR,West,The Other Factory,4,The Other Factory → OR,944.16,468,522.96
2023-12-29,2024-01-03,Standard,FL,South,Wicked Choccy's,5,Wicked Choccy's → FL,338.46,125,188.45999999999998
2023-02-13,2023-02-16,Standard,WI,Midwest,Lot's O' Nuts,3,Lot's O' Nuts → WI,1101.53,357,566.03
2023-06-14,2023-06-17,Standard,PA,Northeast,Lot's O' Nuts,3,Lot's O' Nuts → PA,1536.42,495,793.9200000000001
2023-08-28,2023-08-31,Expedited,IN,Midwest,The Other Factory,3,The Other Factory → IN,851.5,424,469.9
2023-08-20,2023-08-26,Standard,WI,Midwest,Wicked Choccy's,6,Wicked Choccy's → WI,212.6,82,114.19999999999999
2023-02-12,2023-02-14,Expedited,PA,Northeast,Lot's O' Nuts,2,Lot's O' Nuts → PA,248.29,90,113.28999999999999
2023-10-09,2023-10-12,Expedited,CT,Northeast,Wicked Choccy's,3,Wicked Choccy's → CT,556.7,236,273.50000000000006
2023-08-24,2023-08-29,Expedited,NY,Northeast,Secret Factory,5,Secret Factory → NY,749.57,299,450.57000000000005
2023-08-20,2023-08-25,Standard,NV,West,Secret Factory,5,Secret Factory → NV,1133.61,445,688.6099999999999
2023-11-13,2023-11-18,Standard,FL,South,Lot's O' Nuts,5,Lot's O' Nuts → FL,469.68,172,211.68
2023-04-01,2023-04-03,Expedited,IN,Midwest,Lot's O' Nuts,2,Lot's O' Nuts → IN,887.0,296,443.0
2023-11-10,2023-11-13,Standard,MI,Midwest,Lot's O' Nuts,3,Lot's O' Nuts → MI,296.5,97,151.0
2023-09-15,2023-09-18,Standard,NJ,Northeast,Secret Factory,3,Secret Factory → NJ,335.88,149,186.88
2023-04-16,2023-04-21,Standard,NJ,Northeast,Sugar Shack,5,Sugar Shack → NJ,452.31,330,287.31
2023-12-31,2024-01-03,Standard,IN,Midwest,Wicked Choccy's,3,Wicked Choccy's → IN,73.21,32,34.809999999999995
2023-05-05,2023-05-08,Standard,IN,Midwest,The Other Factory,3,The Other Factory → IN,1053.43,456,643.0300000000001
2023-02-21,2023-02-24,Standard,MI,Midwest,Wicked Choccy's,3,Wicked Choccy's → MI,695.12,289,348.32
2023-03-18,2023-03-22,Standard,WA,West,Lot's O' Nuts,4,Lot's O' Nuts → WA,619.64,195,327.14
2023-03-30,2023-04-03,Expedited,IL,Midwest,Lot's O' Nuts,4,Lot's O' Nuts → IL,768.1,277,352.6
2023-11-23,2023-11-25,Expedited,IN,Midwest,Secret Factory,2,Secret Factory → IN,721.81,285,436.80999999999995
2023-12-08,2023-12-09,Expedited,PA,Northeast,Lot's O' Nuts,1,Lot's O' Nuts → PA,781.06,248,409.05999999999995
2023-10-31,2023-11-03,Standard,NJ,Northeast,Sugar Shack,3,Sugar Shack → NJ,42.07,31,26.57
2023-03-08,2023-03-12,Expedited,TX,South,Lot's O' Nuts,4,Lot's O' Nuts → TX,1290.43,477,574.9300000000001
2023-02-28,2023-03-03,Standard,MI,Midwest,Secret Factory,3,Secret Factory → MI,1072.08,416,656.0799999999999
2023-09-30,2023-10-06,Standard,TX,South,The Other Factory,6,The Other Factory → TX,28.77,13,17.07
2023-02-11,2023-02-16,Standard,AZ,West,Lot's O' Nuts,5,Lot's O' Nuts → AZ,556.87,195,264.37
2023-07-06,2023-07-11,Standard,PA,Northeast,Secret Factory,5,Secret Factory → PA,447.39,183,264.39
2023-02-28,2023-03-03,Standard,IN,Midwest,The Other Factory,3,The Other Factory → IN,282.52,130,165.51999999999998
2023-12-17,2023-12-19,Expedited,PA,Northeast,Lot's O' Nuts,2,Lot's O' Nuts → PA,900.0,309,436.5
2023-02-24,2023-02-28,Expedited,NJ,Northeast,Wicked Choccy's,4,Wicked Choccy's → NJ,679.5,288,333.9
2023-01-13,2023-01-19,Standard,NC,South,Sugar Shack,6,Sugar Shack → NC,461.9,288,317.9
2023-09-26,2023-09-30,Standard,TX,South,Secret Factory,4,Secret Factory → TX,313.84,121,192.83999999999997
2023-05-28,2023-06-03,Standard,OR,West,Secret Factory,6,Secret Factory → OR,1130.01,463,667.01
2023-09-11,2023-09-14,Standard,OH,Midwest,Secret Factory,3,Secret Factory → OH,122.03,46,76.03
2023-08-02,2023-08-05,Standard,FL,South,Lot's O' Nuts,3,Lot's O' Nuts → FL,565.08,201,263.58000000000004
2023-09-19,2023-09-25,Standard,AZ,West,Wicked Choccy's,6,Wicked Choccy's → AZ,312.46,116,173.26
2023-08-01,2023-08-08,Expedited,NY,Northeast,Sugar Shack,7,Sugar Shack → NY,306.85,203,205.35000000000002
2023-10-17,2023-10-22,Standard,NY,Northeast,Secret Factory,5,Secret Factory → NY,57.34,24,33.34
2023-04-23,2023-04-24,Expedited,IN,Midwest,Secret Factory,1,Secret Factory → IN,971.33,401,570.33
2023-04-03,2023-04-06,Standard,WA,West,Wicked Choccy's,3,Wicked Choccy's → WA,497.47,206,250.27000000000004
2023-04-25,2023-04-30,Expedited,CA,West,Sugar Shack,5,Sugar Shack → CA,636.09,390,441.09000000000003
2023-03-16,2023-03-22,Standard,CA,West,The Other Factory,6,The Other Factory → CA,557.34,272,312.54
2023-09-03,2023-09-06,Standard,IL,Midwest,Lot's O' Nuts,3,Lot's O' Nuts → IL,742.06,238,385.05999999999995
2023-07-25,2023-07-30,Standard,MA,Northeast,Lot's O' Nuts,5,Lot's O' Nuts → MA,1328.03,436,674.03
2023-05-26,2023-05-31,Standard,CT,Northeast,The Other Factory,5,The Other Factory → CT,219.8,92,137.0
2023-03-11,2023-03-20,Standard,NY,Northeast,Lot's O' Nuts,9,Lot's O' Nuts → NY,649.73,223,315.23
2023-02-18,2023-02-26,Standard,CA,West,The Other Factory,8,The Other Factory → CA,776.67,333,476.96999999999997
2023-12-28,2024-01-03,Standard,PA,Northeast,Sugar Shack,6,Sugar Shack → PA,179.06,112,123.06
2023-03-28,2023-04-01,Expedited,MA,Northeast,The Other Factory,4,The Other Factory → MA,880.96,428,495.76000000000005
2023-08-01,2023-08-07,Standard,CT,Northeast,Lot's O' Nuts,6,Lot's O' Nuts → CT,362.13,121,180.63
2023-10-15,2023-10-20,Standard,CA,West,The Other Factory,5,The Other Factory → CA,464.81,210,275.81
2023-03-27,2023-03-30,Standard,WA,West,Lot's O' Nuts,3,Lot's O' Nuts → WA,727.72,265,330.22
2023-09-10,2023-09-14,Standard,OH,Midwest,Sugar Shack,4,Sugar Shack → OH,690.94,420,480.94000000000005
2023-04-10,2023-04-15,Standard,WA,West,Secret Factory,5,Secret Factory → WA,373.26,147,226.26
2023-01-24,2023-01-28,Standard,WA,West,Sugar Shack,4,Sugar Shack → WA,461.93,317,303.43
2023-06-01,2023-06-10,Standard,VA,South,Sugar Shack,9,Sugar Shack → VA,547.49,358,368.49
2023-10-28,2023-11-02,Standard,WA,West,The Other Factory,5,The Other Factory → WA,799.2,385,452.70000000000005
2023-11-20,2023-11-23,Expedited,MI,Midwest,Wicked Choccy's,3,Wicked Choccy's → MI,158.01,64,81.21
2023-05-20,2023-05-23,Standard,MI,Midwest,Lot's O' Nuts,3,Lot's O' Nuts → MI,1043.62,332,545.6199999999999
2023-05-11,2023-05-12,Expedited,PA,Northeast,Secret Factory,1,Secret Factory → PA,1116.09,429,687.0899999999999
2023-04-04,2023-04-12,Standard,NY,Northeast,Wicked Choccy's,8,Wicked Choccy's → NY,769.83,302,407.43000000000006
2023-07-03,2023-07-06,Expedited,WA,West,Sugar Shack,3,Sugar Shack → WA,244.26,172,158.26
2023-06-10,2023-06-13,Standard,IL,Midwest,Secret Factory,3,Secret Factory → IL,1233.6,468,765.5999999999999
2023-08-29,2023-09-03,Standard,CT,Northeast,The Other Factory,5,The Other Factory → CT,975.01,406,609.61
2023-01-24,2023-01-30,Standard,MA,Northeast,The Other Factory,6,The Other Factory → MA,178.31,79,107.21000000000001
2023-01-17,2023-01-21,Standard,IL,Midwest,The Other Factory,4,The Other Factory → IL,403.41,178,243.21000000000004
2023-02-17,2023-02-21,Standard,CT,Northeast,Secret Factory,4,Secret Factory → CT,327.78,120,207.77999999999997
2023-08-29,2023-09-02,Standard,NJ,Northeast,Wicked Choccy's,4,Wicked Choccy's → NJ,176.75,71,91.55
2023-04-26,2023-04-30,Standard,WA,West,Sugar Shack,4,Sugar Shack → WA,476.42,340,306.42
2023-05-19,2023-05-23,Standard,IL,Midwest,Lot's O' Nuts,4,Lot's O' Nuts → IL,326.57,104,170.57
2023-08-11,2023-08-18,Standard,TX,South,Sugar Shack,7,Sugar Shack → TX,226.02,158,147.02
2023-06-01,2023-06-04,Standard,FL,South,The Other Factory,3,The Other Factory → FL,205.65,90,124.65
2023-05-06,2023-05-12,Standard,AZ,West,Sugar Shack,6,Sugar Shack → AZ,294.93,189,200.43
2023-02-16,2023-02-23,Expedited,NY,Northeast,Lot's O' Nuts,7,Lot's O' Nuts → NY,42.95,14,21.950000000000003
2023-10-22,2023-10-26,Standard,OR,West,Sugar Shack,4,Sugar Shack → OR,494.34,327,330.84
2023-12-28,2024-01-02,Standard,IN,Midwest,Lot's O' Nuts,5,Lot's O' Nuts → IN,1340.57,435,688.0699999999999
2023-06-03,2023-06-07,Standard,AZ,West,Sugar Shack,4,Sugar Shack → AZ,332.86,207,229.36
2023-12-08,2023-12-13,Standard,WA,West,Lot's O' Nuts,5,Lot's O' Nuts → WA,929.6,325,442.1
2023-10-23,2023-10-27,Standard,IL,Midwest,The Other Factory,4,The Other Factory → IL,291.45,133,171.75
2023-12-31,2024-01-06,Standard,CT,Northeast,Secret Factory,6,Secret Factory → CT,740.71,317,423.71000000000004
2023-03-27,2023-04-02,Standard,FL,South,The Other Factory,6,The Other Factory → FL,127.12,57,75.82000000000001
2023-02-17,2023-02-21,Standard,WI,Midwest,Lot's O' Nuts,4,Lot's O' Nuts → WI,1305.5,411,689.0
2023-03-06,2023-03-12,Standard,MI,Midwest,Sugar Shack,6,Sugar Shack → MI,496.77,354,319.77
2023-04-07,2023-04-12,Standard,PA,Northeast,Sugar Shack,5,Sugar Shack → PA,534.35,355,356.85
2023-11-06,2023-11-11,Standard,MI,Midwest,Wicked Choccy's,5,Wicked Choccy's → MI,168.61,62,94.21000000000001
2023-09-27,2023-09-30,Standard,CT,Northeast,Secret Factory,3,Secret Factory → CT,663.71,269,394.71000000000004
2023-07-05,2023-07-09,Standard,MI,Midwest,Sugar Shack,4,Sugar Shack → MI,336.43,206,233.43
2023-03-10,2023-03-15,Standard,GA,South,The Other Factory,5,The Other Factory → GA,242.78,114,140.18
2023-01-12,2023-01-15,Expedited,FL,South,The Other Factory,3,The Other Factory → FL,673.99,321,385.09000000000003
2023-09-03,2023-09-09,Standard,WI,Midwest,Lot's O' Nuts,6,Lot's O' Nuts → WI,448.89,155,216.39
2023-06-15,2023-06-18,Standard,NV,West,The Other Factory,3,The Other Factory → NV,309.77,142,181.96999999999997
2023-10-09,2023-10-14,Standard,IL,Midwest,The Other Factory,5,The Other Factory → IL,306.0,150,171.0
2023-09-18,2023-09-22,Expedited,MI,Midwest,Secret Factory,4,Secret Factory → MI,855.96,351,504.96000000000004
2023-08-11,2023-08-16,Standard,CT,Northeast,Secret Factory,5,Secret Factory → CT,548.74,243,305.74
2023-12-25,2023-12-30,Expedited,NY,Northeast,Lot's O' Nuts,5,Lot's O' Nuts → NY,170.01,53,90.50999999999999
2023-11-15,2023-11-22,Standard,CA,West,Secret Factory,7,Secret Factory → CA,1136.62,417,719.6199999999999
2023-08-18,2023-08-23,Standard,NC,South,Lot's O' Nuts,5,Lot's O' Nuts → NC,662.88,224,326.88
2023-06-16,2023-06-22,Standard,TX,South,Lot's O' Nuts,6,Lot's O' Nuts → TX,1337.02,493,597.52
2023-02-19,2023-02-23,Standard,MA,Northeast,Secret Factory,4,Secret Factory → MA,272.69,114,158.69
2023-04-17,2023-04-20,Standard,CT,Northeast,Sugar Shack,3,Sugar Shack → CT,759.03,462,528.03
2023-05-23,2023-05-27,Expedited,OR,West,Sugar Shack,4,Sugar Shack → OR,699.88,448,475.88
2023-04-28,2023-05-03,Standard,GA,South,Secret Factory,5,Secret Factory → GA,1101.66,471,630.6600000000001
2023-10-15,2023-10-17,Expedited,NV,West,Secret Factory,2,Secret Factory → NV,1135.32,470,665.3199999999999
2023-08-17,2023-08-20,Expedited,TX,South,Lot's O' Nuts,3,Lot's O' Nuts → TX,124.95,38,67.95
2023-12-16,2023-12-20,Standard,NC,South,Wicked Choccy's,4,Wicked Choccy's → NC,965.53,396,490.33
2023-06-04,2023-06-06,Expedited,NV,West,The Other Factory,2,The Other Factory → NV,620.5,274,373.9
2023-10-21,2023-10-25,Expedited,CT,Northeast,Wicked Choccy's,4,Wicked Choccy's → CT,265.27,110,133.26999999999998
2023-06-29,2023-07-04,Standard,CA,West,Wicked Choccy's,5,Wicked Choccy's → CA,590.76,234,309.96
2023-07-13,2023-07-15,Expedited,TX,South,The Other Factory,2,The Other Factory → TX,23.14,10,14.14
2023-11-26,2023-11-30,Expedited,FL,South,The Other Factory,4,The Other Factory → FL,522.86,245,302.36
2023-07-12,2023-07-18,Standard,WA,West,Secret Factory,6,Secret Factory → WA,193.44,85,108.44
2023-04-10,2023-04-15,Standard,MI,Midwest,Secret Factory,5,Secret Factory → MI,302.6,118,184.60000000000002
2023-05-13,2023-05-16,Standard,PA,Northeast,Secret Factory,3,Secret Factory → PA,969.68,355,614.68
2023-04-11,2023-04-14,Standard,NC,South,Wicked Choccy's,3,Wicked Choccy's → NC,662.19,254,357.39000000000004
2023-01-25,2023-01-28,Expedited,IL,Midwest,Secret Factory,3,Secret Factory → IL,410.53,153,257.53
2023-08-25,2023-08-29,Standard,PA,Northeast,Secret Factory,4,Secret Factory → PA,493.48,208,285.48
2023-07-20,2023-07-26,Standard,TX,South,Secret Factory,6,Secret Factory → TX,1064.13,426,638.1300000000001
2023-09-11,2023-09-20,Standard,GA,South,Sugar Shack,9,Sugar Shack → GA,122.1,80,82.1
2023-04-08,2023-04-09,Expedited,MA,Northeast,Secret Factory,1,Secret Factory → MA,1043.59,395,648.5899999999999
2023-09-01,2023-09-06,Standard,NJ,Northeast,Secret Factory,5,Secret Factory → NJ,52.42,22,30.42
2023-03-18,2023-03-21,Standard,NJ,Northeast,Lot's O' Nuts,3,Lot's O' Nuts → NJ,510.7,167,260.2
2023-06-29,2023-07-05,Standard,TX,South,Wicked Choccy's,6,Wicked Choccy's → TX,946.25,402,463.85
2023-04-17,2023-04-23,Standard,CA,West,Lot's O' Nuts,6,Lot's O' Nuts → CA,1055.4,388,473.4000000000001
2023-07-29,2023-07-31,Expedited,MA,Northeast,Sugar Shack,2,Sugar Shack → MA,209.27,133,142.77
2023-05-15,2023-05-18,Expedited,WI,Midwest,Sugar Shack,3,Sugar Shack → WI,533.77,345,361.27
2023-07-07,2023-07-09,Expedited,FL,South,Wicked Choccy's,2,Wicked Choccy's → FL,1208.26,492,617.86
2023-01-17,2023-01-20,Standard,OR,West,Lot's O' Nuts,3,Lot's O' Nuts → OR,123.12,45,55.620000000000005
2023-05-06,2023-05-16,Standard,NC,South,Sugar Shack,10,Sugar Shack → NC,70.18,51,44.68000000000001
2023-02-22,2023-02-25,Expedited,IN,Midwest,Sugar Shack,3,Sugar Shack → IN,317.75,215,210.25
2023-06-09,2023-06-12,Standard,NJ,Northeast,Sugar Shack,3,Sugar Shack → NJ,418.11,271,282.61
2023-11-28,2023-12-08,Standard,NY,Northeast,Secret Factory,10,Secret Factory → NY,553.32,214,339.32000000000005
2023-07-16,2023-07-21,Standard,WI,Midwest,The Other Factory,5,The Other Factory → WI,762.43,374,425.8299999999999
2023-07-26,2023-08-02,Standard,TX,South,Sugar Shack,7,Sugar Shack → TX,527.51,377,339.01
2023-04-30,2023-05-04,Standard,WA,West,Wicked Choccy's,4,Wicked Choccy's → WA,649.81,264,333.00999999999993
2023-05-27,2023-05-29,Expedited,GA,South,Lot's O' Nuts,2,Lot's O' Nuts → GA,993.91,329,500.40999999999997
2023-03-31,2023-04-03,Standard,OR,West,Wicked Choccy's,3,Wicked Choccy's → OR,322.54,120,178.54000000000002
2023-09-30,2023-10-09,Standard,NY,Northeast,Secret Factory,9,Secret Factory → NY,1076.81,454,622.81
2023-10-10,2023-10-15,Standard,OR,West,The Other Factory,5,The Other Factory → OR,199.02,95,113.52000000000001
2023-06-03,2023-06-08,Standard,IL,Midwest,Sugar Shack,5,Sugar Shack → IL,212.66,154,135.66
2023-12-11,2023-12-15,Standard,WI,Midwest,Wicked Choccy's,4,Wicked Choccy's → WI,1066.19,439,539.3900000000001
2023-02-12,2023-02-18,Standard,NJ,Northeast,The Other Factory,6,The Other Factory → NJ,538.83,255,309.33000000000004
2023-04-15,2023-04-19,Standard,MI,Midwest,Lot's O' Nuts,4,Lot's O' Nuts → MI,38.99,14,17.990000000000002
2023-09-21,2023-09-25,Expedited,MI,Midwest,Sugar Shack,4,Sugar Shack → MI,585.42,405,382.91999999999996
2023-02-10,2023-02-13,Expedited,WI,Midwest,Sugar Shack,3,Sugar Shack → WI,470.51,336,302.51
2023-03-02,2023-03-03,Expedited,GA,South,Secret Factory,1,Secret Factory → GA,1076.4,424,652.4000000000001
2023-06-05,2023-06-08,Expedited,WI,Midwest,Lot's O' Nuts,3,Lot's O' Nuts → WI,617.81,194,326.80999999999995
2023-02-26,2023-02-28,Expedited,MA,Northeast,Secret Factory,2,Secret Factory → MA,302.28,120,182.27999999999997
2023-02-19,2023-02-22,Standard,MI,Midwest,The Other Factory,3,The Other Factory → MI,687.96,290,426.96000000000004
2023-01-22,2023-01-27,Standard,WI,Midwest,Lot's O' Nuts,5,Lot's O' Nuts → WI,1327.79,453,648.29
2023-05-13,2023-05-14,Expedited,MI,Midwest,Wicked Choccy's,1,Wicked Choccy's → MI,924.6,362,490.20000000000005
2023-07-09,2023-07-10,Expedited,PA,Northeast,The Other Factory,1,The Other Factory → PA,984.96,440,588.96
2023-02-22,2023-02-28,Standard,AZ,West,Wicked Choccy's,6,Wicked Choccy's → AZ,1109.94,473,542.34
2023-02-16,2023-02-20,Standard,NC,South,Lot's O' Nuts,4,Lot's O' Nuts → NC,150.77,52,72.77000000000001
2023-11-25,2023-11-30,Expedited,FL,South,Sugar Shack,5,Sugar Shack → FL,168.85,124,106.85
2023-01-31,2023-02-05,Standard,TX,South,Sugar Shack,5,Sugar Shack → TX,637.1,467,403.6
2023-07-28,2023-08-08,Standard,GA,South,Sugar Shack,11,Sugar Shack → GA,206.3,131,140.8
2023-06-06,2023-06-10,Expedited,TX,South,Sugar Shack,4,Sugar Shack → TX,120.7,82,79.7
2023-11-11,2023-11-17,Standard,GA,South,The Other Factory,6,The Other Factory → GA,380.95,167,230.64999999999998
2023-11-13,2023-11-17,Expedited,NV,West,Lot's O' Nuts,4,Lot's O' Nuts → NV,989.77,338,482.77
2023-11-12,2023-11-16,Expedited,CA,West,Lot's O' Nuts,4,Lot's O' Nuts → CA,997.51,350,472.51
2023-03-05,2023-03-07,Expedited,IN,Midwest,Secret Factory,2,Secret Factory → IN,225.64,87,138.64
2023-11-21,2023-11-27,Standard,NC,South,Secret Factory,6,Secret Factory → NC,1118.34,437,681.3399999999999
2023-07-15,2023-07-20,Standard,AZ,West,Wicked Choccy's,5,Wicked Choccy's → AZ,669.63,264,352.83
2023-12-29,2024-01-04,Standard,CA,West,Lot's O' Nuts,6,Lot's O' Nuts → CA,1106.57,348,584.5699999999999
2023-11-21,2023-11-25,Expedited,PA,Northeast,Sugar Shack,4,Sugar Shack → PA,54.64,35,37.14
2023-03-22,2023-03-29,Expedited,CA,West,Wicked Choccy's,7,Wicked Choccy's → CA,716.26,296,361.06
2023-09-10,2023-09-13,Standard,FL,South,Wicked Choccy's,3,Wicked Choccy's → FL,214.62,84,113.82000000000001
2023-02-15,2023-02-20,Expedited,FL,South,Sugar Shack,5,Sugar Shack → FL,586.96,356,408.96000000000004
2023-11-25,2023-12-01,Standard,WI,Midwest,Lot's O' Nuts,6,Lot's O' Nuts → WI,91.93,32,43.93000000000001
2023-01-15,2023-01-20,Standard,MI,Midwest,Wicked Choccy's,5,Wicked Choccy's → MI,1063.3,443,531.6999999999999
2023-09-02,2023-09-07,Standard,NJ,Northeast,Sugar Shack,5,Sugar Shack → NJ,48.53,31,33.03
2023-01-12,2023-01-15,Expedited,AZ,West,Sugar Shack,3,Sugar Shack → AZ,341.96,233,225.45999999999998
2023-12-19,2023-12-25,Standard,IL,Midwest,Sugar Shack,6,Sugar Shack → IL,273.78,178,184.77999999999997
2023-07-01,2023-07-07,Standard,OH,Midwest,Secret Factory,6,Secret Factory → OH,703.72,281,422.72
2023-09-19,2023-09-23,Standard,MA,Northeast,Secret Factory,4,Secret Factory → MA,110.59,47,63.59
2023-12-04,2023-12-06,Expedited,PA,Northeast,Lot's O' Nuts,2,Lot's O' Nuts → PA,1347.23,441,685.73
2023-02-15,2023-02-20,Standard,WI,Midwest,Lot's O' Nuts,5,Lot's O' Nuts → WI,818.8,256,434.79999999999995
2023-05-22,2023-05-26,Standard,AZ,West,Secret Factory,4,Secret Factory → AZ,609.75,270,339.75
2023-06-18,2023-06-23,Standard,VA,South,Lot's O' Nuts,5,Lot's O' Nuts → VA,1090.61,383,516.1099999999999
2023-03-28,2023-03-31,Standard,GA,South,The Other Factory,3,The Other Factory → GA,309.88,142,182.07999999999998
2023-10-16,2023-10-20,Standard,FL,South,Lot's O' Nuts,4,Lot's O' Nuts → FL,844.56,297,399.05999999999995
2023-07-03,2023-07-06,Standard,NJ,Northeast,Lot's O' Nuts,3,Lot's O' Nuts → NJ,1303.58,429,660.0799999999999
2023-04-24,2023-04-29,Standard,NJ,Northeast,Wicked Choccy's,5,Wicked Choccy's → NJ,1132.38,452,589.9800000000001
2023-09-22,2023-09-26,Standard,MA,Northeast,Secret Factory,4,Secret Factory → MA,843.68,313,530.68
2023-07-08,2023-07-12,Standard,OH,Midwest,The Other Factory,4,The Other Factory → OH,835.46,377,496.16
2023-01-01,2023-01-05,Standard,OH,Midwest,Lot's O' Nuts,4,Lot's O' Nuts → OH,91.82,31,45.31999999999999
2023-09-19,2023-09-24,Standard,NC,South,The Other Factory,5,The Other Factory → NC,857.24,358,535.04
2023-08-05,2023-08-11,Standard,NJ,Northeast,Secret Factory,6,Secret Factory → NJ,366.62,152,214.62
2023-10-10,2023-10-13,Expedited,MA,Northeast,Wicked Choccy's,3,Wicked Choccy's → MA,1103.78,435,581.78
2023-06-21,2023-06-25,Standard,WA,West,Wicked Choccy's,4,Wicked Choccy's → WA,138.66,51,77.46
2023-06-15,2023-06-25,Standard,VA,South,Sugar Shack,10,Sugar Shack → VA,445.33,285,302.83
2023-05-22,2023-05-26,Expedited,OR,West,Lot's O' Nuts,4,Lot's O' Nuts → OR,1163.66,360,623.6600000000001
2023-03-22,2023-03-23,Expedited,MA,Northeast,Secret Factory,1,Secret Factory → MA,1059.24,414,645.24
2023-09-10,2023-09-16,Standard,GA,South,Secret Factory,6,Secret Factory → GA,507.56,192,315.56
2023-02-06,2023-02-10,Expedited,MA,Northeast,Sugar Shack,4,Sugar Shack → MA,354.57,235,237.07
2023-08-07,2023-08-14,Standard,CA,West,Wicked Choccy's,7,Wicked Choccy's → CA,968.34,387,503.94000000000005
2023-04-05,2023-04-06,Expedited,NV,West,Lot's O' Nuts,1,Lot's O' Nuts → NV,167.22,53,87.72
2023-06-17,2023-06-22,Standard,PA,Northeast,The Other Factory,5,The Other Factory → PA,170.99,84,95.39000000000001
2023-05-24,2023-05-26,Expedited,MI,Midwest,The Other Factory,2,The Other Factory → MI,547.71,255,318.21000000000004
2023-10-11,2023-10-14,Standard,NC,South,Lot's O' Nuts,3,Lot's O' Nuts → NC,1369.34,498,622.3399999999999
2023-11-21,2023-11-25,Standard,OR,West,The Other Factory,4,The Other Factory → OR,261.84,110,162.83999999999997
2023-10-11,2023-10-15,Expedited,OR,West,Lot's O' Nuts,4,Lot's O' Nuts → OR,1115.32,392,527.3199999999999
2023-09-27,2023-10-02,Standard,NJ,Northeast,Secret Factory,5,Secret Factory → NJ,421.37,177,244.37
2023-08-02,2023-08-08,Standard,FL,South,Lot's O' Nuts,6,Lot's O' Nuts → FL,92.07,30,47.06999999999999
2023-08-12,2023-08-16,Standard,NC,South,Secret Factory,4,Secret Factory → NC,609.64,263,346.64
2023-11-19,2023-11-22,Expedited,IN,Midwest,Sugar Shack,3,Sugar Shack → IN,500.74,329,336.24
2023-02-24,2023-02-27,Expedited,WI,Midwest,The Other Factory,3,The Other Factory → WI,476.45,219,279.35
2023-11-17,2023-11-20,Standard,TX,South,Wicked Choccy's,3,Wicked Choccy's → TX,1237.69,460,685.69
2023-07-02,2023-07-05,Standard,WI,Midwest,Sugar Shack,3,Sugar Shack → WI,530.69,354,353.69000000000005
2023-06-24,2023-06-28,Expedited,IL,Midwest,Sugar Shack,4,Sugar Shack → IL,151.93,103,100.43
2023-04-22,2023-04-27,Standard,NC,South,The Other Factory,5,The Other Factory → NC,362.56,157,221.26
2023-01-02,2023-01-03,Expedited,NV,West,Secret Factory,1,Secret Factory → NV,926.86,351,575.86
2023-10-16,2023-10-22,Standard,AZ,West,The Other Factory,6,The Other Factory → AZ,551.22,257,319.92
2023-02-05,2023-02-10,Standard,GA,South,Wicked Choccy's,5,Wicked Choccy's → GA,842.28,319,459.47999999999996
2023-06-23,2023-06-25,Expedited,NV,West,Wicked Choccy's,2,Wicked Choccy's → NV,725.79,276,394.59
2023-05-06,2023-05-12,Standard,VA,South,The Other Factory,6,The Other Factory → VA,514.56,237,301.25999999999993
2023-07-14,2023-07-19,Standard,NV,West,Sugar Shack,5,Sugar Shack → NV,258.65,165,176.14999999999998
2023-05-15,2023-05-19,Expedited,FL,South,Wicked Choccy's,4,Wicked Choccy's → FL,705.85,284,365.05
2023-09-10,2023-09-12,Expedited,NC,South,Lot's O' Nuts,2,Lot's O' Nuts → NC,1381.12,496,637.1199999999999
2023-01-02,2023-01-03,Expedited,VA,South,The Other Factory,1,The Other Factory → VA,558.96,259,325.86
2023-12-22,2023-12-27,Standard,TX,South,Wicked Choccy's,5,Wicked Choccy's → TX,776.84,313,401.24
2023-03-05,2023-03-13,Standard,CA,West,Lot's O' Nuts,8,Lot's O' Nuts → CA,731.34,246,362.34000000000003
2023-04-28,2023-05-08,Standard,FL,South,Sugar Shack,10,Sugar Shack → FL,109.35,78,70.35
2023-07-07,2023-07-11,Standard,NC,South,Secret Factory,4,Secret Factory → NC,441.26,185,256.26
2023-11-21,2023-11-26,Standard,TX,South,Secret Factory,5,Secret Factory → TX,1179.05,458,721.05
2023-08-28,2023-09-01,Standard,FL,South,Wicked Choccy's,4,Wicked Choccy's → FL,691.07,284,350.27000000000004
2023-07-10,2023-07-13,Expedited,AZ,West,Sugar Shack,3,Sugar Shack → AZ,406.11,258,277.11
2023-06-04,2023-06-10,Standard,VA,South,Secret Factory,6,Secret Factory → VA,490.79,216,274.79
2023-09-29,2023-10-03,Standard,WA,West,Sugar Shack,4,Sugar Shack → WA,187.13,119,127.63
2023-12-02,2023-12-09,Standard,NY,Northeast,Sugar Shack,7,Sugar Shack → NY,202.88,138,133.88
2023-10-31,2023-11-04,Expedited,OR,West,Secret Factory,4,Secret Factory → OR,895.82,352,543.82
2023-12-22,2023-12-27,Standard,TX,South,Wicked Choccy's,5,Wicked Choccy's → TX,730.85,302,368.45000000000005
2023-01-22,2023-01-25,Expedited,IN,Midwest,The Other Factory,3,The Other Factory → IN,868.99,375,531.49
2023-01-19,2023-01-26,Standard,NY,Northeast,Lot's O' Nuts,7,Lot's O' Nuts → NY,52.19,19,23.689999999999998
2023-06-28,2023-07-03,Expedited,CA,West,The Other Factory,5,The Other Factory → CA,1054.97,491,613.07
2023-10-21,2023-10-25,Standard,NV,West,Sugar Shack,4,Sugar Shack → NV,743.79,493,497.28999999999996
2023-06-10,2023-06-15,Standard,PA,Northeast,Lot's O' Nuts,5,Lot's O' Nuts → PA,974.99,306,515.99
2023-05-02,2023-05-06,Standard,NJ,Northeast,The Other Factory,4,The Other Factory → NJ,459.65,190,288.65
2023-08-08,2023-08-11,Expedited,MI,Midwest,Secret Factory,3,Secret Factory → MI,930.03,370,560.03
2023-07-28,2023-08-03,Standard,NY,Northeast,Lot's O' Nuts,6,Lot's O' Nuts → NY,468.78,148,246.77999999999997
2023-04-20,2023-04-21,Expedited,TX,South,Wicked Choccy's,1,Wicked Choccy's → TX,114.53,48,56.93
2023-01-25,2023-01-30,Standard,MA,Northeast,The Other Factory,5,The Other Factory → MA,673.84,324,382.24
2023-07-27,2023-07-31,Expedited,NC,South,Wicked Choccy's,4,Wicked Choccy's → NC,621.7,236,338.50000000000006
2023-02-02,2023-02-03,Expedited,WA,West,Sugar Shack,1,Sugar Shack → WA,477.91,350,302.91
2023-08-22,2023-08-24,Expedited,NC,South,Wicked Choccy's,2,Wicked Choccy's → NC,556.4,209,305.59999999999997
2023-09-20,2023-09-24,Expedited,FL,South,Wicked Choccy's,4,Wicked Choccy's → FL,353.5,131,196.3
2023-08-30,2023-09-05,Standard,TX,South,The Other Factory,6,The Other Factory → TX,548.03,229,341.92999999999995
2023-02-23,2023-02-25,Expedited,OH,Midwest,Lot's O' Nuts,2,Lot's O' Nuts → OH,137.2,48,65.19999999999999
2023-12-03,2023-12-04,Expedited,FL,South,Wicked Choccy's,1,Wicked Choccy's → FL,1110.58,482,532.18
2023-09-08,2023-09-11,Expedited,MI,Midwest,The Other Factory,3,The Other Factory → MI,508.46,211,318.55999999999995
2023-06-13,2023-06-18,Standard,GA,South,Secret Factory,5,Secret Factory → GA,867.52,368,499.52
2023-07-11,2023-07-14,Expedited,GA,South,Sugar Shack,3,Sugar Shack → GA,661.17,418,452.16999999999996
2023-09-30,2023-10-06,Standard,WA,West,Sugar Shack,6,Sugar Shack → WA,159.36,106,106.36000000000001
2023-01-10,2023-01-13,Standard,IL,Midwest,Sugar Shack,3,Sugar Shack → IL,554.64,363,373.14
2023-08-16,2023-08-21,Standard,TX,South,Secret Factory,5,Secret Factory → TX,1126.75,451,675.75
2023-02-11,2023-02-14,Standard,PA,Northeast,Sugar Shack,3,Sugar Shack → PA,221.44,143,149.94
2023-05-05,2023-05-08,Standard,MI,Midwest,Wicked Choccy's,3,Wicked Choccy's → MI,1080.4,470,516.4000000000001
2023-04-05,2023-04-11,Standard,WI,Midwest,Secret Factory,6,Secret Factory → WI,35.22,15,20.22
2023-09-18,2023-09-24,Standard,MA,Northeast,Secret Factory,6,Secret Factory → MA,86.33,33,53.33
2023-01-06,2023-01-10,Standard,NJ,Northeast,Secret Factory,4,Secret Factory → NJ,1010.38,407,603.38
2023-03-15,2023-03-21,Standard,TX,South,The Other Factory,6,The Other Factory → TX,850.29,362,524.49
2023-11-22,2023-11-25,Standard,IL,Midwest,Secret Factory,3,Secret Factory → IL,388.51,154,234.51
2023-09-22,2023-09-28,Standard,OR,West,Secret Factory,6,Secret Factory → OR,1080.83,426,654.8299999999999
2023-01-23,2023-01-26,Expedited,IN,Midwest,Wicked Choccy's,3,Wicked Choccy's → IN,1021.78,417,521.38
2023-11-11,2023-11-14,Standard,MA,Northeast,Secret Factory,3,Secret Factory → MA,487.73,215,272.73
2023-12-17,2023-12-20,Expedited,NV,West,Wicked Choccy's,3,Wicked Choccy's → NV,1104.55,417,604.15
2023-01-17,2023-01-24,Standard,NY,Northeast,The Other Factory,7,The Other Factory → NY,967.57,426,584.1700000000001
2023-02-28,2023-03-06,Standard,NY,Northeast,The Other Factory,6,The Other Factory → NY,660.82,296,394.4200000000001
2023-04-07,2023-04-10,Standard,WI,Midwest,Secret Factory,3,Secret Factory → WI,587.6,246,341.6
2023-03-02,2023-03-08,Standard,IL,Midwest,Sugar Shack,6,Sugar Shack → IL,532.97,383,341.47
2023-06-24,2023-07-01,Standard,NY,Northeast,Wicked Choccy's,7,Wicked Choccy's → NY,790.48,302,428.08000000000004
2023-01-13,2023-01-14,Expedited,MA,Northeast,The Other Factory,1,The Other Factory → MA,193.56,82,119.76
2023-11-05,2023-11-10,Standard,MI,Midwest,Wicked Choccy's,5,Wicked Choccy's → MI,279.85,108,150.25000000000003
2023-11-15,2023-11-19,Standard,NV,West,Lot's O' Nuts,4,Lot's O' Nuts → NV,1473.29,463,778.79
2023-02-13,2023-02-17,Expedited,GA,South,Secret Factory,4,Secret Factory → GA,714.73,303,411.73
2023-12-20,2023-12-24,Expedited,CA,West,Sugar Shack,4,Sugar Shack → CA,55.15,34,38.15
2023-02-15,2023-02-20,Standard,OH,Midwest,Wicked Choccy's,5,Wicked Choccy's → OH,496.31,198,258.71000000000004
2023-11-22,2023-11-26,Standard,CT,Northeast,The Other Factory,4,The Other Factory → CT,427.4,183,262.7
2023-11-05,2023-11-06,Expedited,NV,West,Secret Factory,1,Secret Factory → NV,1116.85,448,668.8499999999999
2023-01-14,2023-01-20,Standard,OR,West,Wicked Choccy's,6,Wicked Choccy's → OR,1080.01,474,511.21000000000004
2023-10-21,2023-10-27,Standard,WA,West,Sugar Shack,6,Sugar Shack → WA,17.39,12,11.39
2023-07-20,2023-07-24,Standard,WI,Midwest,Sugar Shack,4,Sugar Shack → WI,195.95,132,129.95
2023-10-14,2023-10-20,Standard,AZ,West,Sugar Shack,6,Sugar Shack → AZ,363.42,244,241.42000000000002
2023-12-08,2023-12-15,Standard,CA,West,Secret Factory,7,Secret Factory → CA,478.87,176,302.87
2023-12-02,2023-12-06,Expedited,PA,Northeast,The Other Factory,4,The Other Factory → PA,831.51,399,472.40999999999997
2023-04-27,2023-05-03,Standard,MI,Midwest,Wicked Choccy's,6,Wicked Choccy's → MI,1047.09,393,575.4899999999999
2023-08-20,2023-08-23,Expedited,MA,Northeast,Sugar Shack,3,Sugar Shack → MA,109.29,69,74.79
2023-06-04,2023-06-07,Expedited,VA,South,The Other Factory,3,The Other Factory → VA,870.04,368,538.8399999999999
2023-08-13,2023-08-18,Standard,AZ,West,Wicked Choccy's,5,Wicked Choccy's → AZ,470.03,208,220.42999999999998
2023-06-24,2023-06-29,Standard,IN,Midwest,Sugar Shack,5,Sugar Shack → IN,652.24,428,438.24
2023-06-03,2023-06-10,Standard,NY,Northeast,Secret Factory,7,Secret Factory → NY,1367.81,498,869.81
2023-08-31,2023-09-05,Standard,NC,South,Secret Factory,5,Secret Factory → NC,542.24,224,318.24
2023-03-18,2023-03-22,Standard,PA,Northeast,The Other Factory,4,The Other Factory → PA,354.69,161,209.79
2023-05-18,2023-05-23,Standard,WI,Midwest,Lot's O' Nuts,5,Lot's O' Nuts → WI,1552.47,499,803.97
2023-09-28,2023-10-04,Expedited,NY,Northeast,Sugar Shack,6,Sugar Shack → NY,775.85,482,534.85
2023-11-29,2023-12-05,Standard,WA,West,Secret Factory,6,Secret Factory → WA,1034.81,410,624.81
2023-01-18,2023-01-22,Expedited,NJ,Northeast,The Other Factory,4,The Other Factory → NJ,675.62,315,392.12
2023-01-21,2023-01-27,Standard,PA,Northeast,Wicked Choccy's,6,Wicked Choccy's → PA,633.61,249,334.81
2023-08-16,2023-08-21,Expedited,CA,West,Lot's O' Nuts,5,Lot's O' Nuts → CA,202.79,73,93.28999999999999
2023-11-02,2023-11-05,Standard,OH,Midwest,Secret Factory,3,Secret Factory → OH,549.32,218,331.32000000000005
2023-12-01,2023-12-05,Standard,FL,South,Wicked Choccy's,4,Wicked Choccy's → FL,979.5,360,547.5
2023-05-04,2023-05-08,Standard,OH,Midwest,Lot's O' Nuts,4,Lot's O' Nuts → OH,398.65,139,190.14999999999998
2023-01-12,2023-01-17,Standard,NV,West,Secret Factory,5,Secret Factory → NV,879.14,372,507.14
2023-01-02,2023-01-08,Standard,FL,South,Secret Factory,6,Secret Factory → FL,766.64,285,481.64
2023-06-15,2023-06-20,Standard,TX,South,Wicked Choccy's,5,Wicked Choccy's → TX,333.82,134,173.01999999999998
2023-01-25,2023-01-30,Standard,MA,Northeast,Lot's O' Nuts,5,Lot's O' Nuts → MA,473.99,157,238.49
2023-06-24,2023-06-28,Expedited,CA,West,Wicked Choccy's,4,Wicked Choccy's → CA,230.95,95,116.94999999999999
2023-06-09,2023-06-15,Standard,OR,West,Wicked Choccy's,6,Wicked Choccy's → OR,578.61,220,314.61
2023-06-04,2023-06-08,Expedited,GA,South,Wicked Choccy's,4,Wicked Choccy's → GA,790.55,295,436.54999999999995
2023-08-06,2023-08-10,Standard,CT,Northeast,The Other Factory,4,The Other Factory → CT,64.5,31,36.6
2023-10-30,2023-11-02,Standard,IL,Midwest,Wicked Choccy's,3,Wicked Choccy's → IL,1192.84,479,618.04
2023-02-17,2023-02-23,Standard,VA,South,The Other Factory,6,The Other Factory → VA,998.65,482,564.8499999999999
2023-10-31,2023-11-04,Expedited,WI,Midwest,The Other Factory,4,The Other Factory → WI,217.0,91,135.1
2023-09-23,2023-09-27,Standard,IL,Midwest,Secret Factory,4,Secret Factory → IL,1014.85,422,592.85
2023-07-05,2023-07-09,Expedited,WI,Midwest,Secret Factory,4,Secret Factory → WI,1234.8,478,756.8
2023-07-20,2023-07-27,Standard,TX,South,Sugar Shack,7,Sugar Shack → TX,560.53,399,361.03
2023-10-13,2023-10-18,Standard,NV,West,The Other Factory,5,The Other Factory → NV,114.43,50,69.43
2023-04-02,2023-04-05,Standard,MA,Northeast,The Other Factory,3,The Other Factory → MA,205.81,86,128.41
2023-03-17,2023-03-24,Expedited,CA,West,Wicked Choccy's,7,Wicked Choccy's → CA,394.19,162,199.79
2023-05-20,2023-05-24,Standard,MA,Northeast,Lot's O' Nuts,4,Lot's O' Nuts → MA,1116.97,347,596.47
2023-02-04,2023-02-10,Standard,NC,South,Lot's O' Nuts,6,Lot's O' Nuts → NC,534.59,173,275.09000000000003
2023-01-10,2023-01-16,Standard,FL,South,Lot's O' Nuts,6,Lot's O' Nuts → FL,398.3,139,189.8
2023-01-27,2023-02-04,Standard,NY,Northeast,Wicked Choccy's,8,Wicked Choccy's → NY,973.27,386,510.07
2023-04-07,2023-04-11,Expedited,AZ,West,Wicked Choccy's,4,Wicked Choccy's → AZ,221.49,82,123.09
2023-12-19,2023-12-22,Standard,IN,Midwest,The Other Factory,3,The Other Factory → IN,456.35,228,251.15000000000003
2023-02-15,2023-02-20,Expedited,NC,South,Sugar Shack,5,Sugar Shack → NC,114.69,78,75.69
2023-02-08,2023-02-14,Expedited,VA,South,Sugar Shack,6,Sugar Shack → VA,84.65,58,55.650000000000006
2023-02-24,2023-03-02,Standard,NJ,Northeast,The Other Factory,6,The Other Factory → NJ,717.44,352,400.64000000000004
2023-11-13,2023-11-16,Standard,TX,South,Wicked Choccy's,3,Wicked Choccy's → TX,189.87,71,104.67
2023-03-21,2023-03-25,Standard,FL,South,The Other Factory,4,The Other Factory → FL,651.22,299,382.12
2023-01-02,2023-01-06,Standard,IN,Midwest,Sugar Shack,4,Sugar Shack → IN,507.95,313,351.45
2023-06-25,2023-06-26,Expedited,GA,South,The Other Factory,1,The Other Factory → GA,538.29,229,332.18999999999994
2023-11-06,2023-11-09,Standard,OR,West,Secret Factory,3,Secret Factory → OR,1247.86,472,775.8599999999999
2023-06-21,2023-06-24,Expedited,TX,South,Secret Factory,3,Secret Factory → TX,1119.36,478,641.3599999999999
2023-10-15,2023-10-21,Standard,WI,Midwest,Secret Factory,6,Secret Factory → WI,184.14,76,108.13999999999999
2023-02-10,2023-02-16,Standard,IL,Midwest,The Other Factory,6,The Other Factory → IL,831.92,382,488.11999999999995
2023-11-27,2023-12-02,Standard,NJ,Northeast,Secret Factory,5,Secret Factory → NJ,379.99,162,217.99
2023-06-06,2023-06-12,Standard,GA,South,Wicked Choccy's,6,Wicked Choccy's → GA,686.87,275,356.87
2023-11-06,2023-11-12,Standard,NC,South,Secret Factory,6,Secret Factory → NC,1029.17,395,634.1700000000001
2023-06-07,2023-06-10,Standard,WA,West,Wicked Choccy's,3,Wicked Choccy's → WA,1061.22,400,581.22
2023-05-19,2023-05-25,Standard,OR,West,The Other Factory,6,The Other Factory → OR,724.59,307,448.29
2023-01-26,2023-01-29,Standard,AZ,West,Lot's O' Nuts,3,Lot's O' Nuts → AZ,698.75,224,362.75
2023-09-05,2023-09-09,Standard,NJ,Northeast,Wicked Choccy's,4,Wicked Choccy's → NJ,529.69,217,269.2900000000001
2023-12-22,2023-12-26,Standard,MI,Midwest,Wicked Choccy's,4,Wicked Choccy's → MI,1092.47,482,514.07
2023-07-31,2023-08-03,Standard,IL,Midwest,The Other Factory,3,The Other Factory → IL,905.28,377,565.98
2023-11-19,2023-11-23,Standard,OR,West,Lot's O' Nuts,4,Lot's O' Nuts → OR,212.32,65,114.82
2023-02-28,2023-03-03,Standard,OH,Midwest,Secret Factory,3,Secret Factory → OH,354.39,142,212.39
2023-06-18,2023-06-25,Standard,CA,West,Secret Factory,7,Secret Factory → CA,1226.49,480,746.49
2023-04-25,2023-04-30,Standard,VA,South,Wicked Choccy's,5,Wicked Choccy's → VA,633.48,239,346.68
2023-03-25,2023-03-31,Standard,MI,Midwest,Wicked Choccy's,6,Wicked Choccy's → MI,1236.06,476,664.8599999999999
2023-09-02,2023-09-03,Expedited,FL,South,Lot's O' Nuts,1,Lot's O' Nuts → FL,1159.73,414,538.73
2023-08-09,2023-08-11,Expedited,NC,South,Wicked Choccy's,2,Wicked Choccy's → NC,521.04,216,261.84
2023-01-22,2023-01-25,Standard,WI,Midwest,Wicked Choccy's,3,Wicked Choccy's → WI,1012.21,370,568.21
2023-01-29,2023-02-03,Standard,NC,South,Secret Factory,5,Secret Factory → NC,380.94,164,216.94
2023-09-15,2023-09-18,Standard,MI,Midwest,Secret Factory,3,Secret Factory → MI,1016.45,375,641.45
2023-04-01,2023-04-05,Standard,NV,West,Wicked Choccy's,4,Wicked Choccy's → NV,989.01,380,533.01
2023-02-01,2023-02-04,Expedited,MA,Northeast,Secret Factory,3,Secret Factory → MA,1252.51,494,758.51
2023-11-15,2023-11-21,Standard,FL,South,Wicked Choccy's,6,Wicked Choccy's → FL,700.48,310,328.48
2023-06-13,2023-06-19,Standard,MI,Midwest,Wicked Choccy's,6,Wicked Choccy's → MI,766.1,295,412.1
2023-06-21,2023-06-22,Expedited,OH,Midwest,Secret Factory,1,Secret Factory → OH,1100.07,466,634.0699999999999
2023-01-11,2023-01-15,Standard,MI,Midwest,Secret Factory,4,Secret Factory → MI,81.91,35,46.91
2023-04-28,2023-04-30,Expedited,TX,South,Secret Factory,2,Secret Factory → TX,420.65,160,260.65
2023-05-10,2023-05-14,Expedited,FL,South,Lot's O' Nuts,4,Lot's O' Nuts → FL,245.97,90,110.97
2023-04-28,2023-05-02,Expedited,OR,West,Sugar Shack,4,Sugar Shack → OR,47.18,34,30.18
2023-03-09,2023-03-15,Standard,CA,West,Sugar Shack,6,Sugar Shack → CA,719.73,494,472.73
2023-10-01,2023-10-04,Expedited,AZ,West,Secret Factory,3,Secret Factory → AZ,918.11,334,584.11
2023-01-27,2023-01-30,Expedited,OH,Midwest,Sugar Shack,3,Sugar Shack → OH,717.42,494,470.41999999999996
2023-06-06,2023-06-11,Standard,AZ,West,Lot's O' Nuts,5,Lot's O' Nuts → AZ,1245.35,426,606.3499999999999
2023-02-14,2023-02-17,Standard,FL,South,Wicked Choccy's,3,Wicked Choccy's → FL,1224.14,491,634.94
2023-09-22,2023-09-25,Expedited,WA,West,Lot's O' Nuts,3,Lot's O' Nuts → WA,1280.44,472,572.44
2023-04-25,2023-05-03,Standard,TX,South,Sugar Shack,8,Sugar Shack → TX,280.37,180,190.37
2023-06-10,2023-06-18,Expedited,NY,Northeast,Sugar Shack,8,Sugar Shack → NY,593.22,418,384.22
2023-09-21,2023-09-27,Standard,NC,South,Wicked Choccy's,6,Wicked Choccy's → NC,186.2,71,100.99999999999999
2023-03-10,2023-03-14,Standard,NC,South,Lot's O' Nuts,4,Lot's O' Nuts → NC,45.14,14,24.14
2023-01-01,2023-01-08,Standard,NY,Northeast,Secret Factory,7,Secret Factory → NY,91.47,38,53.47
2023-10-15,2023-10-21,Standard,NC,South,Secret Factory,6,Secret Factory → NC,1050.5,459,591.5
2023-04-08,2023-04-10,Expedited,NY,Northeast,Wicked Choccy's,2,Wicked Choccy's → NY,147.68,65,69.68
2023-05-26,2023-06-01,Expedited,CA,West,Secret Factory,6,Secret Factory → CA,1090.42,435,655.4200000000001
2023-09-14,2023-09-17,Standard,AZ,West,The Other Factory,3,The Other Factory → AZ,356.75,153,219.05
2023-07-20,2023-07-23,Standard,PA,Northeast,Lot's O' Nuts,3,Lot's O' Nuts → PA,715.07,218,388.07000000000005
2023-08-31,2023-09-05,Standard,TX,South,The Other Factory,5,The Other Factory → TX,1054.36,487,616.06
2023-11-02,2023-11-08,Standard,TX,South,Lot's O' Nuts,6,Lot's O' Nuts → TX,596.57,181,325.07000000000005
2023-10-13,2023-10-16,Standard,IN,Midwest,The Other Factory,3,The Other Factory → IN,35.05,16,20.65
2023-03-21,2023-03-22,Expedited,IL,Midwest,Secret Factory,1,Secret Factory → IL,914.87,354,560.87
2023-05-29,2023-06-03,Standard,OH,Midwest,Secret Factory,5,Secret Factory → OH,538.06,225,313.05999999999995
2023-08-27,2023-08-29,Expedited,IL,Midwest,The Other Factory,2,The Other Factory → IL,81.14,35,49.64
2023-11-06,2023-11-11,Standard,TX,South,Secret Factory,5,Secret Factory → TX,395.84,155,240.83999999999997
2023-04-15,2023-04-24,Standard,NY,Northeast,Secret Factory,9,Secret Factory → NY,675.76,298,377.76
2023-08-11,2023-08-16,Standard,NJ,Northeast,Secret Factory,5,Secret Factory → NJ,998.28,400,598.28
2023-02-21,2023-02-24,Standard,MA,Northeast,Lot's O' Nuts,3,Lot's O' Nuts → MA,586.15,189,302.65
2023-07-07,2023-07-10,Standard,MI,Midwest,Secret Factory,3,Secret Factory → MI,607.27,267,340.27
2023-11-17,2023-11-18,Expedited,WI,Midwest,Secret Factory,1,Secret Factory → WI,856.62,378,478.62
2023-06-28,2023-07-02,Standard,NC,South,The Other Factory,4,The Other Factory → NC,306.11,132,187.31
2023-12-27,2023-12-31,Standard,PA,Northeast,Secret Factory,4,Secret Factory → PA,146.36,60,86.36000000000001
2023-12-19,2023-12-27,Standard,NY,Northeast,The Other Factory,8,The Other Factory → NY,139.32,65,80.82
2023-10-08,2023-10-10,Expedited,IL,Midwest,Secret Factory,2,Secret Factory → IL,371.86,144,227.86
2023-03-12,2023-03-19,Standard,GA,South,Sugar Shack,7,Sugar Shack → GA,245.84,161,165.34
2023-01-17,2023-01-21,Standard,AZ,West,The Other Factory,4,The Other Factory → AZ,705.76,300,435.76
2023-07-25,2023-07-29,Standard,WI,Midwest,Secret Factory,4,Secret Factory → WI,409.71,168,241.70999999999998
2023-07-20,2023-07-23,Expedited,WA,West,Wicked Choccy's,3,Wicked Choccy's → WA,344.29,137,179.89000000000001
2023-12-10,2023-12-17,Standard,CA,West,Lot's O' Nuts,7,Lot's O' Nuts → CA,475.05,170,220.05
2023-06-07,2023-06-12,Standard,IL,Midwest,The Other Factory,5,The Other Factory → IL,139.05,64,81.45000000000002
2023-10-18,2023-10-22,Expedited,MA,Northeast,The Other Factory,4,The Other Factory → MA,851.6,396,495.20000000000005
2023-09-20,2023-09-26,Standard,PA,Northeast,The Other Factory,6,The Other Factory → PA,183.95,90,102.94999999999999
2023-03-21,2023-03-25,Standard,NC,South,Secret Factory,4,Secret Factory → NC,178.12,75,103.12
2023-03-08,2023-03-14,Standard,TX,South,Wicked Choccy's,6,Wicked Choccy's → TX,645.05,241,355.84999999999997
2023-02-22,2023-02-25,Standard,TX,South,Wicked Choccy's,3,Wicked Choccy's → TX,1028.68,432,510.2800000000001
2023-09-22,2023-09-28,Standard,OR,West,Wicked Choccy's,6,Wicked Choccy's → OR,522.5,230,246.5
2023-10-05,2023-10-11,Standard,OH,Midwest,Lot's O' Nuts,6,Lot's O' Nuts → OH,845.93,279,427.42999999999995
2023-05-22,2023-05-26,Standard,AZ,West,Secret Factory,4,Secret Factory → AZ,510.99,223,287.99
2023-03-13,2023-03-18,Standard,CT,Northeast,Secret Factory,5,Secret Factory → CT,396.24,165,231.24
2023-01-08,2023-01-12,Standard,MI,Midwest,Wicked Choccy's,4,Wicked Choccy's → MI,347.53,138,181.92999999999998
2023-07-21,2023-07-23,Expedited,WA,West,Wicked Choccy's,2,Wicked Choccy's → WA,562.95,246,267.75000000000006
2023-07-07,2023-07-08,Expedited,IL,Midwest,Lot's O' Nuts,1,Lot's O' Nuts → IL,1440.45,477,724.95
2023-12-23,2023-12-26,Standard,NJ,Northeast,Wicked Choccy's,3,Wicked Choccy's → NJ,1145.64,481,568.44
2023-03-04,2023-03-10,Standard,WI,Midwest,The Other Factory,6,The Other Factory → WI,105.51,53,57.81
2023-08-21,2023-08-26,Expedited,CA,West,Lot's O' Nuts,5,Lot's O' Nuts → CA,1448.08,443,783.5799999999999
2023-12-03,2023-12-07,Expedited,MI,Midwest,The Other Factory,4,The Other Factory → MI,658.0,296,391.6
2023-04-19,2023-04-25,Standard,CA,West,Sugar Shack,6,Sugar Shack → CA,80.34,57,51.84
2023-02-05,2023-02-09,Expedited,CA,West,The Other Factory,4,The Other Factory → CA,33.56,14,20.96
2023-06-25,2023-06-28,Standard,OH,Midwest,Lot's O' Nuts,3,Lot's O' Nuts → OH,764.16,237,408.65999999999997
2023-12-09,2023-12-14,Standard,GA,South,Lot's O' Nuts,5,Lot's O' Nuts → GA,599.58,222,266.58000000000004
2023-05-21,2023-05-27,Standard,NJ,Northeast,Lot's O' Nuts,6,Lot's O' Nuts → NJ,788.9,279,370.4
2023-01-12,2023-01-15,Expedited,OR,West,Wicked Choccy's,3,Wicked Choccy's → OR,1082.08,400,602.0799999999999
2023-05-20,2023-05-22,Expedited,PA,Northeast,Sugar Shack,2,Sugar Shack → PA,353.42,244,231.42000000000002
2023-08-30,2023-09-04,Standard,TX,South,The Other Factory,5,The Other Factory → TX,47.79,23,27.09
2023-08-19,2023-08-27,Standard,VA,South,Sugar Shack,8,Sugar Shack → VA,520.85,319,361.35
2023-05-07,2023-05-12,Standard,WA,West,The Other Factory,5,The Other Factory → WA,113.4,55,63.900000000000006
2023-11-19,2023-11-25,Standard,TX,South,Secret Factory,6,Secret Factory → TX,42.52,18,24.520000000000003
2023-08-07,2023-08-08,Expedited,FL,South,Secret Factory,1,Secret Factory → FL,468.96,188,280.96
2023-07-23,2023-08-01,Standard,CA,West,Wicked Choccy's,9,Wicked Choccy's → CA,395.01,161,201.81
2023-02-18,2023-02-24,Standard,FL,South,Wicked Choccy's,6,Wicked Choccy's → FL,1163.63,486,580.4300000000001
2023-02-01,2023-02-05,Expedited,MA,Northeast,Sugar Shack,4,Sugar Shack → MA,377.87,247,254.37
2023-10-15,2023-10-18,Standard,VA,South,Secret Factory,3,Secret Factory → VA,561.76,249,312.76
2023-11-29,2023-12-06,Standard,NY,Northeast,Wicked Choccy's,7,Wicked Choccy's → NY,1038.42,418,536.82
2023-02-06,2023-02-11,Standard,PA,Northeast,Secret Factory,5,Secret Factory → PA,819.23,303,516.23
2023-11-01,2023-11-04,Standard,IL,Midwest,Wicked Choccy's,3,Wicked Choccy's → IL,179.24,66,100.04
2023-02-07,2023-02-11,Expedited,AZ,West,Secret Factory,4,Secret Factory → AZ,992.35,436,556.35
2023-01-19,2023-01-22,Expedited,WA,West,Sugar Shack,3,Sugar Shack → WA,224.35,156,146.35
2023-07-02,2023-07-06,Standard,NJ,Northeast,Sugar Shack,4,Sugar Shack → NJ,199.91,129,135.41
2023-09-23,2023-09-27,Standard,MA,Northeast,Sugar Shack,4,Sugar Shack → MA,193.07,127,129.57
2023-02-25,2023-02-28,Expedited,WA,West,Secret Factory,3,Secret Factory → WA,362.26,134,228.26
2023-01-29,2023-02-03,Standard,IN,Midwest,Sugar Shack,5,Sugar Shack → IN,186.33,119,126.83000000000001
2023-02-27,2023-03-05,Standard,NJ,Northeast,The Other Factory,6,The Other Factory → NJ,288.37,120,180.37
2023-06-05,2023-06-09,Standard,MI,Midwest,Secret Factory,4,Secret Factory → MI,1313.93,485,828.9300000000001
2023-10-14,2023-10-16,Expedited,MA,Northeast,Sugar Shack,2,Sugar Shack → MA,671.46,437,452.96000000000004
2023-09-03,2023-09-08,Standard,NY,Northeast,Secret Factory,5,Secret Factory → NY,380.74,150,230.74
2023-03-05,2023-03-09,Expedited,NJ,Northeast,Secret Factory,4,Secret Factory → NJ,31.62,13,18.62
2023-10-14,2023-10-18,Expedited,PA,Northeast,Lot's O' Nuts,4,Lot's O' Nuts → PA,890.83,321,409.33000000000004
2023-03-04,2023-03-08,Standard,MI,Midwest,Secret Factory,4,Secret Factory → MI,1311.97,488,823.97
2023-05-15,2023-05-21,Standard,NC,South,Secret Factory,6,Secret Factory → NC,39.11,17,22.11
2023-06-01,2023-06-08,Standard,NC,South,Sugar Shack,7,Sugar Shack → NC,213.68,138,144.68
2023-09-01,2023-09-03,Expedited,NJ,Northeast,Lot's O' Nuts,2,Lot's O' Nuts → NJ,564.19,195,271.69000000000005
2023-11-06,2023-11-10,Standard,TX,South,Lot's O' Nuts,4,Lot's O' Nuts → TX,687.81,209,374.30999999999995
2023-01-04,2023-01-08,Standard,CA,West,Lot's O' Nuts,4,Lot's O' Nuts → CA,1239.5,428,597.5
2023-02-07,2023-02-12,Standard,AZ,West,Secret Factory,5,Secret Factory → AZ,981.37,413,568.37
2023-11-16,2023-11-18,Expedited,WA,West,The Other Factory,2,The Other Factory → WA,20.01,10,11.010000000000002
2023-10-12,2023-10-17,Standard,OH,Midwest,The Other Factory,5,The Other Factory → OH,842.61,350,527.61
2023-10-21,2023-10-25,Expedited,AZ,West,The Other Factory,4,The Other Factory → AZ,154.99,75,87.49000000000001
2023-04-22,2023-04-25,Standard,OR,West,Lot's O' Nuts,3,Lot's O' Nuts → OR,813.71,262,420.71000000000004
2023-08-27,2023-08-31,Expedited,MA,Northeast,Wicked Choccy's,4,Wicked Choccy's → MA,114.88,45,60.879999999999995
2023-03-06,2023-03-10,Standard,OH,Midwest,Lot's O' Nuts,4,Lot's O' Nuts → OH,1083.09,394,492.0899999999999
2023-07-23,2023-07-27,Standard,NV,West,Sugar Shack,4,Sugar Shack → NV,589.68,434,372.67999999999995
2023-04-08,2023-04-14,Standard,TX,South,Secret Factory,6,Secret Factory → TX,760.57,321,439.57000000000005
2023-09-17,2023-09-23,Standard,VA,South,Wicked Choccy's,6,Wicked Choccy's → VA,1099.18,443,567.58
2023-05-21,2023-05-24,Standard,OH,Midwest,Lot's O' Nuts,3,Lot's O' Nuts → OH,1141.1,375,578.5999999999999
2023-04-27,2023-04-29,Expedited,FL,South,Wicked Choccy's,2,Wicked Choccy's → FL,1247.06,463,691.4599999999999
2023-07-25,2023-07-29,Standard,WA,West,Secret Factory,4,Secret Factory → WA,625.23,246,379.23
2023-11-06,2023-11-09,Expedited,FL,South,The Other Factory,3,The Other Factory → FL,247.42,104,153.82
2023-08-01,2023-08-09,Standard,GA,South,Sugar Shack,8,Sugar Shack → GA,683.15,420,473.15
2023-11-19,2023-11-22,Standard,CT,Northeast,Secret Factory,3,Secret Factory → CT,115.42,48,67.42
2023-04-24,2023-04-27,Standard,NV,West,Wicked Choccy's,3,Wicked Choccy's → NV,440.39,174,231.58999999999997
2023-09-03,2023-09-04,Expedited,GA,South,Lot's O' Nuts,1,Lot's O' Nuts → GA,1246.01,404,640.01
2023-07-18,2023-07-21,Standard,CT,Northeast,Wicked Choccy's,3,Wicked Choccy's → CT,262.98,97,146.58
2023-10-23,2023-10-26,Expedited,IL,Midwest,Lot's O' Nuts,3,Lot's O' Nuts → IL,1461.18,498,714.1800000000001
2023-05-01,2023-05-07,Standard,IL,Midwest,Secret Factory,6,Secret Factory → IL,553.83,212,341.83000000000004
2023-04-21,2023-04-24,Standard,MI,Midwest,Wicked Choccy's,3,Wicked Choccy's → MI,752.08,284,411.28000000000003
2023-03-31,2023-04-06,Standard,GA,South,The Other Factory,6,The Other Factory → GA,577.33,249,353.23
2023-08-22,2023-08-26,Expedited,WI,Midwest,The Other Factory,4,The Other Factory → WI,996.68,446,595.28
2023-06-27,2023-06-30,Expedited,MI,Midwest,Lot's O' Nuts,3,Lot's O' Nuts → MI,987.68,359,449.17999999999995
2023-02-02,2023-02-06,Expedited,IN,Midwest,Secret Factory,4,Secret Factory → IN,37.75,16,21.75
2023-09-28,2023-10-04,Standard,MI,Midwest,Secret Factory,6,Secret Factory → MI,1111.96,451,660.96
2023-02-22,2023-02-26,Standard,VA,South,Wicked Choccy's,4,Wicked Choccy's → VA,270.71,115,132.70999999999998
2023-01-08,2023-01-12,Standard,OR,West,The Other Factory,4,The Other Factory → OR,59.98,26,36.58
2023-09-18,2023-09-20,Expedited,MI,Midwest,Wicked Choccy's,2,Wicked Choccy's → MI,672.94,271,347.74000000000007
2023-03-29,2023-04-02,Standard,NV,West,Lot's O' Nuts,4,Lot's O' Nuts → NV,145.76,52,67.75999999999999
2023-08-14,2023-08-17,Expedited,MA,Northeast,Wicked Choccy's,3,Wicked Choccy's → MA,698.25,288,352.65
2023-04-05,2023-04-11,Standard,PA,Northeast,Lot's O' Nuts,6,Lot's O' Nuts → PA,1199.37,442,536.3699999999999
2023-06-01,2023-06-02,Expedited,MA,Northeast,Wicked Choccy's,1,Wicked Choccy's → MA,603.69,233,324.09000000000003
2023-03-24,2023-03-29,Standard,PA,Northeast,Secret Factory,5,Secret Factory → PA,100.13,43,57.129999999999995
2023-06-17,2023-06-22,Standard,TX,South,Sugar Shack,5,Sugar Shack → TX,728.06,499,478.55999999999995
2023-02-11,2023-02-16,Standard,AZ,West,Lot's O' Nuts,5,Lot's O' Nuts → AZ,1035.95,373,476.45000000000005
2023-08-08,2023-08-14,Standard,IL,Midwest,Wicked Choccy's,6,Wicked Choccy's → IL,41.22,15,23.22
2023-03-10,2023-03-14,Standard,MI,Midwest,Wicked Choccy's,4,Wicked Choccy's → MI,28.63,11,15.43
2023-04-08,2023-04-14,Standard,MI,Midwest,Sugar Shack,6,Sugar Shack → MI,284.98,179,195.48000000000002
2023-10-22,2023-10-25,Standard,CT,Northeast,Lot's O' Nuts,3,Lot's O' Nuts → CT,1384.79,452,706.79
2023-08-01,2023-08-07,Standard,IL,Midwest,Secret Factory,6,Secret Factory → IL,789.01,323,466.01
2023-10-13,2023-10-16,Standard,TX,South,Secret Factory,3,Secret Factory → TX,341.17,140,201.17000000000002
2023-05-10,2023-05-16,Standard,NV,West,Lot's O' Nuts,6,Lot's O' Nuts → NV,441.98,145,224.48000000000002
2023-01-03,2023-01-06,Expedited,GA,South,Lot's O' Nuts,3,Lot's O' Nuts → GA,793.21,292,355.21000000000004
2023-06-18,2023-06-24,Standard,NJ,Northeast,Lot's O' Nuts,6,Lot's O' Nuts → NJ,1355.45,435,702.95
2023-09-22,2023-09-27,Standard,MI,Midwest,Lot's O' Nuts,5,Lot's O' Nuts → MI,37.58,13,18.08
2023-01-10,2023-01-16,Standard,CT,Northeast,The Other Factory,6,The Other Factory → CT,138.09,60,84.09
2023-04-10,2023-04-13,Expedited,FL,South,Lot's O' Nuts,3,Lot's O' Nuts → FL,283.82,91,147.32
2023-12-23,2023-12-26,Expedited,WI,Midwest,Wicked Choccy's,3,Wicked Choccy's → WI,712.55,267,392.15
2023-04-09,2023-04-14,Standard,MA,Northeast,Secret Factory,5,Secret Factory → MA,884.11,388,496.11
2023-12-25,2023-12-30,Standard,NJ,Northeast,Sugar Shack,5,Sugar Shack → NJ,631.56,392,435.55999999999995
2023-04-12,2023-04-13,Expedited,TX,South,The Other Factory,1,The Other Factory → TX,164.39,69,102.28999999999999
2023-03-23,2023-04-01,Standard,VA,South,Sugar Shack,9,Sugar Shack → VA,371.57,238,252.57
2023-10-10,2023-10-13,Standard,IN,Midwest,The Other Factory,3,The Other Factory → IN,498.08,237,284.78
2023-10-28,2023-11-02,Standard,IL,Midwest,Lot's O' Nuts,5,Lot's O' Nuts → IL,1361.41,420,731.4100000000001
2023-09-17,2023-09-22,Expedited,NY,Northeast,Lot's O' Nuts,5,Lot's O' Nuts → NY,1354.76,419,726.26
2023-06-08,2023-06-10,Expedited,WI,Midwest,Wicked Choccy's,2,Wicked Choccy's → WI,540.27,198,302.66999999999996
2023-06-18,2023-06-23,Expedited,VA,South,Sugar Shack,5,Sugar Shack → VA,614.57,387,421.07000000000005
2023-10-16,2023-10-19,Standard,MA,Northeast,Secret Factory,3,Secret Factory → MA,165.78,64,101.78
2023-08-18,2023-08-21,Expedited,IL,Midwest,The Other Factory,3,The Other Factory → IL,538.12,249,314.02
2023-03-15,2023-03-16,Expedited,GA,South,Secret Factory,1,Secret Factory → GA,148.43,54,94.43
2023-01-01,2023-01-04,Standard,VA,South,The Other Factory,3,The Other Factory → VA,966.78,418,590.5799999999999
2023-06-28,2023-06-30,Expedited,IL,Midwest,Wicked Choccy's,2,Wicked Choccy's → IL,531.35,204,286.55
2023-11-01,2023-11-06,Expedited,CA,West,Secret Factory,5,Secret Factory → CA,601.78,244,357.78
2023-02-06,2023-02-12,Standard,IL,Midwest,Wicked Choccy's,6,Wicked Choccy's → IL,374.12,153,190.52
2023-02-24,2023-03-02,Standard,WI,Midwest,Lot's O' Nuts,6,Lot's O' Nuts → WI,985.25,305,527.75
2023-11-01,2023-11-10,Standard,NY,Northeast,Wicked Choccy's,9,Wicked Choccy's → NY,1109.87,488,524.2699999999999
2023-04-23,2023-04-26,Expedited,CT,Northeast,Wicked Choccy's,3,Wicked Choccy's → CT,1228.27,461,675.0699999999999
2023-09-20,2023-09-25,Standard,CT,Northeast,Sugar Shack,5,Sugar Shack → CT,578.13,407,374.63
2023-10-22,2023-10-25,Standard,PA,Northeast,Secret Factory,3,Secret Factory → PA,765.69,340,425.69000000000005
2023-05-02,2023-05-07,Standard,VA,South,Secret Factory,5,Secret Factory → VA,979.22,410,569.22
2023-08-25,2023-09-02,Standard,GA,South,Sugar Shack,8,Sugar Shack → GA,329.28,216,221.27999999999997
2023-03-29,2023-04-03,Standard,IN,Midwest,Secret Factory,5,Secret Factory → IN,399.45,155,244.45
2023-06-02,2023-06-08,Standard,VA,South,Secret Factory,6,Secret Factory → VA,67.96,25,42.959999999999994
2023-05-13,2023-05-17,Standard,VA,South,Wicked Choccy's,4,Wicked Choccy's → VA,1229.25,481,652.05
2023-06-18,2023-06-22,Expedited,NV,West,The Other Factory,4,The Other Factory → NV,431.74,196,255.34
2023-06-10,2023-06-13,Standard,IN,Midwest,Secret Factory,3,Secret Factory → IN,505.16,203,302.16
2023-06-08,2023-06-12,Standard,TX,South,Wicked Choccy's,4,Wicked Choccy's → TX,107.17,39,60.370000000000005
2023-11-30,2023-12-01,Expedited,NJ,Northeast,Lot's O' Nuts,1,Lot's O' Nuts → NJ,1496.25,460,806.25
2023-11-23,2023-11-26,Standard,TX,South,Wicked Choccy's,3,Wicked Choccy's → TX,653.53,261,340.33
2023-04-22,2023-04-27,Standard,OH,Midwest,Secret Factory,5,Secret Factory → OH,347.55,154,193.55
2023-04-07,2023-04-10,Expedited,FL,South,Secret Factory,3,Secret Factory → FL,945.22,359,586.22
2023-04-06,2023-04-10,Expedited,WA,West,Wicked Choccy's,4,Wicked Choccy's → WA,401.47,171,196.27000000000004
2023-08-23,2023-08-26,Expedited,GA,South,Wicked Choccy's,3,Wicked Choccy's → GA,814.36,329,419.56
2023-05-15,2023-05-19,Standard,WA,West,The Other Factory,4,The Other Factory → WA,283.21,135,161.70999999999998
2023-09-07,2023-09-10,Expedited,NC,South,Lot's O' Nuts,3,Lot's O' Nuts → NC,1259.37,463,564.8699999999999
2023-05-05,2023-05-13,Standard,GA,South,Sugar Shack,8,Sugar Shack → GA,784.47,477,545.97
2023-01-19,2023-01-24,Standard,NY,Northeast,Lot's O' Nuts,5,Lot's O' Nuts → NY,735.76,224,399.76
2023-05-16,2023-05-20,Expedited,NC,South,Sugar Shack,4,Sugar Shack → NC,98.49,65,65.99
2023-05-08,2023-05-11,Standard,WA,West,The Other Factory,3,The Other Factory → WA,954.38,441,557.48
2023-01-16,2023-01-20,Expedited,NY,Northeast,Secret Factory,4,Secret Factory → NY,1298.39,474,824.3900000000001
2023-11-29,2023-12-04,Standard,OR,West,Wicked Choccy's,5,Wicked Choccy's → OR,566.44,224,297.64000000000004
2023-06-30,2023-07-05,Standard,OR,West,Wicked Choccy's,5,Wicked Choccy's → OR,1155.91,425,645.9100000000001
2023-10-25,2023-10-27,Expedited,WA,West,Sugar Shack,2,Sugar Shack → WA,537.89,371,352.39
2023-01-04,2023-01-07,Expedited,NJ,Northeast,Secret Factory,3,Secret Factory → NJ,1275.75,482,793.75
2023-04-29,2023-05-01,Expedited,NJ,Northeast,Wicked Choccy's,2,Wicked Choccy's → NJ,796.53,305,430.53
2023-02-01,2023-02-07,Standard,NY,Northeast,Sugar Shack,6,Sugar Shack → NY,325.21,214,218.20999999999998
2023-12-05,2023-12-09,Standard,CT,Northeast,Wicked Choccy's,4,Wicked Choccy's → CT,196.17,86,92.96999999999998
2023-08-16,2023-08-24,Standard,TX,South,Sugar Shack,8,Sugar Shack → TX,356.43,231,240.93
2023-08-25,2023-08-29,Standard,OR,West,Lot's O' Nuts,4,Lot's O' Nuts → OR,79.27,29,35.769999999999996
2023-10-27,2023-11-02,Standard,GA,South,Wicked Choccy's,6,Wicked Choccy's → GA,594.05,233,314.44999999999993
2023-03-25,2023-03-27,Expedited,PA,Northeast,Lot's O' Nuts,2,Lot's O' Nuts → PA,1026.18,361,484.68000000000006
2023-12-18,2023-12-24,Standard,AZ,West,Wicked Choccy's,6,Wicked Choccy's → AZ,1055.5,410,563.5
2023-03-17,2023-03-23,Standard,OR,West,Lot's O' Nuts,6,Lot's O' Nuts → OR,148.18,53,68.68
2023-08-02,2023-08-06,Standard,AZ,West,Lot's O' Nuts,4,Lot's O' Nuts → AZ,769.61,271,363.11
2023-08-26,2023-08-29,Standard,FL,South,Secret Factory,3,Secret Factory → FL,409.21,171,238.20999999999998
2023-10-14,2023-10-20,Standard,CT,Northeast,Sugar Shack,6,Sugar Shack → CT,579.58,414,372.58000000000004
2023-10-08,2023-10-12,Standard,NV,West,Wicked Choccy's,4,Wicked Choccy's → NV,939.16,364,502.35999999999996
2023-12-22,2023-12-25,Standard,WA,West,Lot's O' Nuts,3,Lot's O' Nuts → WA,1353.98,471,647.48
2023-08-01,2023-08-05,Standard,VA,South,Secret Factory,4,Secret Factory → VA,1046.61,389,657.6099999999999
2023-09-09,2023-09-12,Standard,AZ,West,Secret Factory,3,Secret Factory → AZ,839.98,341,498.98
2023-05-16,2023-05-19,Expedited,MI,Midwest,Secret Factory,3,Secret Factory → MI,243.09,100,143.09
2023-04-22,2023-04-27,Standard,MA,Northeast,Secret Factory,5,Secret Factory → MA,42.0,17,25.0
2023-12-23,2023-12-29,Standard,NC,South,The Other Factory,6,The Other Factory → NC,566.37,244,346.77
2023-01-28,2023-02-01,Expedited,WA,West,Secret Factory,4,Secret Factory → WA,1349.9,498,851.9000000000001
2023-10-07,2023-10-11,Standard,IN,Midwest,Sugar Shack,4,Sugar Shack → IN,432.21,272,296.21
2023-03-17,2023-03-23,Standard,NV,West,Secret Factory,6,Secret Factory → NV,51.77,23,28.770000000000003
2023-04-11,2023-04-12,Expedited,AZ,West,Secret Factory,1,Secret Factory → AZ,442.29,181,261.29
2023-07-23,2023-07-29,Standard,WA,West,The Other Factory,6,The Other Factory → WA,429.24,203,246.54000000000002
2023-08-30,2023-09-03,Standard,TX,South,The Other Factory,4,The Other Factory → TX,954.05,469,531.9499999999999
2023-03-31,2023-04-04,Standard,WI,Midwest,Sugar Shack,4,Sugar Shack → WI,311.89,201,211.39
2023-05-19,2023-05-25,Standard,NY,Northeast,Lot's O' Nuts,6,Lot's O' Nuts → NY,797.28,294,356.28
2023-08-14,2023-08-20,Standard,NV,West,Lot's O' Nuts,6,Lot's O' Nuts → NV,831.62,258,444.62
2023-02-22,2023-02-25,Standard,IL,Midwest,Sugar Shack,3,Sugar Shack → IL,621.19,380,431.19000000000005
2023-08-30,2023-09-05,Standard,OR,West,Sugar Shack,6,Sugar Shack → OR,441.87,290,296.87
2023-08-15,2023-08-20,Standard,NJ,Northeast,The Other Factory,5,The Other Factory → NJ,445.67,221,246.77
2023-01-28,2023-02-01,Standard,CA,West,Sugar Shack,4,Sugar Shack → CA,530.69,356,352.69000000000005
2023-02-24,2023-02-25,Expedited,TX,South,Secret Factory,1,Secret Factory → TX,454.81,200,254.81
2023-06-28,2023-07-02,Standard,PA,Northeast,Sugar Shack,4,Sugar Shack → PA,575.28,370,390.28
2023-03-31,2023-04-06,Expedited,CA,West,Lot's O' Nuts,6,Lot's O' Nuts → CA,635.57,196,341.57000000000005
2023-11-05,2023-11-10,Standard,NC,South,Secret Factory,5,Secret Factory → NC,797.02,337,460.02
2023-11-03,2023-11-07,Expedited,VA,South,Secret Factory,4,Secret Factory → VA,945.01,393,552.01
2023-03-27,2023-04-01,Standard,IN,Midwest,Sugar Shack,5,Sugar Shack → IN,543.68,352,367.67999999999995
2023-01-29,2023-02-03,Standard,NV,West,Sugar Shack,5,Sugar Shack → NV,638.78,408,434.78
2023-08-14,2023-08-18,Standard,OR,West,Sugar Shack,4,Sugar Shack → OR,196.36,132,130.36
2023-11-10,2023-11-14,Expedited,NJ,Northeast,Wicked Choccy's,4,Wicked Choccy's → NJ,986.78,389,519.98
2023-12-18,2023-12-24,Standard,NJ,Northeast,The Other Factory,6,The Other Factory → NJ,958.2,402,596.4000000000001
2023-09-29,2023-10-07,Expedited,NC,South,Sugar Shack,8,Sugar Shack → NC,488.91,316,330.91
2023-07-05,2023-07-06,Expedited,VA,South,The Other Factory,1,The Other Factory → VA,315.01,150,180.01
2023-11-10,2023-11-13,Expedited,WA,West,Lot's O' Nuts,3,Lot's O' Nuts → WA,785.1,267,384.6
2023-05-26,2023-05-31,Standard,NC,South,Lot's O' Nuts,5,Lot's O' Nuts → NC,69.9,23,35.400000000000006
2023-10-23,2023-10-28,Standard,PA,Northeast,The Other Factory,5,The Other Factory → PA,836.94,401,476.0400000000001
2023-03-16,2023-03-18,Expedited,CA,West,Secret Factory,2,Secret Factory → CA,1237.87,476,761.8699999999999
2023-07-10,2023-07-15,Standard,NC,South,Lot's O' Nuts,5,Lot's O' Nuts → NC,892.53,315,420.03
2023-03-26,2023-03-30,Expedited,MI,Midwest,Lot's O' Nuts,4,Lot's O' Nuts → MI,210.0,70,105.0
2023-04-18,2023-04-21,Standard,PA,Northeast,Lot's O' Nuts,3,Lot's O' Nuts → PA,1448.43,459,759.9300000000001
2023-03-21,2023-03-27,Standard,MA,Northeast,Wicked Choccy's,6,Wicked Choccy's → MA,947.96,349,529.1600000000001
2023-01-05,2023-01-14,Standard,GA,South,Sugar Shack,9,Sugar Shack → GA,763.59,481,523.09
2023-02-22,2023-02-25,Expedited,IL,Midwest,The Other Factory,3,The Other Factory → IL,601.89,250,376.89
2023-05-11,2023-05-14,Standard,NC,South,The Other Factory,3,The Other Factory → NC,329.09,160,185.08999999999997
2023-05-07,2023-05-10,Expedited,NV,West,Secret Factory,3,Secret Factory → NV,892.91,359,533.91
2023-04-03,2023-04-07,Standard,NC,South,Lot's O' Nuts,4,Lot's O' Nuts → NC,768.92,265,371.41999999999996
2023-01-25,2023-02-03,Standard,FL,South,Sugar Shack,9,Sugar Shack → FL,383.01,238,264.01
2023-08-08,2023-08-12,Expedited,CT,Northeast,The Other Factory,4,The Other Factory → CT,1073.86,491,631.9599999999999
2023-05-31,2023-06-10,Standard,VA,South,Sugar Shack,10,Sugar Shack → VA,63.93,45,41.43
2023-01-03,2023-01-05,Expedited,WI,Midwest,Lot's O' Nuts,2,Lot's O' Nuts → WI,731.9,222,398.9
2023-01-02,2023-01-07,Standard,PA,Northeast,Sugar Shack,5,Sugar Shack → PA,574.91,349,400.40999999999997
2023-12-24,2023-12-28,Standard,MI,Midwest,The Other Factory,4,The Other Factory → MI,615.19,274,368.59000000000003
2023-02-26,2023-03-03,Standard,VA,South,Wicked Choccy's,5,Wicked Choccy's → VA,650.77,255,344.77
2023-08-05,2023-08-09,Expedited,NY,Northeast,Sugar Shack,4,Sugar Shack → NY,332.07,219,222.57
2023-07-25,2023-07-26,Expedited,OH,Midwest,Wicked Choccy's,1,Wicked Choccy's → OH,1306.6,492,716.1999999999999
2023-01-15,2023-01-18,Standard,VA,South,Secret Factory,3,Secret Factory → VA,1090.84,453,637.8399999999999
2023-04-29,2023-05-07,Standard,NY,Northeast,Lot's O' Nuts,8,Lot's O' Nuts → NY,1090.18,335,587.6800000000001
2023-05-04,2023-05-06,Expedited,WA,West,Wicked Choccy's,2,Wicked Choccy's → WA,1138.92,423,631.32
2023-11-30,2023-12-04,Standard,AZ,West,Secret Factory,4,Secret Factory → AZ,371.86,155,216.86
2023-06-30,2023-07-01,Expedited,IL,Midwest,Secret Factory,1,Secret Factory → IL,194.77,76,118.77000000000001
2023-04-18,2023-04-22,Standard,NV,West,The Other Factory,4,The Other Factory → NV,701.45,295,435.95000000000005
2023-10-04,2023-10-09,Standard,NJ,Northeast,Lot's O' Nuts,5,Lot's O' Nuts → NJ,574.75,187,294.25
2023-09-19,2023-09-25,Standard,NJ,Northeast,Sugar Shack,6,Sugar Shack → NJ,275.02,176,187.01999999999998
2023-06-01,2023-06-05,Standard,WA,West,Lot's O' Nuts,4,Lot's O' Nuts → WA,509.42,183,234.92000000000002
2023-03-29,2023-04-03,Standard,NJ,Northeast,The Other Factory,5,The Other Factory → NJ,1048.37,437,655.0699999999999
2023-05-20,2023-05-24,Standard,FL,South,Secret Factory,4,Secret Factory → FL,972.01,364,608.01
2023-05-27,2023-05-31,Standard,OR,West,Secret Factory,4,Secret Factory → OR,129.25,50,79.25
2023-12-12,2023-12-16,Expedited,NY,Northeast,Wicked Choccy's,4,Wicked Choccy's → NY,910.9,391,441.7
2023-01-09,2023-01-14,Standard,NJ,Northeast,Wicked Choccy's,5,Wicked Choccy's → NJ,195.64,74,106.83999999999999
2023-09-04,2023-09-09,Standard,PA,Northeast,The Other Factory,5,The Other Factory → PA,229.67,105,135.17
2023-09-28,2023-10-01,Expedited,NY,Northeast,Secret Factory,3,Secret Factory → NY,736.19,268,468.19000000000005
2023-09-05,2023-09-08,Standard,MI,Midwest,Secret Factory,3,Secret Factory → MI,1308.22,499,809.22
2023-07-28,2023-08-02,Standard,OH,Midwest,Wicked Choccy's,5,Wicked Choccy's → OH,1143.83,426,632.6299999999999
2023-11-22,2023-11-28,Standard,PA,Northeast,Sugar Shack,6,Sugar Shack → PA,137.97,98,88.97
2023-11-29,2023-12-02,Standard,NJ,Northeast,Wicked Choccy's,3,Wicked Choccy's → NJ,90.34,38,44.74
2023-04-20,2023-04-26,Standard,VA,South,Sugar Shack,6,Sugar Shack → VA,605.89,407,402.39
2023-11-22,2023-11-28,Standard,WI,Midwest,Wicked Choccy's,6,Wicked Choccy's → WI,1304.2,482,725.8000000000001
2023-06-09,2023-06-11,Expedited,TX,South,Wicked Choccy's,2,Wicked Choccy's → TX,433.38,179,218.57999999999998
2023-05-29,2023-06-02,Expedited,WI,Midwest,Secret Factory,4,Secret Factory → WI,776.11,342,434.11
2023-02-23,2023-02-24,Expedited,NJ,Northeast,Lot's O' Nuts,1,Lot's O' Nuts → NJ,615.61,194,324.61
2023-08-04,2023-08-10,Standard,NJ,Northeast,Sugar Shack,6,Sugar Shack → NJ,697.85,440,477.85
2023-06-25,2023-06-28,Expedited,OR,West,Secret Factory,3,Secret Factory → OR,705.87,273,432.87
2023-05-16,2023-05-20,Standard,PA,Northeast,Secret Factory,4,Secret Factory → PA,879.77,329,550.77
2023-12-20,2023-12-25,Standard,VA,South,Wicked Choccy's,5,Wicked Choccy's → VA,702.58,283,362.98
2023-12-20,2023-12-28,Standard,CA,West,Secret Factory,8,Secret Factory → CA,341.71,132,209.70999999999998
2023-05-15,2023-05-23,Standard,FL,South,Sugar Shack,8,Sugar Shack → FL,299.94,221,189.44
2023-10-12,2023-10-16,Standard,FL,South,The Other Factory,4,The Other Factory → FL,1131.98,493,688.28
2023-04-26,2023-05-03,Standard,CA,West,Wicked Choccy's,7,Wicked Choccy's → CA,1191.21,453,647.61
2023-03-15,2023-03-18,Standard,OH,Midwest,The Other Factory,3,The Other Factory → OH,412.74,174,256.14
2023-10-08,2023-10-11,Standard,AZ,West,Lot's O' Nuts,3,Lot's O' Nuts → AZ,628.66,197,333.15999999999997
2023-04-16,2023-04-22,Standard,FL,South,Secret Factory,6,Secret Factory → FL,46.29,20,26.29
2023-12-02,2023-12-08,Standard,PA,Northeast,Secret Factory,6,Secret Factory → PA,126.45,46,80.45
2023-07-15,2023-07-20,Standard,CT,Northeast,Sugar Shack,5,Sugar Shack → CT,311.26,190,216.26
2023-06-24,2023-06-29,Standard,VA,South,The Other Factory,5,The Other Factory → VA,54.56,23,33.86
2023-06-15,2023-06-18,Standard,PA,Northeast,Wicked Choccy's,3,Wicked Choccy's → PA,544.54,236,261.34
2023-09-21,2023-09-29,Standard,TX,South,Sugar Shack,8,Sugar Shack → TX,524.13,363,342.63
2023-12-06,2023-12-08,Expedited,IL,Midwest,Sugar Shack,2,Sugar Shack → IL,640.58,406,437.58000000000004
2023-07-21,2023-07-26,Standard,CA,West,Sugar Shack,5,Sugar Shack → CA,260.75,163,179.25
2023-07-11,2023-07-14,Standard,GA,South,Secret Factory,3,Secret Factory → GA,990.3,421,569.3
2023-12-07,2023-12-10,Expedited,NJ,Northeast,Wicked Choccy's,3,Wicked Choccy's → NJ,580.76,247,284.36
2023-09-20,2023-09-22,Expedited,MI,Midwest,The Other Factory,2,The Other Factory → MI,991.59,431,603.69
2023-12-16,2023-12-19,Expedited,IL,Midwest,Wicked Choccy's,3,Wicked Choccy's → IL,1260.25,459,709.45
2023-01-05,2023-01-08,Standard,IN,Midwest,Wicked Choccy's,3,Wicked Choccy's → IN,722.08,304,357.28000000000003
2023-04-01,2023-04-03,Expedited,OR,West,Lot's O' Nuts,2,Lot's O' Nuts → OR,570.5,191,284.0
2023-06-12,2023-06-21,Standard,CA,West,The Other Factory,9,The Other Factory → CA,112.2,55,62.7
2023-12-02,2023-12-05,Standard,MI,Midwest,Wicked Choccy's,3,Wicked Choccy's → MI,136.45,54,71.64999999999999
2023-11-01,2023-11-03,Expedited,WA,West,Lot's O' Nuts,2,Lot's O' Nuts → WA,458.01,144,242.01
2023-12-30,2024-01-07,Standard,NY,Northeast,Sugar Shack,8,Sugar Shack → NY,693.64,466,460.64
2023-10-07,2023-10-12,Standard,WA,West,Secret Factory,5,Secret Factory → WA,992.8,429,563.8
2023-03-01,2023-03-05,Standard,WA,West,Wicked Choccy's,4,Wicked Choccy's → WA,611.91,267,291.51
2023-04-25,2023-04-30,Standard,OR,West,Lot's O' Nuts,5,Lot's O' Nuts → OR,805.3,296,361.29999999999995
2023-11-13,2023-11-16,Standard,AZ,West,The Other Factory,3,The Other Factory → AZ,657.02,306,381.62
2023-07-31,2023-08-05,Standard,FL,South,Sugar Shack,5,Sugar Shack → FL,379.77,272,243.76999999999998
2023-12-10,2023-12-14,Standard,MI,Midwest,Wicked Choccy's,4,Wicked Choccy's → MI,143.33,58,73.73000000000002
2023-03-19,2023-03-24,Standard,NJ,Northeast,Wicked Choccy's,5,Wicked Choccy's → NJ,1258.58,483,678.9799999999999
2023-12-23,2023-12-28,Standard,NY,Northeast,Lot's O' Nuts,5,Lot's O' Nuts → NY,902.72,326,413.72
2023-09-17,2023-09-20,Standard,TX,South,Secret Factory,3,Secret Factory → TX,158.76,67,91.75999999999999
2023-04-16,2023-04-21,Standard,WA,West,Wicked Choccy's,5,Wicked Choccy's → WA,761.82,313,386.22
2023-01-15,2023-01-19,Expedited,OR,West,Secret Factory,4,Secret Factory → OR,987.95,404,583.95
2023-01-30,2023-02-01,Expedited,MA,Northeast,Secret Factory,2,Secret Factory → MA,502.52,193,309.52
2023-12-01,2023-12-07,Standard,OH,Midwest,Secret Factory,6,Secret Factory → OH,1041.41,397,644.4100000000001
2023-03-02,2023-03-05,Standard,WA,West,Secret Factory,3,Secret Factory → WA,146.84,57,89.84
2023-12-10,2023-12-11,Expedited,NC,South,Lot's O' Nuts,1,Lot's O' Nuts → NC,1400.76,498,653.76
2023-10-21,2023-10-27,Standard,PA,Northeast,The Other Factory,6,The Other Factory → PA,993.32,455,583.82
2023-01-07,2023-01-16,Expedited,NC,South,Sugar Shack,9,Sugar Shack → NC,552.83,361,372.33000000000004
2023-03-12,2023-03-18,Standard,IN,Midwest,Wicked Choccy's,6,Wicked Choccy's → IN,170.37,65,92.37
2023-06-12,2023-06-18,Standard,CA,West,The Other Factory,6,The Other Factory → CA,690.47,345,379.97
2023-08-04,2023-08-08,Standard,OH,Midwest,Wicked Choccy's,4,Wicked Choccy's → OH,1001.27,442,470.87
2023-07-27,2023-07-31,Standard,MA,Northeast,Sugar Shack,4,Sugar Shack → MA,530.54,329,366.03999999999996
2023-03-29,2023-04-01,Standard,MA,Northeast,Wicked Choccy's,3,Wicked Choccy's → MA,1117.11,440,589.1099999999999
2023-04-06,2023-04-08,Expedited,VA,South,Wicked Choccy's,2,Wicked Choccy's → VA,879.73,361,446.53000000000003
2023-06-22,2023-06-26,Expedited,GA,South,Sugar Shack,4,Sugar Shack → GA,516.92,327,353.41999999999996
2023-10-22,2023-10-24,Expedited,WA,West,Secret Factory,2,Secret Factory → WA,1071.2,408,663.2
2023-08-08,2023-08-10,Expedited,WI,Midwest,Secret Factory,2,Secret Factory → WI,570.07,212,358.07000000000005
2023-11-22,2023-11-25,Standard,OH,Midwest,Wicked Choccy's,3,Wicked Choccy's → OH,368.83,142,198.42999999999998
2023-07-30,2023-08-05,Standard,MA,Northeast,Sugar Shack,6,Sugar Shack → MA,364.4,225,251.89999999999998
2023-05-21,2023-05-24,Expedited,NJ,Northeast,The Other Factory,3,The Other Factory → NJ,129.17,60,75.16999999999999
2023-09-09,2023-09-12,Standard,IL,Midwest,Lot's O' Nuts,3,Lot's O' Nuts → IL,707.54,244,341.53999999999996
2023-03-28,2023-03-31,Standard,NJ,Northeast,The Other Factory,3,The Other Factory → NJ,305.69,143,176.99
2023-06-04,2023-06-10,Expedited,CA,West,Lot's O' Nuts,6,Lot's O' Nuts → CA,1151.28,419,522.78
2023-08-13,2023-08-17,Expedited,OR,West,Wicked Choccy's,4,Wicked Choccy's → OR,1064.45,466,505.25
2023-08-01,2023-08-08,Standard,NY,Northeast,The Other Factory,7,The Other Factory → NY,930.25,450,525.25
2023-07-12,2023-07-18,Standard,AZ,West,Lot's O' Nuts,6,Lot's O' Nuts → AZ,1237.56,393,648.06
2023-06-20,2023-06-29,Standard,GA,South,Sugar Shack,9,Sugar Shack → GA,155.67,99,106.16999999999999
2023-09-14,2023-09-16,Expedited,CT,Northeast,Wicked Choccy's,2,Wicked Choccy's → CT,656.15,265,338.15
2023-05-17,2023-05-20,Expedited,MI,Midwest,Lot's O' Nuts,3,Lot's O' Nuts → MI,1036.16,333,536.6600000000001
2023-05-24,2023-05-27,Expedited,NC,South,Sugar Shack,3,Sugar Shack → NC,210.91,128,146.91
2023-02-14,2023-02-18,Standard,PA,Northeast,Lot's O' Nuts,4,Lot's O' Nuts → PA,1413.33,499,664.8299999999999
2023-09-25,2023-09-28,Standard,MA,Northeast,Secret Factory,3,Secret Factory → MA,918.77,343,575.77
2023-08-16,2023-08-21,Standard,CT,Northeast,Wicked Choccy's,5,Wicked Choccy's → CT,914.5,346,499.3
2023-01-29,2023-02-02,Standard,NC,South,The Other Factory,4,The Other Factory → NC,283.0,142,155.2
2023-11-06,2023-11-11,Standard,NV,West,The Other Factory,5,The Other Factory → NV,57.7,26,34.300000000000004
2023-02-05,2023-02-06,Expedited,MA,Northeast,Wicked Choccy's,1,Wicked Choccy's → MA,317.54,133,157.94000000000003
2023-09-28,2023-10-07,Expedited,FL,South,Sugar Shack,9,Sugar Shack → FL,36.58,27,23.08
2023-08-04,2023-08-09,Standard,CT,Northeast,Wicked Choccy's,5,Wicked Choccy's → CT,1193.05,458,643.4499999999999
2023-06-06,2023-06-12,Standard,GA,South,Wicked Choccy's,6,Wicked Choccy's → GA,581.21,229,306.41
2023-05-31,2023-06-03,Expedited,NV,West,Wicked Choccy's,3,Wicked Choccy's → NV,1090.66,442,560.2600000000001
2023-09-01,2023-09-04,Standard,WI,Midwest,Sugar Shack,3,Sugar Shack → WI,98.79,67,65.29
2023-02-04,2023-02-09,Standard,MI,Midwest,Secret Factory,5,Secret Factory → MI,960.98,366,594.98
2023-10-27,2023-11-02,Standard,MI,Midwest,Wicked Choccy's,6,Wicked Choccy's → MI,881.3,374,432.49999999999994
2023-04-27,2023-05-01,Expedited,MA,Northeast,Wicked Choccy's,4,Wicked Choccy's → MA,865.42,377,413.02
2023-12-16,2023-12-23,Standard,CA,West,Lot's O' Nuts,7,Lot's O' Nuts → CA,230.13,74,119.13
2023-11-15,2023-11-21,Standard,NC,South,Sugar Shack,6,Sugar Shack → NC,48.21,30,33.21
2023-10-17,2023-10-25,Standard,TX,South,Sugar Shack,8,Sugar Shack → TX,515.36,330,350.36
2023-11-23,2023-11-25,Expedited,GA,South,Wicked Choccy's,2,Wicked Choccy's → GA,794.19,337,389.7900000000001
2023-03-28,2023-04-01,Expedited,MA,Northeast,The Other Factory,4,The Other Factory → MA,732.4,303,459.7
2023-03-05,2023-03-10,Standard,WA,West,Wicked Choccy's,5,Wicked Choccy's → WA,484.55,203,240.95000000000002
2023-08-22,2023-08-27,Standard,CA,West,Secret Factory,5,Secret Factory → CA,1097.89,437,660.8900000000001
2023-08-28,2023-08-29,Expedited,TX,South,Lot's O' Nuts,1,Lot's O' Nuts → TX,812.39,259,423.89
2023-03-03,2023-03-12,Standard,NY,Northeast,Lot's O' Nuts,9,Lot's O' Nuts → NY,410.07,140,200.07
2023-11-29,2023-12-01,Expedited,AZ,West,Lot's O' Nuts,2,Lot's O' Nuts → AZ,126.2,40,66.2
2023-08-23,2023-08-31,Expedited,FL,South,Sugar Shack,8,Sugar Shack → FL,193.27,118,134.27
2023-12-10,2023-12-16,Standard,FL,South,The Other Factory,6,The Other Factory → FL,353.97,159,210.87000000000003
2023-09-11,2023-09-16,Standard,CA,West,Secret Factory,5,Secret Factory → CA,436.29,184,252.29000000000002
2023-06-21,2023-06-22,Expedited,IL,Midwest,Lot's O' Nuts,1,Lot's O' Nuts → IL,954.87,291,518.37
2023-03-26,2023-03-27,Expedited,CT,Northeast,Secret Factory,1,Secret Factory → CT,795.27,324,471.27
2023-07-27,2023-08-01,Standard,WA,West,Secret Factory,5,Secret Factory → WA,1242.1,476,766.0999999999999
2023-04-15,2023-04-20,Standard,WI,Midwest,The Other Factory,5,The Other Factory → WI,491.91,245,271.41
2023-06-07,2023-06-08,Expedited,IL,Midwest,Secret Factory,1,Secret Factory → IL,979.51,434,545.51
2023-12-16,2023-12-17,Expedited,AZ,West,Secret Factory,1,Secret Factory → AZ,541.05,238,303.04999999999995
2023-05-06,2023-05-12,Standard,AZ,West,Secret Factory,6,Secret Factory → AZ,1251.26,480,771.26
2023-08-11,2023-08-14,Standard,OH,Midwest,The Other Factory,3,The Other Factory → OH,726.04,302,454.23999999999995
2023-09-21,2023-09-25,Standard,VA,South,Wicked Choccy's,4,Wicked Choccy's → VA,919.56,354,494.75999999999993
2023-08-11,2023-08-17,Standard,VA,South,Secret Factory,6,Secret Factory → VA,1264.92,488,776.9200000000001
2023-11-12,2023-11-15,Expedited,TX,South,Secret Factory,3,Secret Factory → TX,949.34,354,595.34
2023-06-24,2023-06-30,Standard,NC,South,Secret Factory,6,Secret Factory → NC,515.21,212,303.21000000000004
2023-05-22,2023-05-27,Standard,WI,Midwest,Lot's O' Nuts,5,Lot's O' Nuts → WI,791.28,265,393.78
2023-06-29,2023-07-03,Standard,WA,West,Lot's O' Nuts,4,Lot's O' Nuts → WA,1104.64,396,510.6400000000001
2023-04-06,2023-04-10,Standard,IN,Midwest,Secret Factory,4,Secret Factory → IN,91.98,39,52.980000000000004
2023-07-19,2023-07-27,Expedited,FL,South,Sugar Shack,8,Sugar Shack → FL,176.38,124,114.38
2023-11-10,2023-11-11,Expedited,MA,Northeast,Lot's O' Nuts,1,Lot's O' Nuts → MA,1127.53,385,550.03
2023-06-21,2023-06-25,Standard,CT,Northeast,Lot's O' Nuts,4,Lot's O' Nuts → CT,443.87,149,220.37
2023-09-03,2023-09-07,Standard,WA,West,Sugar Shack,4,Sugar Shack → WA,403.97,256,275.97
2023-10-22,2023-10-27,Expedited,CA,West,The Other Factory,5,The Other Factory → CA,491.83,214,299.23
2023-07-28,2023-08-03,Standard,OH,Midwest,The Other Factory,6,The Other Factory → OH,265.67,128,150.47000000000003
2023-05-13,2023-05-17,Expedited,WI,Midwest,Wicked Choccy's,4,Wicked Choccy's → WI,239.94,91,130.74
2023-09-24,2023-09-26,Expedited,PA,Northeast,Wicked Choccy's,2,Wicked Choccy's → PA,682.99,264,366.19
2023-04-06,2023-04-10,Standard,IL,Midwest,Sugar Shack,4,Sugar Shack → IL,562.28,377,373.78
2023-12-24,2023-12-29,Standard,AZ,West,Lot's O' Nuts,5,Lot's O' Nuts → AZ,253.63,82,130.63
2023-05-09,2023-05-13,Standard,IN,Midwest,Lot's O' Nuts,4,Lot's O' Nuts → IN,303.87,107,143.37
2023-04-11,2023-04-17,Standard,WI,Midwest,Lot's O' Nuts,6,Lot's O' Nuts → WI,1055.32,334,554.3199999999999
2023-02-12,2023-02-13,Expedited,NC,South,Wicked Choccy's,1,Wicked Choccy's → NC,364.91,147,188.51000000000002
2023-08-14,2023-08-20,Standard,TX,South,Lot's O' Nuts,6,Lot's O' Nuts → TX,934.76,302,481.76
2023-10-04,2023-10-09,Standard,MA,Northeast,Lot's O' Nuts,5,Lot's O' Nuts → MA,481.21,167,230.70999999999998
2023-12-20,2023-12-24,Standard,OR,West,Wicked Choccy's,4,Wicked Choccy's → OR,632.41,247,336.01
2023-03-22,2023-03-26,Standard,TX,South,Secret Factory,4,Secret Factory → TX,883.77,332,551.77
2023-04-12,2023-04-16,Standard,CT,Northeast,The Other Factory,4,The Other Factory → CT,331.11,144,201.51000000000002
2023-03-09,2023-03-15,Standard,WI,Midwest,The Other Factory,6,The Other Factory → WI,771.28,324,479.67999999999995
2023-08-28,2023-09-02,Standard,OH,Midwest,The Other Factory,5,The Other Factory → OH,43.78,21,24.880000000000003
2023-02-18,2023-02-22,Expedited,VA,South,The Other Factory,4,The Other Factory → VA,433.58,186,266.17999999999995
2023-02-11,2023-02-17,Standard,MI,Midwest,Lot's O' Nuts,6,Lot's O' Nuts → MI,748.47,232,400.47
2023-11-29,2023-12-07,Standard,NY,Northeast,The Other Factory,8,The Other Factory → NY,355.99,162,210.19
2023-08-30,2023-09-05,Standard,VA,South,Lot's O' Nuts,6,Lot's O' Nuts → VA,378.81,136,174.81
2023-10-26,2023-11-02,Standard,CA,West,Sugar Shack,7,Sugar Shack → CA,234.19,168,150.19
2023-08-29,2023-09-03,Standard,OH,Midwest,Secret Factory,5,Secret Factory → OH,786.28,299,487.28
2023-05-04,2023-05-10,Standard,FL,South,Secret Factory,6,Secret Factory → FL,321.08,126,195.07999999999998
2023-05-12,2023-05-16,Standard,VA,South,The Other Factory,4,The Other Factory → VA,654.93,294,390.3299999999999
2023-06-14,2023-06-19,Standard,MA,Northeast,Sugar Shack,5,Sugar Shack → MA,152.33,111,96.83000000000001
2023-01-30,2023-02-03,Standard,PA,Northeast,The Other Factory,4,The Other Factory → PA,913.72,388,564.52
2023-01-09,2023-01-15,Standard,PA,Northeast,Wicked Choccy's,6,Wicked Choccy's → PA,318.75,123,171.15
2023-03-27,2023-03-31,Standard,NJ,Northeast,Sugar Shack,4,Sugar Shack → NJ,158.51,97,110.00999999999999
2023-04-15,2023-04-18,Standard,MA,Northeast,Sugar Shack,3,Sugar Shack → MA,353.46,228,239.45999999999998
2023-01-03,2023-01-12,Standard,CA,West,Lot's O' Nuts,9,Lot's O' Nuts → CA,663.98,212,345.98
2023-01-12,2023-01-17,Standard,OH,Midwest,Secret Factory,5,Secret Factory → OH,1269.19,483,786.19
2023-10-13,2023-10-18,Standard,IN,Midwest,The Other Factory,5,The Other Factory → IN,794.59,332,495.79
2023-02-16,2023-02-19,Expedited,NY,Northeast,Secret Factory,3,Secret Factory → NY,604.47,263,341.47
2023-08-01,2023-08-10,Standard,VA,South,Sugar Shack,9,Sugar Shack → VA,589.92,394,392.91999999999996
2023-05-07,2023-05-10,Expedited,NJ,Northeast,Sugar Shack,3,Sugar Shack → NJ,227.39,140,157.39
2023-04-20,2023-04-23,Expedited,CT,Northeast,Wicked Choccy's,3,Wicked Choccy's → CT,190.04,76,98.83999999999999
2023-10-21,2023-10-24,Standard,NC,South,Lot's O' Nuts,3,Lot's O' Nuts → NC,824.75,293,385.25
2023-10-05,2023-10-09,Standard,NJ,Northeast,Sugar Shack,4,Sugar Shack → NJ,339.39,237,220.89
2023-05-16,2023-05-19,Expedited,AZ,West,Sugar Shack,3,Sugar Shack → AZ,461.06,326,298.06
2023-01-21,2023-01-25,Standard,MI,Midwest,Secret Factory,4,Secret Factory → MI,82.69,33,49.69
2023-10-20,2023-10-24,Standard,MA,Northeast,The Other Factory,4,The Other Factory → MA,346.46,145,215.95999999999998
2023-06-02,2023-06-07,Standard,GA,South,Wicked Choccy's,5,Wicked Choccy's → GA,274.84,100,154.83999999999997
2023-04-06,2023-04-10,Standard,NC,South,Lot's O' Nuts,4,Lot's O' Nuts → NC,796.26,268,394.26
2023-01-03,2023-01-08,Standard,WA,West,The Other Factory,5,The Other Factory → WA,504.81,224,303.21000000000004
2023-07-15,2023-07-18,Standard,OR,West,Secret Factory,3,Secret Factory → OR,293.64,118,175.64
2023-05-13,2023-05-16,Standard,NC,South,Secret Factory,3,Secret Factory → NC,906.81,346,560.81
2023-02-11,2023-02-16,Standard,WA,West,Secret Factory,5,Secret Factory → WA,87.76,32,55.760000000000005
2023-05-02,2023-05-06,Expedited,MA,Northeast,The Other Factory,4,The Other Factory → MA,821.04,373,485.34
2023-12-26,2023-12-30,Expedited,CA,West,Lot's O' Nuts,4,Lot's O' Nuts → CA,512.16,170,257.15999999999997
2023-04-24,2023-04-30,Standard,MI,Midwest,Wicked Choccy's,6,Wicked Choccy's → MI,977.84,375,527.84
2023-07-25,2023-07-30,Standard,WA,West,Lot's O' Nuts,5,Lot's O' Nuts → WA,1061.18,393,471.68000000000006
2023-01-14,2023-01-17,Standard,NC,South,Wicked Choccy's,3,Wicked Choccy's → NC,175.73,64,98.92999999999999
2023-01-16,2023-01-20,Expedited,MI,Midwest,Lot's O' Nuts,4,Lot's O' Nuts → MI,190.12,58,103.12
2023-02-17,2023-02-18,Expedited,NV,West,Sugar Shack,1,Sugar Shack → NV,454.59,316,296.59
2023-10-18,2023-10-21,Expedited,WA,West,The Other Factory,3,The Other Factory → WA,66.25,28,41.05
2023-06-22,2023-06-28,Standard,AZ,West,Lot's O' Nuts,6,Lot's O' Nuts → AZ,835.51,282,412.51
2023-09-14,2023-09-20,Standard,NY,Northeast,Secret Factory,6,Secret Factory → NY,877.12,322,555.12
2023-11-02,2023-11-05,Expedited,WI,Midwest,Wicked Choccy's,3,Wicked Choccy's → WI,44.91,18,23.309999999999995
2023-12-26,2024-01-01,Standard,NY,Northeast,Lot's O' Nuts,6,Lot's O' Nuts → NY,1186.11,426,547.1099999999999
2023-04-10,2023-04-15,Expedited,FL,South,Sugar Shack,5,Sugar Shack → FL,48.04,31,32.54
2023-04-20,2023-04-25,Standard,NV,West,Secret Factory,5,Secret Factory → NV,481.74,207,274.74
2023-08-18,2023-08-21,Standard,NV,West,Sugar Shack,3,Sugar Shack → NV,590.04,363,408.53999999999996
2023-04-03,2023-04-06,Standard,IL,Midwest,Secret Factory,3,Secret Factory → IL,529.56,208,321.55999999999995
2023-07-09,2023-07-12,Standard,MA,Northeast,Lot's O' Nuts,3,Lot's O' Nuts → MA,265.55,96,121.55000000000001
2023-10-11,2023-10-16,Standard,CA,West,Secret Factory,5,Secret Factory → CA,1168.01,452,716.01
2023-11-27,2023-12-02,Standard,OH,Midwest,Wicked Choccy's,5,Wicked Choccy's → OH,488.04,192,257.64
2023-09-18,2023-09-22,Standard,IL,Midwest,Secret Factory,4,Secret Factory → IL,283.82,123,160.82
2023-05-26,2023-05-29,Standard,CT,Northeast,Sugar Shack,3,Sugar Shack → CT,600.73,443,379.23
2023-10-26,2023-10-27,Expedited,AZ,West,Secret Factory,1,Secret Factory → AZ,381.46,157,224.45999999999998
2023-06-26,2023-07-01,Standard,CA,West,Wicked Choccy's,5,Wicked Choccy's → CA,1021.35,415,523.35
2023-09-23,2023-09-24,Expedited,MA,Northeast,Lot's O' Nuts,1,Lot's O' Nuts → MA,396.58,139,188.07999999999998
2023-07-28,2023-07-31,Standard,AZ,West,Lot's O' Nuts,3,Lot's O' Nuts → AZ,383.93,141,172.43
2023-10-10,2023-10-15,Standard,NC,South,Wicked Choccy's,5,Wicked Choccy's → NC,387.55,153,203.95000000000002
2023-06-30,2023-07-06,Standard,NY,Northeast,Lot's O' Nuts,6,Lot's O' Nuts → NY,706.45,221,374.95000000000005
2023-12-21,2023-12-25,Standard,GA,South,Secret Factory,4,Secret Factory → GA,921.28,360,561.28
2023-10-07,2023-10-12,Standard,NV,West,Sugar Shack,5,Sugar Shack → NV,72.08,50,47.08
2023-12-07,2023-12-13,Standard,OR,West,The Other Factory,6,The Other Factory → OR,1146.05,486,708.65
2023-11-30,2023-12-04,Standard,PA,Northeast,Secret Factory,4,Secret Factory → PA,933.84,355,578.84
2023-10-01,2023-10-02,Expedited,NJ,Northeast,Sugar Shack,1,Sugar Shack → NJ,702.35,459,472.85
2023-06-26,2023-07-05,Standard,CA,West,Wicked Choccy's,9,Wicked Choccy's → CA,203.49,81,106.29
2023-11-19,2023-11-23,Expedited,NV,West,Secret Factory,4,Secret Factory → NV,1166.86,465,701.8599999999999
2023-10-26,2023-11-01,Standard,IN,Midwest,Lot's O' Nuts,6,Lot's O' Nuts → IN,1466.43,500,716.4300000000001
2023-03-03,2023-03-07,Expedited,PA,Northeast,Secret Factory,4,Secret Factory → PA,522.91,232,290.90999999999997
2023-04-08,2023-04-12,Expedited,MI,Midwest,Sugar Shack,4,Sugar Shack → MI,693.65,458,464.65
2023-11-20,2023-11-29,Standard,NY,Northeast,Secret Factory,9,Secret Factory → NY,240.26,90,150.26
2023-09-09,2023-09-14,Standard,WA,West,Sugar Shack,5,Sugar Shack → WA,701.08,430,486.08000000000004
2023-03-09,2023-03-14,Standard,WA,West,Wicked Choccy's,5,Wicked Choccy's → WA,275.78,101,154.57999999999998
2023-06-24,2023-06-25,Expedited,NC,South,Wicked Choccy's,1,Wicked Choccy's → NC,665.3,276,334.09999999999997
2023-09-25,2023-09-28,Standard,VA,South,The Other Factory,3,The Other Factory → VA,496.24,241,279.34000000000003
2023-07-05,2023-07-10,Standard,FL,South,Lot's O' Nuts,5,Lot's O' Nuts → FL,1488.02,474,777.02
2023-04-27,2023-04-30,Standard,IL,Midwest,Sugar Shack,3,Sugar Shack → IL,390.84,273,254.33999999999997
2023-07-31,2023-08-02,Expedited,VA,South,Lot's O' Nuts,2,Lot's O' Nuts → VA,486.44,157,250.94
2023-05-05,2023-05-08,Standard,IL,Midwest,Wicked Choccy's,3,Wicked Choccy's → IL,1073.43,462,519.0300000000001
2023-10-24,2023-10-29,Expedited,FL,South,Sugar Shack,5,Sugar Shack → FL,246.12,153,169.62
2023-10-03,2023-10-07,Standard,MI,Midwest,Secret Factory,4,Secret Factory → MI,956.37,358,598.37
2023-08-27,2023-08-31,Standard,MI,Midwest,Secret Factory,4,Secret Factory → MI,160.13,59,101.13
2023-08-07,2023-08-13,Standard,OH,Midwest,The Other Factory,6,The Other Factory → OH,785.15,328,489.95
2023-12-15,2023-12-18,Standard,AZ,West,The Other Factory,3,The Other Factory → AZ,72.35,31,44.449999999999996
2023-10-18,2023-10-24,Standard,MI,Midwest,Secret Factory,6,Secret Factory → MI,510.88,186,324.88
2023-09-23,2023-09-28,Standard,PA,Northeast,The Other Factory,5,The Other Factory → PA,586.47,268,345.27000000000004
2023-05-25,2023-05-30,Standard,IN,Midwest,Sugar Shack,5,Sugar Shack → IN,402.32,267,268.82
2023-09-30,2023-10-02,Expedited,IN,Midwest,Wicked Choccy's,2,Wicked Choccy's → IN,411.32,171,206.12
2023-04-06,2023-04-09,Standard,FL,South,Wicked Choccy's,3,Wicked Choccy's → FL,1167.0,470,603.0
2023-09-27,2023-09-30,Standard,WI,Midwest,The Other Factory,3,The Other Factory → WI,286.44,137,163.14
2023-07-07,2023-07-09,Expedited,WI,Midwest,Wicked Choccy's,2,Wicked Choccy's → WI,35.67,13,20.07
2023-08-14,2023-08-20,Standard,NJ,Northeast,Secret Factory,6,Secret Factory → NJ,845.23,372,473.23
2023-03-07,2023-03-13,Standard,MA,Northeast,The Other Factory,6,The Other Factory → MA,114.91,50,69.91
2023-03-08,2023-03-12,Standard,MA,Northeast,Lot's O' Nuts,4,Lot's O' Nuts → MA,1220.79,376,656.79
2023-10-12,2023-10-16,Standard,IL,Midwest,Sugar Shack,4,Sugar Shack → IL,294.37,212,188.37
2023-12-03,2023-12-04,Expedited,MA,Northeast,Lot's O' Nuts,1,Lot's O' Nuts → MA,447.56,141,236.06
2023-05-15,2023-05-22,Standard,CA,West,Wicked Choccy's,7,Wicked Choccy's → CA,412.07,152,229.67
2023-07-02,2023-07-08,Standard,MA,Northeast,Wicked Choccy's,6,Wicked Choccy's → MA,403.17,169,200.37
2023-04-15,2023-04-19,Expedited,AZ,West,Wicked Choccy's,4,Wicked Choccy's → AZ,156.67,59,85.86999999999999
2023-12-16,2023-12-19,Expedited,OH,Midwest,Sugar Shack,3,Sugar Shack → OH,627.97,412,421.97
2023-08-19,2023-08-22,Standard,CT,Northeast,Wicked Choccy's,3,Wicked Choccy's → CT,57.75,22,31.35
2023-04-16,2023-04-22,Standard,MI,Midwest,Sugar Shack,6,Sugar Shack → MI,308.05,196,210.05
2023-10-05,2023-10-10,Expedited,NY,Northeast,Sugar Shack,5,Sugar Shack → NY,400.12,272,264.12
2023-12-30,2024-01-03,Standard,OR,West,Wicked Choccy's,4,Wicked Choccy's → OR,676.68,265,358.67999999999995
2023-04-22,2023-04-28,Standard,PA,Northeast,Secret Factory,6,Secret Factory → PA,1130.08,472,658.0799999999999
2023-01-24,2023-01-28,Standard,IL,Midwest,Wicked Choccy's,4,Wicked Choccy's → IL,341.05,127,188.65
2023-06-14,2023-06-20,Standard,NV,West,Sugar Shack,6,Sugar Shack → NV,178.91,115,121.41
2023-06-09,2023-06-14,Standard,IN,Midwest,The Other Factory,5,The Other Factory → IN,535.94,245,315.44000000000005
2023-09-12,2023-09-18,Standard,NV,West,Sugar Shack,6,Sugar Shack → NV,304.98,207,201.48000000000002
2023-06-30,2023-07-10,Standard,CA,West,Secret Factory,10,Secret Factory → CA,874.5,377,497.5
2023-10-09,2023-10-11,Expedited,WA,West,Wicked Choccy's,2,Wicked Choccy's → WA,180.38,71,95.17999999999999
2023-04-19,2023-04-24,Standard,CT,Northeast,The Other Factory,5,The Other Factory → CT,869.5,400,509.5
2023-08-07,2023-08-10,Standard,WI,Midwest,Sugar Shack,3,Sugar Shack → WI,682.47,474,445.47
2023-07-04,2023-07-07,Standard,CT,Northeast,The Other Factory,3,The Other Factory → CT,1013.79,470,590.79
2023-12-04,2023-12-08,Standard,OR,West,Secret Factory,4,Secret Factory → OR,135.77,58,77.77000000000001
2023-05-10,2023-05-15,Standard,MI,Midwest,Sugar Shack,5,Sugar Shack → MI,493.73,306,340.73
2023-10-15,2023-10-21,Standard,AZ,West,Lot's O' Nuts,6,Lot's O' Nuts → AZ,521.42,189,237.91999999999996
2023-05-14,2023-05-20,Expedited,CA,West,Wicked Choccy's,6,Wicked Choccy's → CA,764.38,295,410.38
2023-08-31,2023-09-02,Expedited,VA,South,Lot's O' Nuts,2,Lot's O' Nuts → VA,1211.26,414,590.26
2023-11-17,2023-11-25,Standard,CA,West,The Other Factory,8,The Other Factory → CA,1033.15,483,598.45
2023-10-10,2023-10-19,Standard,FL,South,Sugar Shack,9,Sugar Shack → FL,477.65,303,326.15
2023-02-23,2023-02-27,Expedited,PA,Northeast,Wicked Choccy's,4,Wicked Choccy's → PA,461.93,182,243.53
2023-04-01,2023-04-07,Standard,NJ,Northeast,Secret Factory,6,Secret Factory → NJ,631.0,253,378.0
2023-10-18,2023-10-22,Standard,VA,South,Wicked Choccy's,4,Wicked Choccy's → VA,1150.07,436,626.8699999999999
2023-02-15,2023-02-20,Standard,VA,South,Secret Factory,5,Secret Factory → VA,321.74,122,199.74
2023-10-12,2023-10-18,Standard,FL,South,Lot's O' Nuts,6,Lot's O' Nuts → FL,1241.84,447,571.3399999999999
2023-04-13,2023-04-14,Expedited,NV,West,The Other Factory,1,The Other Factory → NV,462.75,196,286.35
2023-01-17,2023-01-23,Standard,CA,West,Lot's O' Nuts,6,Lot's O' Nuts → CA,503.57,167,253.07
2023-01-01,2023-01-09,Expedited,FL,South,Sugar Shack,8,Sugar Shack → FL,406.92,265,274.42
2023-02-08,2023-02-15,Standard,CA,West,Sugar Shack,7,Sugar Shack → CA,683.02,419,473.52
2023-05-09,2023-05-10,Expedited,OR,West,Secret Factory,1,Secret Factory → OR,507.01,185,322.01
2023-09-04,2023-09-10,Standard,NV,West,Wicked Choccy's,6,Wicked Choccy's → NV,635.46,246,340.26000000000005
2023-07-18,2023-07-24,Standard,IL,Midwest,Secret Factory,6,Secret Factory → IL,159.08,70,89.08000000000001
2023-04-03,2023-04-07,Standard,PA,Northeast,Wicked Choccy's,4,Wicked Choccy's → PA,829.54,355,403.53999999999996
2023-07-06,2023-07-10,Standard,CT,Northeast,The Other Factory,4,The Other Factory → CT,981.61,468,560.4100000000001
2023-07-05,2023-07-13,Standard,NY,Northeast,The Other Factory,8,The Other Factory → NY,1089.88,478,659.6800000000001
2023-11-13,2023-11-16,Standard,IN,Midwest,Wicked Choccy's,3,Wicked Choccy's → IN,178.75,69,95.95
2023-06-07,2023-06-11,Standard,NV,West,The Other Factory,4,The Other Factory → NV,770.78,330,473.78
2023-07-31,2023-08-06,Standard,CT,Northeast,Lot's O' Nuts,6,Lot's O' Nuts → CT,1084.13,396,490.1300000000001
2023-09-26,2023-09-30,Expedited,PA,Northeast,Sugar Shack,4,Sugar Shack → PA,410.19,255,282.69
2023-10-30,2023-11-03,Expedited,OH,Midwest,Sugar Shack,4,Sugar Shack → OH,214.72,150,139.72
2023-09-12,2023-09-18,Standard,IN,Midwest,Lot's O' Nuts,6,Lot's O' Nuts → IN,679.2,212,361.20000000000005
2023-12-03,2023-12-08,Standard,VA,South,Secret Factory,5,Secret Factory → VA,933.11,386,547.11
2023-08-16,2023-08-21,Standard,CT,Northeast,Secret Factory,5,Secret Factory → CT,618.86,236,382.86
2023-06-28,2023-07-01,Expedited,MI,Midwest,Sugar Shack,3,Sugar Shack → MI,653.55,452,427.54999999999995
2023-01-19,2023-01-21,Expedited,TX,South,Wicked Choccy's,2,Wicked Choccy's → TX,589.43,236,306.22999999999996
2023-11-04,2023-11-09,Standard,VA,South,Lot's O' Nuts,5,Lot's O' Nuts → VA,1301.81,459,613.31
2023-11-16,2023-11-25,Standard,TX,South,Sugar Shack,9,Sugar Shack → TX,471.75,293,325.25
2023-01-17,2023-01-21,Standard,OR,West,Secret Factory,4,Secret Factory → OR,290.23,111,179.23000000000002
2023-07-10,2023-07-11,Expedited,OH,Midwest,Secret Factory,1,Secret Factory → OH,333.68,136,197.68
2023-07-14,2023-07-15,Expedited,OR,West,Sugar Shack,1,Sugar Shack → OR,358.36,253,231.86
2023-04-18,2023-04-24,Standard,TX,South,Lot's O' Nuts,6,Lot's O' Nuts → TX,339.53,121,158.02999999999997
2023-12-28,2024-01-01,Standard,OR,West,Sugar Shack,4,Sugar Shack → OR,317.91,218,208.91000000000003
2023-04-28,2023-05-02,Standard,CT,Northeast,The Other Factory,4,The Other Factory → CT,982.42,466,563.02
2023-07-22,2023-07-28,Standard,NC,South,Secret Factory,6,Secret Factory → NC,1114.61,452,662.6099999999999
2023-01-20,2023-01-22,Expedited,OH,Midwest,Wicked Choccy's,2,Wicked Choccy's → OH,1136.01,430,620.01
2023-11-14,2023-11-18,Standard,TX,South,Secret Factory,4,Secret Factory → TX,933.51,410,523.51
2023-10-22,2023-10-25,Expedited,CA,West,Sugar Shack,3,Sugar Shack → CA,495.43,331,329.93
2023-01-23,2023-01-29,Standard,AZ,West,Secret Factory,6,Secret Factory → AZ,446.36,163,283.36
2023-05-15,2023-05-21,Standard,NJ,Northeast,The Other Factory,6,The Other Factory → NJ,249.51,113,147.81
2023-05-01,2023-05-08,Standard,NY,Northeast,Lot's O' Nuts,7,Lot's O' Nuts → NY,765.72,238,408.72
2023-07-10,2023-07-15,Standard,CT,Northeast,Sugar Shack,5,Sugar Shack → CT,34.31,21,23.810000000000002
2023-06-26,2023-07-03,Standard,NY,Northeast,Wicked Choccy's,7,Wicked Choccy's → NY,934.11,381,476.91
2023-09-28,2023-09-29,Expedited,NC,South,Secret Factory,1,Secret Factory → NC,586.91,256,330.90999999999997
2023-12-25,2023-12-29,Standard,WA,West,The Other Factory,4,The Other Factory → WA,1060.87,462,645.0699999999999
2023-02-18,2023-02-24,Standard,WA,West,Wicked Choccy's,6,Wicked Choccy's → WA,338.04,139,171.24
2023-11-27,2023-12-01,Standard,TX,South,The Other Factory,4,The Other Factory → TX,1131.4,475,703.9000000000001
2023-09-13,2023-09-20,Standard,NY,Northeast,Secret Factory,7,Secret Factory → NY,698.62,306,392.62
2023-01-23,2023-01-27,Expedited,TX,South,Secret Factory,4,Secret Factory → TX,331.48,146,185.48000000000002
2023-01-19,2023-01-24,Standard,WI,Midwest,Secret Factory,5,Secret Factory → WI,591.13,235,356.13
2023-05-18,2023-05-23,Standard,IL,Midwest,The Other Factory,5,The Other Factory → IL,510.14,246,288.74
2023-06-18,2023-06-20,Expedited,OR,West,Sugar Shack,2,Sugar Shack → OR,358.38,255,230.88
2023-01-30,2023-02-05,Standard,WA,West,The Other Factory,6,The Other Factory → WA,692.19,293,428.49000000000007
2023-09-17,2023-09-20,Standard,MA,Northeast,Wicked Choccy's,3,Wicked Choccy's → MA,571.64,229,296.84
2023-09-23,2023-09-28,Expedited,GA,South,Sugar Shack,5,Sugar Shack → GA,595.25,390,400.25
2023-01-13,2023-01-18,Standard,IL,Midwest,Wicked Choccy's,5,Wicked Choccy's → IL,524.84,233,245.24
2024-01-01,2024-01-04,Standard,IN,Midwest,Sugar Shack,3,Sugar Shack → IN,114.83,73,78.33
2023-03-23,2023-03-29,Standard,WA,West,Wicked Choccy's,6,Wicked Choccy's → WA,481.32,205,235.32
2023-01-11,2023-01-17,Standard,OH,Midwest,The Other Factory,6,The Other Factory → OH,398.33,190,227.32999999999998
2023-01-02,2023-01-05,Standard,NV,West,Wicked Choccy's,3,Wicked Choccy's → NV,1021.6,421,516.4000000000001
2023-01-31,2023-02-01,Expedited,PA,Northeast,Wicked Choccy's,1,Wicked Choccy's → PA,162.61,70,78.61000000000001
2023-11-18,2023-11-23,Standard,FL,South,The Other Factory,5,The Other Factory → FL,23.88,12,13.079999999999998
2023-03-07,2023-03-10,Standard,AZ,West,Wicked Choccy's,3,Wicked Choccy's → AZ,1093.85,398,616.2499999999999
2023-07-16,2023-07-19,Standard,IL,Midwest,The Other Factory,3,The Other Factory → IL,936.84,410,567.84
2023-10-18,2023-10-23,Standard,OR,West,Wicked Choccy's,5,Wicked Choccy's → OR,920.38,372,473.98
2023-09-22,2023-09-26,Standard,NJ,Northeast,Sugar Shack,4,Sugar Shack → NJ,493.96,310,338.96
2023-03-18,2023-03-25,Standard,GA,South,Sugar Shack,7,Sugar Shack → GA,617.55,449,393.04999999999995
2023-03-22,2023-03-24,Expedited,OH,Midwest,Secret Factory,2,Secret Factory → OH,632.8,233,399.79999999999995
2023-03-09,2023-03-13,Standard,TX,South,The Other Factory,4,The Other Factory → TX,973.44,455,563.94
2023-11-28,2023-11-29,Expedited,CT,Northeast,Secret Factory,1,Secret Factory → CT,491.88,182,309.88
2023-10-30,2023-10-31,Expedited,IL,Midwest,Lot's O' Nuts,1,Lot's O' Nuts → IL,898.0,304,442.0
2023-11-14,2023-11-23,Expedited,GA,South,Sugar Shack,9,Sugar Shack → GA,96.26,62,65.26
2023-06-23,2023-06-26,Standard,VA,South,Lot's O' Nuts,3,Lot's O' Nuts → VA,1448.17,463,753.6700000000001
2023-06-16,2023-06-21,Standard,MI,Midwest,Lot's O' Nuts,5,Lot's O' Nuts → MI,88.11,31,41.61
2023-06-20,2023-06-25,Standard,NJ,Northeast,Lot's O' Nuts,5,Lot's O' Nuts → NJ,592.85,187,312.35
2023-11-04,2023-11-07,Standard,GA,South,Wicked Choccy's,3,Wicked Choccy's → GA,1024.17,449,485.3700000000001
2023-12-31,2024-01-05,Standard,IN,Midwest,Wicked Choccy's,5,Wicked Choccy's → IN,403.18,163,207.58
2023-08-20,2023-08-24,Standard,MA,Northeast,Secret Factory,4,Secret Factory → MA,476.0,199,277.0
2023-12-29,2024-01-02,Standard,OH,Midwest,Lot's O' Nuts,4,Lot's O' Nuts → OH,1278.52,445,611.02
2023-10-28,2023-10-31,Standard,CT,Northeast,Wicked Choccy's,3,Wicked Choccy's → CT,44.94,18,23.339999999999996
2023-12-30,2024-01-08,Standard,GA,South,Sugar Shack,9,Sugar Shack → GA,468.48,301,317.98
2023-08-02,2023-08-06,Standard,TX,South,Secret Factory,4,Secret Factory → TX,287.36,111,176.36
2023-06-24,2023-07-01,Standard,NY,Northeast,Secret Factory,7,Secret Factory → NY,499.65,185,314.65
2023-03-28,2023-03-31,Standard,NJ,Northeast,Secret Factory,3,Secret Factory → NJ,484.91,202,282.91
2023-03-21,2023-03-27,Standard,PA,Northeast,Wicked Choccy's,6,Wicked Choccy's → PA,455.64,194,222.83999999999997
2023-02-02,2023-02-10,Standard,TX,South,Sugar Shack,8,Sugar Shack → TX,92.93,62,61.93000000000001
2023-11-23,2023-11-28,Standard,OR,West,Lot's O' Nuts,5,Lot's O' Nuts → OR,552.08,182,279.08000000000004
2023-05-29,2023-06-06,Expedited,VA,South,Sugar Shack,8,Sugar Shack → VA,590.6,420,380.6
2023-03-04,2023-03-10,Standard,OH,Midwest,Secret Factory,6,Secret Factory → OH,1006.58,368,638.58
2023-08-01,2023-08-04,Expedited,AZ,West,Secret Factory,3,Secret Factory → AZ,897.05,398,499.04999999999995
2023-10-25,2023-10-28,Standard,AZ,West,Lot's O' Nuts,3,Lot's O' Nuts → AZ,451.29,160,211.29000000000002
2023-08-31,2023-09-05,Standard,GA,South,Lot's O' Nuts,5,Lot's O' Nuts → GA,1123.67,402,520.6700000000001
2023-11-17,2023-11-23,Standard,CT,Northeast,The Other Factory,6,The Other Factory → CT,631.76,294,367.15999999999997
2023-01-24,2023-01-30,Standard,IL,Midwest,The Other Factory,6,The Other Factory → IL,61.89,28,36.69
2023-09-23,2023-09-24,Expedited,TX,South,The Other Factory,1,The Other Factory → TX,424.43,198,246.23000000000002
2023-10-10,2023-10-16,Standard,CA,West,Wicked Choccy's,6,Wicked Choccy's → CA,74.59,32,36.190000000000005
2023-05-26,2023-05-28,Expedited,AZ,West,Lot's O' Nuts,2,Lot's O' Nuts → AZ,1052.86,372,494.8599999999999
2023-10-20,2023-10-24,Standard,IN,Midwest,Secret Factory,4,Secret Factory → IN,1069.33,475,594.3299999999999
2023-12-09,2023-12-12,Standard,CT,Northeast,Wicked Choccy's,3,Wicked Choccy's → CT,744.78,296,389.58
2023-04-19,2023-04-23,Expedited,GA,South,The Other Factory,4,The Other Factory → GA,558.54,276,310.14
2023-07-31,2023-08-05,Standard,NJ,Northeast,Secret Factory,5,Secret Factory → NJ,1228.96,460,768.96
2023-03-11,2023-03-14,Standard,MI,Midwest,Lot's O' Nuts,3,Lot's O' Nuts → MI,302.02,105,144.51999999999998
2023-07-27,2023-08-02,Standard,NC,South,Secret Factory,6,Secret Factory → NC,398.7,167,231.7
2023-01-16,2023-01-20,Standard,CT,Northeast,Sugar Shack,4,Sugar Shack → CT,597.89,399,398.39
2023-08-11,2023-08-16,Standard,IN,Midwest,Secret Factory,5,Secret Factory → IN,631.53,275,356.53
2023-12-21,2023-12-24,Expedited,NJ,Northeast,The Other Factory,3,The Other Factory → NJ,334.97,149,200.87000000000003
2023-03-28,2023-03-31,Standard,CT,Northeast,Sugar Shack,3,Sugar Shack → CT,270.53,166,187.52999999999997
2023-05-12,2023-05-17,Standard,WI,Midwest,Secret Factory,5,Secret Factory → WI,314.54,137,177.54000000000002
2023-06-17,2023-06-21,Standard,NJ,Northeast,Sugar Shack,4,Sugar Shack → NJ,168.8,110,113.80000000000001
2023-01-06,2023-01-10,Expedited,CT,Northeast,Wicked Choccy's,4,Wicked Choccy's → CT,387.03,147,210.62999999999997
2023-10-29,2023-11-01,Standard,NJ,Northeast,Secret Factory,3,Secret Factory → NJ,1349.34,500,849.3399999999999
2023-12-05,2023-12-09,Standard,OH,Midwest,The Other Factory,4,The Other Factory → OH,304.53,134,183.92999999999998
2023-11-29,2023-12-03,Standard,NC,South,Wicked Choccy's,4,Wicked Choccy's → NC,283.67,105,157.67000000000002
2023-04-26,2023-05-01,Standard,OH,Midwest,Secret Factory,5,Secret Factory → OH,101.4,37,64.4
2023-12-12,2023-12-17,Standard,WI,Midwest,Lot's O' Nuts,5,Lot's O' Nuts → WI,1198.31,371,641.81
2023-09-24,2023-09-29,Standard,CT,Northeast,Sugar Shack,5,Sugar Shack → CT,598.4,413,391.9
2023-10-27,2023-11-01,Standard,NC,South,Secret Factory,5,Secret Factory → NC,1145.05,432,713.05
2023-09-15,2023-09-19,Expedited,CA,West,Secret Factory,4,Secret Factory → CA,1164.73,445,719.73
2023-07-22,2023-07-27,Standard,MA,Northeast,Secret Factory,5,Secret Factory → MA,325.35,119,206.35000000000002
2023-04-25,2023-05-01,Standard,NY,Northeast,Wicked Choccy's,6,Wicked Choccy's → NY,563.2,232,284.80000000000007
2023-05-09,2023-05-13,Standard,IL,Midwest,Sugar Shack,4,Sugar Shack → IL,88.79,54,61.790000000000006
2023-09-19,2023-09-22,Standard,MA,Northeast,Secret Factory,3,Secret Factory → MA,1102.75,453,649.75
2023-01-26,2023-01-29,Standard,TX,South,Wicked Choccy's,3,Wicked Choccy's → TX,826.12,302,463.72
2023-06-27,2023-06-30,Standard,NC,South,Lot's O' Nuts,3,Lot's O' Nuts → NC,368.46,130,173.45999999999998
2023-10-08,2023-10-13,Standard,AZ,West,Sugar Shack,5,Sugar Shack → AZ,172.12,106,119.12
2023-04-06,2023-04-10,Standard,NJ,Northeast,The Other Factory,4,The Other Factory → NJ,247.36,105,152.86
2023-12-10,2023-12-14,Standard,OR,West,The Other Factory,4,The Other Factory → OR,586.42,290,325.41999999999996
2023-07-25,2023-07-30,Standard,NV,West,Lot's O' Nuts,5,Lot's O' Nuts → NV,241.52,87,111.02000000000001
2023-02-11,2023-02-16,Standard,GA,South,The Other Factory,5,The Other Factory → GA,720.23,307,443.93
2023-07-28,2023-08-01,Expedited,OR,West,Sugar Shack,4,Sugar Shack → OR,29.66,19,20.16
2023-06-29,2023-07-04,Expedited,NY,Northeast,The Other Factory,5,The Other Factory → NY,408.94,172,254.14
2023-09-15,2023-09-16,Expedited,OR,West,Wicked Choccy's,1,Wicked Choccy's → OR,824.85,331,427.65000000000003
2023-07-07,2023-07-10,Standard,IL,Midwest,Lot's O' Nuts,3,Lot's O' Nuts → IL,989.32,314,518.32
2023-03-13,2023-03-18,Standard,CT,Northeast,Lot's O' Nuts,5,Lot's O' Nuts → CT,582.33,183,307.83000000000004
2023-04-13,2023-04-15,Expedited,OR,West,Secret Factory,2,Secret Factory → OR,1017.12,437,580.12
2023-05-26,2023-05-31,Standard,AZ,West,Wicked Choccy's,5,Wicked Choccy's → AZ,363.04,137,198.64000000000001
2023-04-02,2023-04-05,Standard,NJ,Northeast,Secret Factory,3,Secret Factory → NJ,233.72,99,134.72
2023-07-25,2023-07-28,Standard,MA,Northeast,Lot's O' Nuts,3,Lot's O' Nuts → MA,707.33,224,371.33000000000004
2023-05-09,2023-05-15,Standard,GA,South,Secret Factory,6,Secret Factory → GA,660.98,243,417.98
2023-01-28,2023-01-30,Expedited,NJ,Northeast,Wicked Choccy's,2,Wicked Choccy's → NJ,632.11,242,341.71000000000004
2023-02-27,2023-03-03,Expedited,OR,West,Lot's O' Nuts,4,Lot's O' Nuts → OR,870.8,291,434.29999999999995
2023-08-07,2023-08-10,Standard,OR,West,The Other Factory,3,The Other Factory → OR,814.55,405,450.04999999999995
2023-04-02,2023-04-06,Standard,NV,West,Lot's O' Nuts,4,Lot's O' Nuts → NV,1190.65,424,554.6500000000001
2023-05-04,2023-05-06,Expedited,WI,Midwest,Sugar Shack,2,Sugar Shack → WI,27.7,18,18.7
2023-07-09,2023-07-15,Expedited,VA,South,Sugar Shack,6,Sugar Shack → VA,267.05,179,177.55
2023-01-29,2023-02-01,Standard,FL,South,Secret Factory,3,Secret Factory → FL,932.7,371,561.7
2023-01-17,2023-01-22,Standard,FL,South,Wicked Choccy's,5,Wicked Choccy's → FL,580.11,221,314.91
2023-06-21,2023-06-24,Standard,AZ,West,Sugar Shack,3,Sugar Shack → AZ,226.16,165,143.66
2023-12-01,2023-12-04,Standard,GA,South,Lot's O' Nuts,3,Lot's O' Nuts → GA,1178.97,408,566.97
2023-01-26,2023-01-31,Standard,OH,Midwest,The Other Factory,5,The Other Factory → OH,793.83,380,451.83000000000004
2023-08-02,2023-08-07,Standard,IL,Midwest,Wicked Choccy's,5,Wicked Choccy's → IL,883.69,368,442.09000000000003
2023-08-27,2023-08-30,Expedited,AZ,West,Lot's O' Nuts,3,Lot's O' Nuts → AZ,208.98,71,102.47999999999999
2023-05-15,2023-05-19,Standard,NJ,Northeast,Wicked Choccy's,4,Wicked Choccy's → NJ,155.95,59,85.14999999999999
2023-01-06,2023-01-13,Standard,NY,Northeast,Sugar Shack,7,Sugar Shack → NY,577.21,370,392.21000000000004
2023-11-15,2023-11-19,Expedited,OH,Midwest,Wicked Choccy's,4,Wicked Choccy's → OH,141.05,57,72.65
2023-10-04,2023-10-10,Standard,CT,Northeast,Sugar Shack,6,Sugar Shack → CT,473.18,319,313.68
2023-01-19,2023-01-21,Expedited,NV,West,Sugar Shack,2,Sugar Shack → NV,572.78,362,391.78
2023-05-03,2023-05-09,Standard,CA,West,Lot's O' Nuts,6,Lot's O' Nuts → CA,1188.38,406,579.3800000000001
2023-10-08,2023-10-12,Standard,IL,Midwest,Wicked Choccy's,4,Wicked Choccy's → IL,1133.62,465,575.6199999999999
2023-11-26,2023-12-01,Standard,AZ,West,Secret Factory,5,Secret Factory → AZ,912.0,380,532.0
2023-07-17,2023-07-23,Expedited,GA,South,Sugar Shack,6,Sugar Shack → GA,778.71,486,535.71
2023-08-28,2023-08-29,Expedited,NJ,Northeast,Lot's O' Nuts,1,Lot's O' Nuts → NJ,871.26,305,413.76
2023-04-03,2023-04-06,Expedited,CT,Northeast,Lot's O' Nuts,3,Lot's O' Nuts → CT,632.95,227,292.45000000000005
2023-04-04,2023-04-08,Standard,AZ,West,Secret Factory,4,Secret Factory → AZ,497.87,220,277.87
2023-03-07,2023-03-11,Standard,CA,West,Secret Factory,4,Secret Factory → CA,63.13,23,40.13
2023-04-23,2023-04-28,Standard,AZ,West,Secret Factory,5,Secret Factory → AZ,1120.86,442,678.8599999999999
2023-10-12,2023-10-18,Standard,NY,Northeast,Lot's O' Nuts,6,Lot's O' Nuts → NY,825.26,265,427.76
2023-12-08,2023-12-12,Expedited,OR,West,Wicked Choccy's,4,Wicked Choccy's → OR,660.09,248,362.49
2023-09-11,2023-09-17,Standard,OR,West,Lot's O' Nuts,6,Lot's O' Nuts → OR,243.25,78,126.25
2023-09-17,2023-09-27,Standard,CA,West,Wicked Choccy's,10,Wicked Choccy's → CA,409.52,166,210.32
2023-09-09,2023-09-12,Expedited,MI,Midwest,Secret Factory,3,Secret Factory → MI,542.92,209,333.91999999999996
2023-10-16,2023-10-19,Standard,OH,Midwest,Lot's O' Nuts,3,Lot's O' Nuts → OH,333.0,114,162.0
2023-05-03,2023-05-05,Expedited,MA,Northeast,The Other Factory,2,The Other Factory → MA,379.95,190,208.95
2023-09-11,2023-09-16,Standard,NV,West,Sugar Shack,5,Sugar Shack → NV,732.85,460,502.85
2023-09-26,2023-09-29,Standard,PA,Northeast,Secret Factory,3,Secret Factory → PA,676.08,292,384.08000000000004
2023-02-27,2023-03-04,Standard,MA,Northeast,Secret Factory,5,Secret Factory → MA,656.02,265,391.02
2023-05-03,2023-05-11,Standard,VA,South,Sugar Shack,8,Sugar Shack → VA,316.98,207,213.48000000000002
2023-10-30,2023-11-02,Standard,WA,West,Secret Factory,3,Secret Factory → WA,1009.95,441,568.95
2023-04-13,2023-04-16,Standard,MA,Northeast,Lot's O' Nuts,3,Lot's O' Nuts → MA,251.89,86,122.88999999999999
2023-09-09,2023-09-13,Standard,AZ,West,Lot's O' Nuts,4,Lot's O' Nuts → AZ,341.84,117,166.33999999999997
2023-12-14,2023-12-20,Standard,IL,Midwest,Lot's O' Nuts,6,Lot's O' Nuts → IL,834.86,295,392.36
2023-06-14,2023-06-18,Expedited,WI,Midwest,Secret Factory,4,Secret Factory → WI,475.58,201,274.58
2023-06-18,2023-06-21,Standard,IN,Midwest,Sugar Shack,3,Sugar Shack → IN,120.83,79,81.33
2023-05-22,2023-05-25,Standard,MA,Northeast,The Other Factory,3,The Other Factory → MA,140.21,68,79.01
2023-03-22,2023-03-23,Expedited,MI,Midwest,Secret Factory,1,Secret Factory → MI,570.06,241,329.05999999999995
2023-03-26,2023-04-01,Standard,WI,Midwest,Wicked Choccy's,6,Wicked Choccy's → WI,843.22,340,435.22
2023-08-09,2023-08-14,Standard,WA,West,Sugar Shack,5,Sugar Shack → WA,565.46,361,384.96000000000004
2023-08-13,2023-08-19,Standard,OR,West,Sugar Shack,6,Sugar Shack → OR,563.49,364,381.49
2023-09-05,2023-09-08,Standard,NV,West,The Other Factory,3,The Other Factory → NV,972.84,478,542.6400000000001
2023-06-04,2023-06-08,Standard,GA,South,Wicked Choccy's,4,Wicked Choccy's → GA,724.24,267,403.84000000000003
2023-02-09,2023-02-13,Standard,NC,South,Lot's O' Nuts,4,Lot's O' Nuts → NC,1542.17,470,837.1700000000001
2023-03-22,2023-03-26,Standard,VA,South,Lot's O' Nuts,4,Lot's O' Nuts → VA,623.2,204,317.20000000000005
2023-07-11,2023-07-16,Standard,NC,South,Secret Factory,5,Secret Factory → NC,258.47,110,148.47000000000003
2023-02-21,2023-02-24,Expedited,NJ,Northeast,Secret Factory,3,Secret Factory → NJ,397.46,176,221.45999999999998
2023-10-21,2023-10-26,Standard,WI,Midwest,Sugar Shack,5,Sugar Shack → WI,232.22,146,159.22
2023-01-31,2023-02-06,Standard,OR,West,Lot's O' Nuts,6,Lot's O' Nuts → OR,1288.02,409,674.52
2023-08-31,2023-09-04,Standard,MI,Midwest,Sugar Shack,4,Sugar Shack → MI,110.58,68,76.58
2023-01-01,2023-01-07,Standard,AZ,West,Lot's O' Nuts,6,Lot's O' Nuts → AZ,1042.05,322,559.05
2023-11-15,2023-11-17,Expedited,OH,Midwest,Lot's O' Nuts,2,Lot's O' Nuts → OH,590.83,199,292.33000000000004
2023-06-14,2023-06-15,Expedited,VA,South,Wicked Choccy's,1,Wicked Choccy's → VA,139.97,61,66.77
2023-09-13,2023-09-19,Standard,MI,Midwest,Lot's O' Nuts,6,Lot's O' Nuts → MI,114.18,37,58.68000000000001
2023-07-30,2023-08-04,Standard,IN,Midwest,Sugar Shack,5,Sugar Shack → IN,687.33,475,449.83000000000004
2023-08-02,2023-08-04,Expedited,WA,West,Wicked Choccy's,2,Wicked Choccy's → WA,479.23,184,258.43
2023-07-19,2023-07-24,Standard,OH,Midwest,The Other Factory,5,The Other Factory → OH,26.35,12,15.55
2023-02-12,2023-02-18,Standard,MI,Midwest,Secret Factory,6,Secret Factory → MI,557.55,206,351.54999999999995
2023-11-16,2023-11-24,Standard,NC,South,Sugar Shack,8,Sugar Shack → NC,55.61,35,38.11
2023-05-08,2023-05-14,Standard,CA,West,The Other Factory,6,The Other Factory → CA,433.35,210,244.35000000000002
2023-03-10,2023-03-11,Expedited,TX,South,Lot's O' Nuts,1,Lot's O' Nuts → TX,1336.68,477,621.1800000000001
2023-05-30,2023-06-05,Standard,MA,Northeast,Lot's O' Nuts,6,Lot's O' Nuts → MA,743.91,273,334.40999999999997
2023-11-07,2023-11-10,Standard,MA,Northeast,Sugar Shack,3,Sugar Shack → MA,439.48,280,299.48
2023-06-21,2023-06-25,Standard,WA,West,Sugar Shack,4,Sugar Shack → WA,340.49,232,224.49
2023-01-07,2023-01-08,Expedited,VA,South,Wicked Choccy's,1,Wicked Choccy's → VA,481.03,178,267.42999999999995
2023-12-23,2023-12-26,Standard,NV,West,Sugar Shack,3,Sugar Shack → NV,513.15,351,337.65
2023-08-31,2023-09-05,Standard,WI,Midwest,The Other Factory,5,The Other Factory → WI,230.46,100,140.46
2023-06-05,2023-06-08,Standard,OH,Midwest,The Other Factory,3,The Other Factory → OH,773.48,339,468.38
2023-11-30,2023-12-05,Standard,WI,Midwest,Sugar Shack,5,Sugar Shack → WI,369.49,267,235.99
2023-02-26,2023-03-07,Standard,CA,West,Sugar Shack,9,Sugar Shack → CA,717.41,471,481.90999999999997
2023-04-08,2023-04-12,Expedited,OR,West,The Other Factory,4,The Other Factory → OR,356.3,174,199.70000000000002
2023-03-03,2023-03-08,Standard,CA,West,Wicked Choccy's,5,Wicked Choccy's → CA,92.15,36,48.95
2023-09-17,2023-09-28,Standard,NC,South,Sugar Shack,11,Sugar Shack → NC,301.31,196,203.31
2023-10-06,2023-10-09,Standard,IN,Midwest,Lot's O' Nuts,3,Lot's O' Nuts → IN,421.23,136,217.23000000000002
2023-08-23,2023-08-28,Standard,NV,West,Sugar Shack,5,Sugar Shack → NV,562.75,365,380.25
2023-03-05,2023-03-06,Expedited,OH,Midwest,Sugar Shack,1,Sugar Shack → OH,642.4,466,409.4
2023-04-08,2023-04-13,Standard,FL,South,Lot's O' Nuts,5,Lot's O' Nuts → FL,690.62,216,366.62
2023-10-01,2023-10-06,Standard,MI,Midwest,Wicked Choccy's,5,Wicked Choccy's → MI,1272.52,488,686.92
2023-01-07,2023-01-13,Standard,MI,Midwest,Wicked Choccy's,6,Wicked Choccy's → MI,677.37,254,372.57
2023-11-19,2023-11-22,Expedited,IL,Midwest,Wicked Choccy's,3,Wicked Choccy's → IL,369.74,136,206.54000000000002
2023-05-10,2023-05-13,Standard,WI,Midwest,Wicked Choccy's,3,Wicked Choccy's → WI,1053.96,426,542.76
2023-07-17,2023-07-21,Standard,FL,South,Lot's O' Nuts,4,Lot's O' Nuts → FL,1130.43,343,615.9300000000001
2023-12-05,2023-12-09,Expedited,NJ,Northeast,The Other Factory,4,The Other Factory → NJ,328.46,164,180.85999999999999
2023-10-04,2023-10-10,Standard,PA,Northeast,Secret Factory,6,Secret Factory → PA,827.31,342,485.30999999999995
2023-05-30,2023-05-31,Expedited,WA,West,Lot's O' Nuts,1,Lot's O' Nuts → WA,1463.6,461,772.0999999999999
2023-02-07,2023-02-13,Standard,PA,Northeast,Lot's O' Nuts,6,Lot's O' Nuts → PA,1382.89,421,751.3900000000001
2023-06-26,2023-06-29,Standard,IN,Midwest,Sugar Shack,3,Sugar Shack → IN,366.62,233,250.12
2023-12-08,2023-12-14,Standard,WI,Midwest,The Other Factory,6,The Other Factory → WI,907.92,395,552.42
2023-12-30,2024-01-02,Standard,FL,South,Wicked Choccy's,3,Wicked Choccy's → FL,1065.83,422,559.43
2023-09-19,2023-09-23,Standard,IN,Midwest,The Other Factory,4,The Other Factory → IN,955.25,407,588.95
2023-10-09,2023-10-10,Expedited,NV,West,Secret Factory,1,Secret Factory → NV,351.05,150,201.05
2023-04-29,2023-05-04,Standard,PA,Northeast,Sugar Shack,5,Sugar Shack → PA,434.7,306,281.7
2023-02-11,2023-02-16,Standard,IL,Midwest,Secret Factory,5,Secret Factory → IL,329.65,137,192.64999999999998
2023-08-28,2023-08-29,Expedited,TX,South,Lot's O' Nuts,1,Lot's O' Nuts → TX,785.76,263,391.26
2023-01-04,2023-01-10,Standard,VA,South,The Other Factory,6,The Other Factory → VA,257.98,111,158.08
2023-08-22,2023-08-25,Standard,NJ,Northeast,Secret Factory,3,Secret Factory → NJ,330.57,131,199.57
2023-01-06,2023-01-15,Standard,TX,South,Sugar Shack,9,Sugar Shack → TX,565.59,388,371.59000000000003
2023-03-29,2023-04-01,Standard,VA,South,Wicked Choccy's,3,Wicked Choccy's → VA,292.44,110,160.44
2023-04-07,2023-04-12,Standard,VA,South,Lot's O' Nuts,5,Lot's O' Nuts → VA,179.9,59,91.4
2023-04-17,2023-04-27,Standard,CA,West,Sugar Shack,10,Sugar Shack → CA,244.07,168,160.07
2023-12-11,2023-12-16,Standard,PA,Northeast,Wicked Choccy's,5,Wicked Choccy's → PA,982.79,385,520.79
2023-06-21,2023-06-27,Standard,TX,South,Lot's O' Nuts,6,Lot's O' Nuts → TX,1502.86,462,809.8599999999999
2023-03-14,2023-03-20,Standard,MI,Midwest,Wicked Choccy's,6,Wicked Choccy's → MI,1103.01,441,573.81
2023-08-27,2023-08-30,Standard,OH,Midwest,Lot's O' Nuts,3,Lot's O' Nuts → OH,243.78,81,122.28
2023-08-14,2023-08-17,Expedited,MI,Midwest,Lot's O' Nuts,3,Lot's O' Nuts → MI,1052.88,355,520.3800000000001
2023-12-16,2023-12-20,Standard,IL,Midwest,Sugar Shack,4,Sugar Shack → IL,370.07,235,252.57
2023-10-25,2023-10-27,Expedited,IN,Midwest,Secret Factory,2,Secret Factory → IN,105.52,46,59.519999999999996
2023-11-07,2023-11-11,Expedited,IL,Midwest,Wicked Choccy's,4,Wicked Choccy's → IL,251.8,92,141.4
2023-01-28,2023-01-29,Expedited,VA,South,Secret Factory,1,Secret Factory → VA,54.45,23,31.450000000000003
2023-09-30,2023-10-03,Expedited,WA,West,Lot's O' Nuts,3,Lot's O' Nuts → WA,948.62,290,513.62
2023-02-17,2023-02-21,Standard,WA,West,Lot's O' Nuts,4,Lot's O' Nuts → WA,453.0,165,205.5
2023-05-10,2023-05-15,Standard,NV,West,Lot's O' Nuts,5,Lot's O' Nuts → NV,618.7,226,279.70000000000005
2023-11-21,2023-11-25,Standard,CT,Northeast,The Other Factory,4,The Other Factory → CT,240.67,104,147.07
2023-05-25,2023-05-30,Standard,NY,Northeast,The Other Factory,5,The Other Factory → NY,315.58,153,177.88
2023-06-09,2023-06-12,Expedited,FL,South,Secret Factory,3,Secret Factory → FL,384.27,166,218.26999999999998
2023-01-23,2023-01-24,Expedited,TX,South,Secret Factory,1,Secret Factory → TX,427.48,160,267.48
2023-01-01,2023-01-04,Standard,OR,West,Lot's O' Nuts,3,Lot's O' Nuts → OR,377.23,130,182.23000000000002
2023-06-20,2023-06-26,Standard,FL,South,Secret Factory,6,Secret Factory → FL,1092.42,399,693.4200000000001
2023-03-17,2023-03-21,Expedited,WI,Midwest,Wicked Choccy's,4,Wicked Choccy's → WI,1061.4,396,586.2
2023-12-21,2023-12-24,Standard,IL,Midwest,Secret Factory,3,Secret Factory → IL,936.74,373,563.74
2023-11-04,2023-11-08,Expedited,CT,Northeast,The Other Factory,4,The Other Factory → CT,565.42,261,330.52
2023-08-13,2023-08-19,Standard,WA,West,Sugar Shack,6,Sugar Shack → WA,475.04,346,302.04
2023-04-20,2023-04-22,Expedited,AZ,West,The Other Factory,2,The Other Factory → AZ,706.59,324,414.99
2023-11-22,2023-11-26,Standard,OR,West,Wicked Choccy's,4,Wicked Choccy's → OR,69.24,29,34.44
2023-03-01,2023-03-07,Standard,GA,South,The Other Factory,6,The Other Factory → GA,1069.09,485,632.5899999999999
2023-02-13,2023-02-16,Standard,MI,Midwest,Secret Factory,3,Secret Factory → MI,723.69,265,458.69000000000005
2023-10-24,2023-10-27,Standard,TX,South,Secret Factory,3,Secret Factory → TX,505.38,188,317.38
2023-06-13,2023-06-16,Standard,VA,South,The Other Factory,3,The Other Factory → VA,970.09,402,608.29
2023-11-23,2023-11-24,Expedited,IN,Midwest,Sugar Shack,1,Sugar Shack → IN,315.93,195,218.43
2023-06-06,2023-06-12,Standard,OH,Midwest,The Other Factory,6,The Other Factory → OH,116.11,51,70.21000000000001
2023-06-11,2023-06-16,Standard,NV,West,Sugar Shack,5,Sugar Shack → NV,653.93,443,432.42999999999995
2023-08-22,2023-08-23,Expedited,IL,Midwest,Lot's O' Nuts,1,Lot's O' Nuts → IL,1173.97,403,569.47
2023-08-23,2023-08-28,Standard,FL,South,The Other Factory,5,The Other Factory → FL,440.09,193,266.39
2023-06-28,2023-07-01,Standard,MI,Midwest,Sugar Shack,3,Sugar Shack → MI,378.64,240,258.64
2023-09-22,2023-09-26,Standard,NJ,Northeast,The Other Factory,4,The Other Factory → NJ,777.99,339,472.89
2023-03-11,2023-03-16,Standard,CA,West,Lot's O' Nuts,5,Lot's O' Nuts → CA,1384.44,483,659.94
2023-11-13,2023-11-18,Expedited,NY,Northeast,Sugar Shack,5,Sugar Shack → NY,298.45,216,190.45
2023-08-16,2023-08-21,Standard,CT,Northeast,Sugar Shack,5,Sugar Shack → CT,94.7,58,65.7
2023-01-12,2023-01-18,Standard,NJ,Northeast,Sugar Shack,6,Sugar Shack → NJ,230.58,141,160.08
2023-03-18,2023-03-24,Standard,MI,Midwest,Secret Factory,6,Secret Factory → MI,103.91,40,63.91
2023-10-16,2023-10-19,Standard,NJ,Northeast,The Other Factory,3,The Other Factory → NJ,154.06,70,91.06
2023-08-27,2023-09-02,Standard,OH,Midwest,Lot's O' Nuts,6,Lot's O' Nuts → OH,1110.38,407,499.8800000000001
2023-05-27,2023-05-31,Standard,IL,Midwest,Sugar Shack,4,Sugar Shack → IL,267.54,167,184.04000000000002
2023-12-04,2023-12-07,Standard,MA,Northeast,Secret Factory,3,Secret Factory → MA,933.33,396,537.33
2023-01-30,2023-02-03,Expedited,WI,Midwest,Sugar Shack,4,Sugar Shack → WI,362.8,236,244.8
2023-09-14,2023-09-18,Standard,MI,Midwest,The Other Factory,4,The Other Factory → MI,338.76,155,199.26
2023-05-25,2023-05-28,Expedited,CA,West,The Other Factory,3,The Other Factory → CA,125.69,57,74.39
2023-05-28,2023-06-02,Standard,OH,Midwest,Wicked Choccy's,5,Wicked Choccy's → OH,1170.6,482,592.1999999999999
2023-07-14,2023-07-16,Expedited,AZ,West,Sugar Shack,2,Sugar Shack → AZ,360.66,247,237.16000000000003
2023-02-11,2023-02-19,Standard,CA,West,Secret Factory,8,Secret Factory → CA,347.64,148,199.64
2023-03-21,2023-03-26,Standard,NJ,Northeast,Sugar Shack,5,Sugar Shack → NJ,171.29,117,112.78999999999999
2023-06-11,2023-06-16,Standard,OH,Midwest,Lot's O' Nuts,5,Lot's O' Nuts → OH,392.71,142,179.70999999999998
2023-02-04,2023-02-07,Standard,WA,West,Lot's O' Nuts,3,Lot's O' Nuts → WA,717.98,260,327.98
2023-07-25,2023-07-28,Expedited,IL,Midwest,The Other Factory,3,The Other Factory → IL,928.68,456,518.28
2023-02-08,2023-02-19,Standard,FL,South,Sugar Shack,11,Sugar Shack → FL,566.19,344,394.19000000000005
2023-05-06,2023-05-10,Standard,WI,Midwest,Sugar Shack,4,Sugar Shack → WI,270.61,171,185.11
2023-03-03,2023-03-09,Expedited,NY,Northeast,Lot's O' Nuts,6,Lot's O' Nuts → NY,464.83,148,242.82999999999998
2023-07-31,2023-08-06,Standard,GA,South,Lot's O' Nuts,6,Lot's O' Nuts → GA,1265.75,400,665.75
2023-06-12,2023-06-17,Standard,IN,Midwest,The Other Factory,5,The Other Factory → IN,88.6,40,52.599999999999994
2023-05-19,2023-05-23,Standard,TX,South,The Other Factory,4,The Other Factory → TX,161.13,78,90.92999999999999
2023-10-12,2023-10-16,Standard,MI,Midwest,Sugar Shack,4,Sugar Shack → MI,767.69,495,520.19
2023-11-18,2023-11-23,Standard,WI,Midwest,Sugar Shack,5,Sugar Shack → WI,39.07,24,27.07
2023-09-11,2023-09-12,Expedited,NV,West,Sugar Shack,1,Sugar Shack → NV,480.75,309,326.25
2023-11-19,2023-11-24,Standard,MI,Midwest,Secret Factory,5,Secret Factory → MI,1102.3,476,626.3
2023-04-03,2023-04-08,Standard,NJ,Northeast,Sugar Shack,5,Sugar Shack → NJ,247.04,156,169.04
2023-05-21,2023-05-23,Expedited,MA,Northeast,The Other Factory,2,The Other Factory → MA,57.1,27,32.8
2023-05-25,2023-05-29,Standard,NV,West,Lot's O' Nuts,4,Lot's O' Nuts → NV,601.63,209,288.13
2023-08-11,2023-08-13,Expedited,MA,Northeast,Wicked Choccy's,2,Wicked Choccy's → MA,655.07,264,338.27000000000004
2023-04-27,2023-05-03,Standard,GA,South,The Other Factory,6,The Other Factory → GA,44.73,20,26.729999999999997
2023-03-13,2023-03-17,Standard,OR,West,Lot's O' Nuts,4,Lot's O' Nuts → OR,1312.32,450,637.3199999999999
2023-07-01,2023-07-08,Standard,NY,Northeast,Wicked Choccy's,7,Wicked Choccy's → NY,808.08,303,444.48
2023-11-11,2023-11-17,Standard,MI,Midwest,Wicked Choccy's,6,Wicked Choccy's → MI,691.86,298,334.26
2023-03-11,2023-03-14,Standard,NV,West,Sugar Shack,3,Sugar Shack → NV,530.05,361,349.54999999999995
2023-01-30,2023-02-03,Standard,MI,Midwest,Wicked Choccy's,4,Wicked Choccy's → MI,1017.95,393,546.35
2023-12-21,2023-12-26,Standard,FL,South,The Other Factory,5,The Other Factory → FL,1038.35,495,592.8499999999999
2023-03-21,2023-03-25,Standard,FL,South,Secret Factory,4,Secret Factory → FL,523.35,228,295.35
2023-09-13,2023-09-18,Standard,VA,South,The Other Factory,5,The Other Factory → VA,434.55,182,270.75
2023-06-06,2023-06-12,Standard,VA,South,The Other Factory,6,The Other Factory → VA,848.2,385,501.70000000000005
2023-03-01,2023-03-05,Expedited,PA,Northeast,Wicked Choccy's,4,Wicked Choccy's → PA,1002.27,373,554.67
2023-12-15,2023-12-21,Standard,NY,Northeast,Wicked Choccy's,6,Wicked Choccy's → NY,1262.01,487,677.61
2023-01-13,2023-01-17,Expedited,WI,Midwest,Wicked Choccy's,4,Wicked Choccy's → WI,1164.86,451,623.6599999999999
2023-03-08,2023-03-14,Standard,NY,Northeast,Secret Factory,6,Secret Factory → NY,1038.43,402,636.4300000000001
2023-01-21,2023-01-24,Standard,MA,Northeast,Sugar Shack,3,Sugar Shack → MA,71.35,51,45.849999999999994
2023-07-13,2023-07-17,Expedited,CA,West,Wicked Choccy's,4,Wicked Choccy's → CA,1135.79,490,547.79
2023-03-09,2023-03-14,Standard,IL,Midwest,The Other Factory,5,The Other Factory → IL,806.83,357,485.53000000000003
2023-10-28,2023-10-30,Expedited,WI,Midwest,Sugar Shack,2,Sugar Shack → WI,373.81,236,255.81
2023-08-04,2023-08-08,Standard,MA,Northeast,Secret Factory,4,Secret Factory → MA,447.13,172,275.13
2023-04-22,2023-04-24,Expedited,PA,Northeast,Wicked Choccy's,2,Wicked Choccy's → PA,928.81,376,477.60999999999996
2023-04-21,2023-04-26,Standard,CT,Northeast,The Other Factory,5,The Other Factory → CT,141.86,71,77.96000000000001
2023-03-12,2023-03-16,Standard,NV,West,Secret Factory,4,Secret Factory → NV,104.66,44,60.66
2023-11-18,2023-11-24,Standard,CT,Northeast,Sugar Shack,6,Sugar Shack → CT,673.96,414,466.96000000000004
2023-06-25,2023-07-04,Standard,NY,Northeast,Wicked Choccy's,9,Wicked Choccy's → NY,315.88,137,151.48
2023-01-14,2023-01-18,Standard,IL,Midwest,Sugar Shack,4,Sugar Shack → IL,65.22,43,43.72
2023-04-24,2023-04-28,Standard,TX,South,Lot's O' Nuts,4,Lot's O' Nuts → TX,1249.5,440,589.5
2023-08-19,2023-08-23,Standard,WA,West,Wicked Choccy's,4,Wicked Choccy's → WA,1266.31,465,708.31
2023-02-13,2023-02-20,Expedited,TX,South,Sugar Shack,7,Sugar Shack → TX,571.55,352,395.54999999999995
2023-07-11,2023-07-14,Standard,AZ,West,The Other Factory,3,The Other Factory → AZ,22.47,10,13.469999999999999
2023-08-30,2023-09-05,Standard,IL,Midwest,Wicked Choccy's,6,Wicked Choccy's → IL,142.34,53,78.74000000000001
2023-03-04,2023-03-09,Standard,GA,South,The Other Factory,5,The Other Factory → GA,650.75,301,379.85
2023-01-20,2023-01-25,Standard,OH,Midwest,Wicked Choccy's,5,Wicked Choccy's → OH,1088.14,425,578.1400000000001
2023-11-16,2023-11-21,Standard,MA,Northeast,The Other Factory,5,The Other Factory → MA,553.92,238,339.71999999999997
2023-01-16,2023-01-19,Standard,OH,Midwest,Wicked Choccy's,3,Wicked Choccy's → OH,1026.26,416,527.06
2023-01-02,2023-01-05,Standard,TX,South,The Other Factory,3,The Other Factory → TX,230.41,96,144.01
2023-05-24,2023-05-30,Standard,IL,Midwest,Lot's O' Nuts,6,Lot's O' Nuts → IL,809.52,262,416.52
2023-09-22,2023-09-27,Standard,GA,South,Secret Factory,5,Secret Factory → GA,1361.74,496,865.74
2023-10-28,2023-11-02,Standard,OR,West,Sugar Shack,5,Sugar Shack → OR,521.16,326,358.15999999999997
2023-08-13,2023-08-18,Standard,IN,Midwest,Wicked Choccy's,5,Wicked Choccy's → IN,871.02,356,443.82
2023-08-17,2023-08-20,Standard,MA,Northeast,Wicked Choccy's,3,Wicked Choccy's → MA,413.47,157,225.07000000000002
2023-03-10,2023-03-15,Standard,FL,South,Lot's O' Nuts,5,Lot's O' Nuts → FL,1242.01,401,640.51
2023-01-24,2023-01-30,Standard,PA,Northeast,Sugar Shack,6,Sugar Shack → PA,221.47,143,149.97
2023-06-01,2023-06-02,Expedited,WI,Midwest,The Other Factory,1,The Other Factory → WI,527.78,227,323.47999999999996
2023-07-13,2023-07-19,Standard,TX,South,Secret Factory,6,Secret Factory → TX,746.6,298,448.6
2023-12-23,2023-12-28,Standard,NC,South,Sugar Shack,5,Sugar Shack → NC,54.34,37,35.84
2023-08-12,2023-08-15,Standard,IN,Midwest,Secret Factory,3,Secret Factory → IN,662.98,268,394.98
2023-05-01,2023-05-06,Standard,CT,Northeast,The Other Factory,5,The Other Factory → CT,261.6,120,153.60000000000002
2023-01-27,2023-01-30,Standard,MI,Midwest,Lot's O' Nuts,3,Lot's O' Nuts → MI,723.19,230,378.19000000000005
2023-07-02,2023-07-06,Expedited,MI,Midwest,The Other Factory,4,The Other Factory → MI,574.08,289,313.98
2023-08-14,2023-08-18,Standard,TX,South,Lot's O' Nuts,4,Lot's O' Nuts → TX,607.51,209,294.01
2023-09-18,2023-09-20,Expedited,NC,South,Secret Factory,2,Secret Factory → NC,623.69,231,392.69000000000005
2023-10-29,2023-11-02,Standard,WA,West,Wicked Choccy's,4,Wicked Choccy's → WA,681.6,250,381.6
2023-06-25,2023-07-01,Standard,WA,West,Secret Factory,6,Secret Factory → WA,285.43,104,181.43
2023-03-21,2023-03-30,Standard,CA,West,Wicked Choccy's,9,Wicked Choccy's → CA,868.53,347,452.13
2023-10-22,2023-10-27,Standard,OR,West,Sugar Shack,5,Sugar Shack → OR,148.12,102,97.12
2023-07-18,2023-07-24,Standard,CA,West,Secret Factory,6,Secret Factory → CA,1195.37,479,716.3699999999999
2023-10-03,2023-10-07,Standard,CT,Northeast,Wicked Choccy's,4,Wicked Choccy's → CT,58.78,25,28.78
2023-05-18,2023-05-22,Standard,IN,Midwest,Lot's O' Nuts,4,Lot's O' Nuts → IN,225.92,74,114.91999999999999
2023-06-15,2023-06-19,Expedited,VA,South,Secret Factory,4,Secret Factory → VA,1182.36,453,729.3599999999999
2023-08-14,2023-08-21,Standard,NY,Northeast,Lot's O' Nuts,7,Lot's O' Nuts → NY,486.21,149,262.71
2023-02-20,2023-02-21,Expedited,OH,Midwest,Sugar Shack,1,Sugar Shack → OH,57.07,36,39.07
2023-10-30,2023-11-02,Expedited,MA,Northeast,Lot's O' Nuts,3,Lot's O' Nuts → MA,322.58,110,157.57999999999998
2023-08-13,2023-08-19,Standard,PA,Northeast,Lot's O' Nuts,6,Lot's O' Nuts → PA,655.17,233,305.66999999999996
2023-02-10,2023-02-11,Expedited,NJ,Northeast,Sugar Shack,1,Sugar Shack → NJ,561.63,388,367.63
2023-07-11,2023-07-15,Standard,NJ,Northeast,The Other Factory,4,The Other Factory → NJ,365.7,158,223.5
2023-09-13,2023-09-18,Standard,OR,West,Sugar Shack,5,Sugar Shack → OR,654.69,461,424.19000000000005
2023-02-02,2023-02-08,Standard,AZ,West,Sugar Shack,6,Sugar Shack → AZ,144.6,98,95.6
2023-12-29,2024-01-02,Standard,IL,Midwest,Sugar Shack,4,Sugar Shack → IL,178.31,114,121.31
2023-10-23,2023-10-26,Standard,IL,Midwest,The Other Factory,3,The Other Factory → IL,37.11,17,21.81
2023-03-04,2023-03-09,Standard,IL,Midwest,Wicked Choccy's,5,Wicked Choccy's → IL,1240.34,495,646.3399999999999
2023-06-29,2023-07-04,Standard,NJ,Northeast,Secret Factory,5,Secret Factory → NJ,172.72,66,106.72
2023-08-26,2023-09-03,Standard,NY,Northeast,Secret Factory,8,Secret Factory → NY,699.14,305,394.14
2023-02-20,2023-02-26,Standard,GA,South,Secret Factory,6,Secret Factory → GA,707.39,261,446.39
2023-12-08,2023-12-12,Expedited,MA,Northeast,Secret Factory,4,Secret Factory → MA,507.24,207,300.24
2023-05-09,2023-05-14,Standard,NY,Northeast,Secret Factory,5,Secret Factory → NY,687.77,266,421.77
2023-06-25,2023-06-30,Standard,MA,Northeast,Wicked Choccy's,5,Wicked Choccy's → MA,1133.78,484,552.98
2023-09-09,2023-09-15,Standard,OR,West,Sugar Shack,6,Sugar Shack → OR,389.29,280,249.29000000000002
2023-10-13,2023-10-18,Standard,PA,Northeast,The Other Factory,5,The Other Factory → PA,817.44,389,467.34000000000003
2023-03-27,2023-04-02,Standard,NY,Northeast,Lot's O' Nuts,6,Lot's O' Nuts → NY,718.0,222,385.0
2023-03-29,2023-04-04,Standard,PA,Northeast,The Other Factory,6,The Other Factory → PA,937.76,411,567.86
2023-01-18,2023-01-24,Standard,NJ,Northeast,Lot's O' Nuts,6,Lot's O' Nuts → NJ,1474.23,450,799.23
2023-04-14,2023-04-17,Standard,WA,West,The Other Factory,3,The Other Factory → WA,294.51,141,167.60999999999999
2023-04-10,2023-04-12,Expedited,WI,Midwest,Lot's O' Nuts,2,Lot's O' Nuts → WI,424.6,133,225.10000000000002
2023-02-10,2023-02-13,Standard,AZ,West,Lot's O' Nuts,3,Lot's O' Nuts → AZ,626.12,215,303.62
2023-09-14,2023-09-19,Standard,GA,South,The Other Factory,5,The Other Factory → GA,407.74,200,227.74
2023-05-29,2023-06-03,Standard,WI,Midwest,Sugar Shack,5,Sugar Shack → WI,68.78,48,44.78
2023-07-30,2023-08-03,Standard,MA,Northeast,The Other Factory,4,The Other Factory → MA,346.07,172,191.26999999999998
2023-08-20,2023-08-23,Standard,WI,Midwest,The Other Factory,3,The Other Factory → WI,721.85,346,410.45000000000005
2023-06-28,2023-07-02,Standard,CT,Northeast,Secret Factory,4,Secret Factory → CT,949.25,346,603.25
2023-10-05,2023-10-10,Standard,VA,South,The Other Factory,5,The Other Factory → VA,96.1,44,56.49999999999999
2023-10-01,2023-10-02,Expedited,NC,South,Wicked Choccy's,1,Wicked Choccy's → NC,810.68,317,430.28
2023-10-26,2023-11-01,Standard,PA,Northeast,Lot's O' Nuts,6,Lot's O' Nuts → PA,1494.09,488,762.0899999999999
2023-11-21,2023-11-27,Standard,PA,Northeast,Secret Factory,6,Secret Factory → PA,1130.92,420,710.9200000000001
2023-10-02,2023-10-07,Standard,IN,Midwest,Sugar Shack,5,Sugar Shack → IN,606.66,438,387.65999999999997
2023-10-30,2023-11-02,Standard,IN,Midwest,Secret Factory,3,Secret Factory → IN,148.75,56,92.75
2023-01-03,2023-01-09,Standard,NY,Northeast,Wicked Choccy's,6,Wicked Choccy's → NY,1169.35,448,631.7499999999999
2023-12-13,2023-12-19,Standard,WA,West,Wicked Choccy's,6,Wicked Choccy's → WA,209.34,91,100.14
2023-03-07,2023-03-12,Standard,TX,South,Lot's O' Nuts,5,Lot's O' Nuts → TX,1368.22,470,663.22
2023-07-15,2023-07-19,Standard,GA,South,Wicked Choccy's,4,Wicked Choccy's → GA,197.3,87,92.9
2023-07-20,2023-07-24,Standard,NJ,Northeast,Sugar Shack,4,Sugar Shack → NJ,449.54,318,290.54
2023-12-14,2023-12-18,Standard,AZ,West,Sugar Shack,4,Sugar Shack → AZ,533.55,384,341.54999999999995
2023-03-07,2023-03-12,Standard,WI,Midwest,Sugar Shack,5,Sugar Shack → WI,24.15,17,15.649999999999999
2023-11-26,2023-11-29,Expedited,GA,South,Secret Factory,3,Secret Factory → GA,111.21,43,68.21
2023-03-23,2023-03-27,Standard,MI,Midwest,Lot's O' Nuts,4,Lot's O' Nuts → MI,1291.19,395,698.69
2023-01-26,2023-01-30,Standard,GA,South,Secret Factory,4,Secret Factory → GA,1038.54,387,651.54
2023-04-05,2023-04-11,Standard,AZ,West,The Other Factory,6,The Other Factory → AZ,44.91,22,25.109999999999996
2023-05-19,2023-05-22,Standard,FL,South,Lot's O' Nuts,3,Lot's O' Nuts → FL,744.64,249,371.14
2023-12-09,2023-12-13,Standard,OH,Midwest,The Other Factory,4,The Other Factory → OH,1170.41,490,729.4100000000001
2023-09-08,2023-09-13,Standard,IN,Midwest,Secret Factory,5,Secret Factory → IN,348.33,141,207.32999999999998
2023-02-03,2023-02-07,Standard,IN,Midwest,Secret Factory,4,Secret Factory → IN,438.66,182,256.66
2023-10-13,2023-10-15,Expedited,NC,South,Lot's O' Nuts,2,Lot's O' Nuts → NC,1393.55,475,681.05
2023-08-08,2023-08-12,Standard,FL,South,Lot's O' Nuts,4,Lot's O' Nuts → FL,915.12,320,435.12
2023-08-25,2023-08-28,Standard,IL,Midwest,Lot's O' Nuts,3,Lot's O' Nuts → IL,374.78,116,200.77999999999997
2023-04-24,2023-04-29,Standard,NV,West,Wicked Choccy's,5,Wicked Choccy's → NV,627.25,268,305.65
2023-05-28,2023-05-31,Standard,PA,Northeast,Secret Factory,3,Secret Factory → PA,1007.37,435,572.37
2023-11-06,2023-11-07,Expedited,IN,Midwest,Lot's O' Nuts,1,Lot's O' Nuts → IN,279.81,85,152.31
2023-06-27,2023-07-02,Standard,WI,Midwest,The Other Factory,5,The Other Factory → WI,373.34,171,219.43999999999997
2023-02-14,2023-02-15,Expedited,IL,Midwest,Sugar Shack,1,Sugar Shack → IL,367.23,225,254.73000000000002
2023-04-06,2023-04-09,Expedited,NV,West,Wicked Choccy's,3,Wicked Choccy's → NV,725.04,316,345.84
2023-01-02,2023-01-11,Standard,FL,South,Sugar Shack,9,Sugar Shack → FL,209.81,146,136.81
2023-04-18,2023-04-22,Standard,CT,Northeast,Wicked Choccy's,4,Wicked Choccy's → CT,233.55,90,125.55000000000001
2023-12-29,2024-01-02,Standard,NV,West,Lot's O' Nuts,4,Lot's O' Nuts → NV,1552.09,480,832.0899999999999
2023-08-15,2023-08-18,Standard,MI,Midwest,Secret Factory,3,Secret Factory → MI,1135.67,443,692.6700000000001
2023-08-17,2023-08-21,Standard,NC,South,The Other Factory,4,The Other Factory → NC,235.08,106,139.68
2023-07-10,2023-07-14,Standard,CA,West,Wicked Choccy's,4,Wicked Choccy's → CA,861.52,350,441.52
2023-11-21,2023-11-25,Expedited,VA,South,Wicked Choccy's,4,Wicked Choccy's → VA,927.75,340,519.75
2023-08-17,2023-08-25,Standard,NC,South,Sugar Shack,8,Sugar Shack → NC,356.93,255,229.43
2023-12-03,2023-12-12,Standard,NY,Northeast,Sugar Shack,9,Sugar Shack → NY,475.43,336,307.43
2023-04-05,2023-04-11,Standard,MA,Northeast,Sugar Shack,6,Sugar Shack → MA,720.9,448,496.9
2023-05-26,2023-05-28,Expedited,GA,South,Lot's O' Nuts,2,Lot's O' Nuts → GA,499.08,180,229.07999999999998
2023-06-10,2023-06-11,Expedited,MI,Midwest,Secret Factory,1,Secret Factory → MI,1174.72,428,746.72
2023-07-07,2023-07-13,Standard,NJ,Northeast,Lot's O' Nuts,6,Lot's O' Nuts → NJ,602.58,193,313.08000000000004
2023-10-17,2023-10-18,Expedited,MA,Northeast,Sugar Shack,1,Sugar Shack → MA,49.16,31,33.66
2023-11-24,2023-11-26,Expedited,IN,Midwest,Wicked Choccy's,2,Wicked Choccy's → IN,261.07,103,137.47
2023-07-22,2023-07-29,Standard,FL,South,Sugar Shack,7,Sugar Shack → FL,644.2,464,412.20000000000005
2023-02-17,2023-02-25,Standard,GA,South,Sugar Shack,8,Sugar Shack → GA,373.25,242,252.25
2023-04-28,2023-05-01,Standard,NJ,Northeast,Secret Factory,3,Secret Factory → NJ,359.9,155,204.89999999999998
2023-08-08,2023-08-14,Standard,IL,Midwest,Sugar Shack,6,Sugar Shack → IL,49.95,33,33.45
2023-04-23,2023-04-27,Standard,OH,Midwest,Secret Factory,4,Secret Factory → OH,162.58,72,90.58000000000001
2023-04-13,2023-04-15,Expedited,MI,Midwest,Sugar Shack,2,Sugar Shack → MI,446.67,320,286.67
2023-11-07,2023-11-14,Expedited,CA,West,Sugar Shack,7,Sugar Shack → CA,651.88,469,417.38
2023-05-14,2023-05-19,Standard,NJ,Northeast,Lot's O' Nuts,5,Lot's O' Nuts → NJ,339.89,111,173.39
2023-10-07,2023-10-11,Expedited,MI,Midwest,Secret Factory,4,Secret Factory → MI,632.82,244,388.82000000000005
2023-01-13,2023-01-18,Standard,CT,Northeast,Lot's O' Nuts,5,Lot's O' Nuts → CT,633.13,214,312.13
2023-07-20,2023-07-23,Standard,VA,South,Secret Factory,3,Secret Factory → VA,978.73,358,620.73
2023-11-21,2023-11-25,Standard,WI,Midwest,Sugar Shack,4,Sugar Shack → WI,713.6,459,484.1
2023-07-02,2023-07-07,Standard,GA,South,Lot's O' Nuts,5,Lot's O' Nuts → GA,1272.01,413,652.51
2023-03-26,2023-03-30,Standard,PA,Northeast,The Other Factory,4,The Other Factory → PA,273.21,117,167.90999999999997
2023-03-15,2023-03-20,Standard,PA,Northeast,Sugar Shack,5,Sugar Shack → PA,602.59,377,414.09000000000003
2023-07-31,2023-08-03,Expedited,IN,Midwest,The Other Factory,3,The Other Factory → IN,512.39,249,288.28999999999996
2023-12-11,2023-12-15,Expedited,GA,South,Wicked Choccy's,4,Wicked Choccy's → GA,546.1,223,278.5
2023-01-24,2023-01-30,Standard,OR,West,Sugar Shack,6,Sugar Shack → OR,81.76,54,54.760000000000005
2023-07-13,2023-07-19,Standard,PA,Northeast,The Other Factory,6,The Other Factory → PA,915.12,397,557.8199999999999
2023-09-24,2023-09-27,Expedited,CT,Northeast,The Other Factory,3,The Other Factory → CT,309.92,138,185.72000000000003
2023-05-11,2023-05-17,Standard,WI,Midwest,Lot's O' Nuts,6,Lot's O' Nuts → WI,1024.79,328,532.79
2023-08-02,2023-08-06,Standard,MI,Midwest,Lot's O' Nuts,4,Lot's O' Nuts → MI,1132.21,366,583.21
2023-02-21,2023-02-27,Standard,WI,Midwest,The Other Factory,6,The Other Factory → WI,705.68,306,430.28
2023-05-18,2023-05-22,Standard,CT,Northeast,Secret Factory,4,Secret Factory → CT,906.54,340,566.54
2023-04-15,2023-04-17,Expedited,CT,Northeast,Secret Factory,2,Secret Factory → CT,910.71,333,577.71
2023-10-10,2023-10-13,Standard,WA,West,Lot's O' Nuts,3,Lot's O' Nuts → WA,143.64,49,70.13999999999999
2023-02-19,2023-02-23,Standard,FL,South,The Other Factory,4,The Other Factory → FL,297.28,133,177.57999999999998
2023-07-06,2023-07-08,Expedited,IL,Midwest,Wicked Choccy's,2,Wicked Choccy's → IL,1134.43,426,623.23
2023-11-23,2023-11-25,Expedited,OR,West,Wicked Choccy's,2,Wicked Choccy's → OR,116.7,50,56.7
2023-01-24,2023-01-30,Standard,IL,Midwest,Wicked Choccy's,6,Wicked Choccy's → IL,602.32,257,293.9200000000001
2023-02-27,2023-03-03,Standard,VA,South,Wicked Choccy's,4,Wicked Choccy's → VA,154.89,60,82.88999999999999
2023-08-22,2023-08-23,Expedited,NC,South,Secret Factory,1,Secret Factory → NC,33.79,13,20.79
2023-12-20,2023-12-25,Standard,NV,West,Lot's O' Nuts,5,Lot's O' Nuts → NV,1444.58,441,783.0799999999999
2023-04-19,2023-04-24,Standard,GA,South,Wicked Choccy's,5,Wicked Choccy's → GA,319.69,121,174.49
2023-09-19,2023-09-22,Expedited,OR,West,Secret Factory,3,Secret Factory → OR,404.46,155,249.45999999999998
2023-06-05,2023-06-12,Standard,CA,West,Secret Factory,7,Secret Factory → CA,34.75,15,19.75
2023-03-14,2023-03-15,Expedited,IL,Midwest,The Other Factory,1,The Other Factory → IL,74.39,33,44.69
2023-12-03,2023-12-05,Expedited,AZ,West,The Other Factory,2,The Other Factory → AZ,347.41,154,208.81000000000003
2023-10-18,2023-10-24,Standard,OH,Midwest,Lot's O' Nuts,6,Lot's O' Nuts → OH,1091.17,351,564.6700000000001
2023-01-13,2023-01-16,Standard,OH,Midwest,Sugar Shack,3,Sugar Shack → OH,410.39,289,265.89
2023-12-16,2023-12-21,Standard,IN,Midwest,Sugar Shack,5,Sugar Shack → IN,131.47,85,88.97
2023-01-22,2023-01-28,Standard,WA,West,Wicked Choccy's,6,Wicked Choccy's → WA,630.47,249,331.67
2023-05-29,2023-06-02,Expedited,OH,Midwest,Wicked Choccy's,4,Wicked Choccy's → OH,807.99,357,379.59000000000003
2023-02-12,2023-02-18,Standard,CT,Northeast,Secret Factory,6,Secret Factory → CT,1197.36,482,715.3599999999999
2023-10-02,2023-10-07,Standard,WI,Midwest,Secret Factory,5,Secret Factory → WI,142.58,59,83.58000000000001
2023-09-17,2023-09-21,Standard,FL,South,Secret Factory,4,Secret Factory → FL,923.47,409,514.47
2023-03-29,2023-04-03,Standard,TX,South,Lot's O' Nuts,5,Lot's O' Nuts → TX,357.79,116,183.79000000000002
2023-01-12,2023-01-13,Expedited,OR,West,Sugar Shack,1,Sugar Shack → OR,483.61,321,323.11
2023-02-08,2023-02-13,Standard,TX,South,Lot's O' Nuts,5,Lot's O' Nuts → TX,33.18,11,16.68
2023-09-14,2023-09-20,Standard,WI,Midwest,Sugar Shack,6,Sugar Shack → WI,325.75,238,206.75
2023-09-12,2023-09-18,Standard,NC,South,The Other Factory,6,The Other Factory → NC,80.6,35,49.099999999999994
2023-10-14,2023-10-19,Standard,NV,West,Wicked Choccy's,5,Wicked Choccy's → NV,987.52,435,465.52
2023-09-19,2023-09-20,Expedited,GA,South,Wicked Choccy's,1,Wicked Choccy's → GA,132.44,53,68.84
2023-03-25,2023-03-31,Standard,IN,Midwest,Secret Factory,6,Secret Factory → IN,363.8,134,229.8
2023-03-12,2023-03-16,Standard,WI,Midwest,The Other Factory,4,The Other Factory → WI,150.84,76,82.44
2023-02-25,2023-02-28,Expedited,IL,Midwest,Lot's O' Nuts,3,Lot's O' Nuts → IL,70.95,24,34.95
2023-04-11,2023-04-15,Expedited,CA,West,Secret Factory,4,Secret Factory → CA,58.48,25,33.48
2023-01-22,2023-01-28,Standard,TX,South,Secret Factory,6,Secret Factory → TX,875.83,336,539.83
2023-05-20,2023-05-29,Standard,CA,West,Secret Factory,9,Secret Factory → CA,693.79,286,407.78999999999996
2023-08-14,2023-08-18,Standard,CT,Northeast,The Other Factory,4,The Other Factory → CT,753.39,332,454.59
2023-03-25,2023-03-26,Expedited,NV,West,Sugar Shack,1,Sugar Shack → NV,257.25,167,173.75
2023-10-06,2023-10-07,Expedited,WI,Midwest,Lot's O' Nuts,1,Lot's O' Nuts → WI,834.93,305,377.42999999999995
2023-03-05,2023-03-11,Standard,GA,South,Lot's O' Nuts,6,Lot's O' Nuts → GA,1299.84,417,674.3399999999999
2023-08-26,2023-09-02,Standard,NY,Northeast,Secret Factory,7,Secret Factory → NY,372.24,147,225.24
2023-01-15,2023-01-22,Standard,NY,Northeast,Lot's O' Nuts,7,Lot's O' Nuts → NY,651.75,226,312.75
2023-02-08,2023-02-14,Standard,NY,Northeast,Secret Factory,6,Secret Factory → NY,662.12,294,368.12
2023-12-27,2023-12-31,Standard,MI,Midwest,Sugar Shack,4,Sugar Shack → MI,349.71,235,232.20999999999998
2023-03-11,2023-03-16,Standard,OH,Midwest,Sugar Shack,5,Sugar Shack → OH,511.35,335,343.85
2023-12-20,2023-12-26,Standard,VA,South,Wicked Choccy's,6,Wicked Choccy's → VA,973.19,411,479.99000000000007
2023-12-29,2023-12-31,Expedited,PA,Northeast,The Other Factory,2,The Other Factory → PA,734.89,327,440.59
2023-04-08,2023-04-09,Expedited,NC,South,Wicked Choccy's,1,Wicked Choccy's → NC,241.8,93,130.20000000000002
2023-05-11,2023-05-17,Standard,WI,Midwest,Lot's O' Nuts,6,Lot's O' Nuts → WI,344.12,110,179.12
2023-09-28,2023-10-03,Standard,MA,Northeast,Sugar Shack,5,Sugar Shack → MA,122.7,79,83.2
2023-05-08,2023-05-12,Expedited,MI,Midwest,The Other Factory,4,The Other Factory → MI,949.88,417,574.5799999999999
2023-03-09,2023-03-13,Expedited,AZ,West,Wicked Choccy's,4,Wicked Choccy's → AZ,861.99,348,444.39
2023-03-27,2023-03-31,Standard,PA,Northeast,Wicked Choccy's,4,Wicked Choccy's → PA,1029.79,435,507.78999999999996
2023-06-09,2023-06-12,Standard,PA,Northeast,Lot's O' Nuts,3,Lot's O' Nuts → PA,649.98,220,319.98
2023-05-06,2023-05-11,Standard,CA,West,Sugar Shack,5,Sugar Shack → CA,295.37,201,194.87
2023-04-11,2023-04-18,Expedited,FL,South,Sugar Shack,7,Sugar Shack → FL,301.3,215,193.8
2023-09-28,2023-09-30,Expedited,PA,Northeast,The Other Factory,2,The Other Factory → PA,427.7,196,251.29999999999998
2023-05-26,2023-06-02,Standard,GA,South,Sugar Shack,7,Sugar Shack → GA,163.16,114,106.16
2023-05-29,2023-06-06,Standard,CA,West,Wicked Choccy's,8,Wicked Choccy's → CA,1180.14,465,622.1400000000001
2023-05-31,2023-06-04,Standard,NC,South,The Other Factory,4,The Other Factory → NC,937.42,401,576.52
2023-11-20,2023-11-23,Expedited,FL,South,The Other Factory,3,The Other Factory → FL,423.17,203,240.47000000000003
2023-02-26,2023-03-01,Standard,WA,West,Sugar Shack,3,Sugar Shack → WA,699.37,475,461.87
2023-09-09,2023-09-14,Standard,MI,Midwest,The Other Factory,5,The Other Factory → MI,226.05,101,135.15
2023-09-14,2023-09-18,Standard,MI,Midwest,Secret Factory,4,Secret Factory → MI,412.51,175,237.51
2023-11-15,2023-11-16,Expedited,MA,Northeast,The Other Factory,1,The Other Factory → MA,404.59,194,229.98999999999998
2023-01-02,2023-01-05,Expedited,MA,Northeast,Lot's O' Nuts,3,Lot's O' Nuts → MA,651.21,198,354.21000000000004
2023-11-30,2023-12-04,Standard,MI,Midwest,Lot's O' Nuts,4,Lot's O' Nuts → MI,1490.85,479,772.3499999999999
2023-05-01,2023-05-03,Expedited,NC,South,Lot's O' Nuts,2,Lot's O' Nuts → NC,413.92,143,199.42000000000002
2023-04-11,2023-04-16,Standard,AZ,West,Lot's O' Nuts,5,Lot's O' Nuts → AZ,713.46,217,387.96000000000004
2023-05-03,2023-05-06,Standard,PA,Northeast,Secret Factory,3,Secret Factory → PA,1099.04,428,671.04
2023-05-18,2023-05-24,Standard,NV,West,Secret Factory,6,Secret Factory → NV,177.66,68,109.66
2023-07-13,2023-07-16,Expedited,PA,Northeast,The Other Factory,3,The Other Factory → PA,648.02,320,360.02
2023-03-17,2023-03-18,Expedited,CT,Northeast,Lot's O' Nuts,1,Lot's O' Nuts → CT,600.9,207,290.4
2023-08-06,2023-08-09,Standard,NC,South,Lot's O' Nuts,3,Lot's O' Nuts → NC,171.4,62,78.4
2023-03-26,2023-03-28,Expedited,WA,West,Sugar Shack,2,Sugar Shack → WA,75.2,51,49.7
2023-01-01,2023-01-05,Expedited,WA,West,Sugar Shack,4,Sugar Shack → WA,142.63,94,95.63
2023-11-14,2023-11-16,Expedited,CT,Northeast,The Other Factory,2,The Other Factory → CT,159.94,67,99.64
2023-01-31,2023-02-07,Standard,NY,Northeast,The Other Factory,7,The Other Factory → NY,399.23,200,219.23000000000002
2023-08-25,2023-08-31,Standard,NJ,Northeast,The Other Factory,6,The Other Factory → NJ,633.83,268,392.63000000000005
2023-03-25,2023-04-02,Standard,CA,West,Lot's O' Nuts,8,Lot's O' Nuts → CA,225.5,79,107.0
2023-01-08,2023-01-14,Standard,IN,Midwest,Secret Factory,6,Secret Factory → IN,114.8,44,70.8
2023-07-01,2023-07-06,Standard,FL,South,The Other Factory,5,The Other Factory → FL,870.5,388,521.3
2023-11-04,2023-11-10,Standard,MA,Northeast,Sugar Shack,6,Sugar Shack → MA,192.62,119,133.12
2023-09-08,2023-09-13,Standard,WI,Midwest,The Other Factory,5,The Other Factory → WI,373.92,170,220.92000000000002
2023-10-22,2023-10-25,Standard,IN,Midwest,Secret Factory,3,Secret Factory → IN,601.49,250,351.49
2023-11-17,2023-11-22,Standard,OR,West,Lot's O' Nuts,5,Lot's O' Nuts → OR,1188.68,383,614.1800000000001
2023-02-22,2023-02-24,Expedited,OR,West,Sugar Shack,2,Sugar Shack → OR,411.38,301,260.88
2023-05-02,2023-05-09,Expedited,NY,Northeast,Sugar Shack,7,Sugar Shack → NY,501.98,326,338.98
2023-07-16,2023-07-21,Standard,AZ,West,Secret Factory,5,Secret Factory → AZ,432.24,167,265.24
2023-07-21,2023-07-23,Expedited,MA,Northeast,Lot's O' Nuts,2,Lot's O' Nuts → MA,147.64,54,66.63999999999999
2023-09-14,2023-09-18,Standard,IN,Midwest,Sugar Shack,4,Sugar Shack → IN,294.42,204,192.42000000000002
2023-12-02,2023-12-06,Standard,AZ,West,Sugar Shack,4,Sugar Shack → AZ,640.65,447,417.15
2023-10-26,2023-10-30,Standard,AZ,West,Sugar Shack,4,Sugar Shack → AZ,256.06,174,169.06
2023-05-04,2023-05-10,Standard,MI,Midwest,Sugar Shack,6,Sugar Shack → MI,601.81,405,399.30999999999995
2023-10-30,2023-11-03,Expedited,NV,West,Sugar Shack,4,Sugar Shack → NV,747.73,481,507.23
2023-07-05,2023-07-10,Standard,PA,Northeast,Sugar Shack,5,Sugar Shack → PA,471.74,296,323.74
2023-06-30,2023-07-05,Standard,TX,South,Wicked Choccy's,5,Wicked Choccy's → TX,1302.85,490,714.8499999999999
2023-10-10,2023-10-11,Expedited,NJ,Northeast,Sugar Shack,1,Sugar Shack → NJ,80.49,52,54.489999999999995
2023-06-16,2023-06-20,Standard,IN,Midwest,Wicked Choccy's,4,Wicked Choccy's → IN,782.9,328,389.29999999999995
2023-12-18,2023-12-24,Standard,FL,South,Secret Factory,6,Secret Factory → FL,627.63,264,363.63
2023-10-27,2023-10-31,Standard,WA,West,The Other Factory,4,The Other Factory → WA,772.62,350,457.62
2023-05-18,2023-05-24,Standard,NY,Northeast,Lot's O' Nuts,6,Lot's O' Nuts → NY,562.81,185,285.30999999999995
2023-02-12,2023-02-17,Standard,FL,South,Wicked Choccy's,5,Wicked Choccy's → FL,673.62,250,373.62
2023-04-24,2023-04-26,Expedited,TX,South,The Other Factory,2,The Other Factory → TX,849.98,355,530.48
2023-09-04,2023-09-09,Standard,MI,Midwest,Secret Factory,5,Secret Factory → MI,509.59,223,286.59
2023-03-08,2023-03-13,Standard,IL,Midwest,Secret Factory,5,Secret Factory → IL,185.42,82,103.41999999999999
2023-05-06,2023-05-12,Standard,NC,South,Wicked Choccy's,6,Wicked Choccy's → NC,696.95,279,362.15000000000003
2023-08-18,2023-08-20,Expedited,IN,Midwest,Wicked Choccy's,2,Wicked Choccy's → IN,818.66,347,402.26
2023-09-17,2023-09-18,Expedited,TX,South,Lot's O' Nuts,1,Lot's O' Nuts → TX,704.26,256,320.26
2023-07-16,2023-07-18,Expedited,OH,Midwest,Lot's O' Nuts,2,Lot's O' Nuts → OH,123.11,41,61.61
2023-07-11,2023-07-19,Standard,TX,South,Sugar Shack,8,Sugar Shack → TX,346.26,224,234.26
2023-08-09,2023-08-13,Standard,IL,Midwest,Lot's O' Nuts,4,Lot's O' Nuts → IL,153.01,54,72.00999999999999
2023-10-11,2023-10-14,Standard,WA,West,The Other Factory,3,The Other Factory → WA,58.12,26,34.72
2023-08-01,2023-08-05,Expedited,NJ,Northeast,Secret Factory,4,Secret Factory → NJ,573.56,242,331.55999999999995
2023-08-02,2023-08-07,Standard,NJ,Northeast,Sugar Shack,5,Sugar Shack → NJ,234.78,162,153.78
2023-01-30,2023-02-04,Standard,VA,South,Wicked Choccy's,5,Wicked Choccy's → VA,1131.14,422,624.7400000000001
2023-05-09,2023-05-12,Standard,TX,South,Wicked Choccy's,3,Wicked Choccy's → TX,197.71,81,100.51
2023-04-15,2023-04-18,Standard,GA,South,The Other Factory,3,The Other Factory → GA,641.83,285,385.33000000000004
2023-03-11,2023-03-14,Standard,OH,Midwest,Wicked Choccy's,3,Wicked Choccy's → OH,279.75,115,141.75
2023-02-05,2023-02-11,Expedited,GA,South,Sugar Shack,6,Sugar Shack → GA,29.25,21,18.75
2023-05-09,2023-05-13,Expedited,PA,Northeast,Lot's O' Nuts,4,Lot's O' Nuts → PA,49.83,17,24.33
2023-05-25,2023-05-28,Expedited,TX,South,Lot's O' Nuts,3,Lot's O' Nuts → TX,529.37,166,280.37
2023-09-02,2023-09-06,Expedited,IL,Midwest,Secret Factory,4,Secret Factory → IL,394.87,156,238.87
2023-05-06,2023-05-12,Standard,IN,Midwest,Sugar Shack,6,Sugar Shack → IN,187.19,137,118.69
2023-10-26,2023-11-01,Standard,NV,West,Sugar Shack,6,Sugar Shack → NV,672.32,480,432.32000000000005
2023-03-27,2023-03-30,Expedited,OH,Midwest,Lot's O' Nuts,3,Lot's O' Nuts → OH,826.37,269,422.87
2023-08-21,2023-08-25,Standard,WA,West,Secret Factory,4,Secret Factory → WA,676.55,284,392.54999999999995
2023-10-14,2023-10-19,Standard,AZ,West,The Other Factory,5,The Other Factory → AZ,976.78,435,585.28
2023-02-12,2023-02-17,Standard,VA,South,Secret Factory,5,Secret Factory → VA,453.58,170,283.58
2023-07-21,2023-07-29,Standard,NC,South,Sugar Shack,8,Sugar Shack → NC,209.26,131,143.76
2023-01-04,2023-01-06,Expedited,TX,South,Lot's O' Nuts,2,Lot's O' Nuts → TX,531.93,165,284.42999999999995
2023-09-27,2023-10-02,Standard,CT,Northeast,Secret Factory,5,Secret Factory → CT,706.17,262,444.16999999999996
2023-02-05,2023-02-10,Standard,NJ,Northeast,The Other Factory,5,The Other Factory → NJ,801.93,401,441.03
2023-12-17,2023-12-19,Expedited,NJ,Northeast,Sugar Shack,2,Sugar Shack → NJ,338.33,226,225.32999999999998
2023-11-25,2023-11-26,Expedited,WA,West,Sugar Shack,1,Sugar Shack → WA,61.98,39,42.48
2023-06-08,2023-06-09,Expedited,NJ,Northeast,Lot's O' Nuts,1,Lot's O' Nuts → NJ,1337.22,434,686.22
2023-05-04,2023-05-11,Standard,NY,Northeast,Sugar Shack,7,Sugar Shack → NY,84.99,60,54.989999999999995
2023-06-02,2023-06-05,Standard,CT,Northeast,Lot's O' Nuts,3,Lot's O' Nuts → CT,668.85,207,358.35
2023-06-29,2023-07-04,Standard,FL,South,Secret Factory,5,Secret Factory → FL,797.8,341,456.79999999999995
2023-09-15,2023-09-19,Expedited,WI,Midwest,Wicked Choccy's,4,Wicked Choccy's → WI,974.54,361,541.3399999999999
2023-06-23,2023-06-29,Standard,TX,South,Lot's O' Nuts,6,Lot's O' Nuts → TX,900.12,276,486.12
2023-02-05,2023-02-14,Standard,NC,South,Sugar Shack,9,Sugar Shack → NC,644.47,437,425.97
2023-08-02,2023-08-07,Standard,NJ,Northeast,Lot's O' Nuts,5,Lot's O' Nuts → NJ,97.26,32,49.260000000000005
2023-08-04,2023-08-07,Standard,MA,Northeast,Wicked Choccy's,3,Wicked Choccy's → MA,466.32,184,245.51999999999998
2023-07-09,2023-07-12,Standard,NV,West,Sugar Shack,3,Sugar Shack → NV,172.28,122,111.28
2023-06-21,2023-06-26,Standard,OH,Midwest,Secret Factory,5,Secret Factory → OH,1111.64,486,625.6400000000001
2023-03-18,2023-03-22,Standard,CT,Northeast,Sugar Shack,4,Sugar Shack → CT,83.37,51,57.870000000000005
2023-11-25,2023-12-01,Standard,MA,Northeast,Secret Factory,6,Secret Factory → MA,762.87,306,456.87
2023-06-05,2023-06-09,Expedited,CT,Northeast,The Other Factory,4,The Other Factory → CT,802.08,388,452.88000000000005
2023-10-20,2023-10-26,Standard,IL,Midwest,Secret Factory,6,Secret Factory → IL,753.18,331,422.17999999999995
2023-12-29,2023-12-31,Expedited,CT,Northeast,Wicked Choccy's,2,Wicked Choccy's → CT,268.36,102,145.96
2023-10-16,2023-10-19,Standard,MA,Northeast,Lot's O' Nuts,3,Lot's O' Nuts → MA,1361.2,491,624.7
2023-09-05,2023-09-06,Expedited,CT,Northeast,Sugar Shack,1,Sugar Shack → CT,98.76,66,65.76
2023-04-15,2023-04-19,Expedited,AZ,West,Lot's O' Nuts,4,Lot's O' Nuts → AZ,399.32,134,198.32
2023-12-16,2023-12-22,Standard,GA,South,Lot's O' Nuts,6,Lot's O' Nuts → GA,35.42,12,17.42
2023-03-18,2023-03-23,Standard,IL,Midwest,Wicked Choccy's,5,Wicked Choccy's → IL,554.21,223,286.61
2023-11-25,2023-11-30,Standard,NJ,Northeast,Sugar Shack,5,Sugar Shack → NJ,150.09,95,102.59
2023-09-24,2023-09-26,Expedited,CA,West,Sugar Shack,2,Sugar Shack → CA,194.39,121,133.89
2023-03-23,2023-03-27,Standard,IL,Midwest,Secret Factory,4,Secret Factory → IL,439.79,167,272.79
2023-03-31,2023-04-05,Standard,NC,South,Secret Factory,5,Secret Factory → NC,194.38,75,119.38
2023-04-28,2023-05-03,Standard,NY,Northeast,Sugar Shack,5,Sugar Shack → NY,214.46,134,147.46
2023-10-04,2023-10-10,Standard,CT,Northeast,Lot's O' Nuts,6,Lot's O' Nuts → CT,250.84,81,129.34
2023-10-15,2023-10-16,Expedited,IL,Midwest,Sugar Shack,1,Sugar Shack → IL,562.02,345,389.52
2023-09-15,2023-09-16,Expedited,NJ,Northeast,Lot's O' Nuts,1,Lot's O' Nuts → NJ,1383.75,424,747.75
2023-11-23,2023-11-29,Standard,NJ,Northeast,Secret Factory,6,Secret Factory → NJ,895.24,343,552.24
2023-11-12,2023-11-16,Standard,PA,Northeast,Sugar Shack,4,Sugar Shack → PA,134.16,91,88.66
2023-06-17,2023-06-21,Standard,GA,South,The Other Factory,4,The Other Factory → GA,790.63,360,466.63
2023-01-26,2023-01-30,Expedited,TX,South,Wicked Choccy's,4,Wicked Choccy's → TX,457.71,194,224.90999999999997
2023-11-21,2023-11-26,Standard,WA,West,Wicked Choccy's,5,Wicked Choccy's → WA,939.53,388,473.92999999999995
2023-12-19,2023-12-22,Standard,NC,South,Secret Factory,3,Secret Factory → NC,790.23,308,482.23
2023-01-25,2023-01-31,Standard,OR,West,Wicked Choccy's,6,Wicked Choccy's → OR,670.55,294,317.74999999999994
2023-02-04,2023-02-09,Standard,MA,Northeast,Wicked Choccy's,5,Wicked Choccy's → MA,1051.22,417,550.82
2023-02-06,2023-02-08,Expedited,FL,South,The Other Factory,2,The Other Factory → FL,592.13,269,350.03
2023-03-28,2023-04-03,Standard,OR,West,Lot's O' Nuts,6,Lot's O' Nuts → OR,707.53,236,353.53
2023-05-18,2023-05-21,Standard,WA,West,The Other Factory,3,The Other Factory → WA,516.21,219,319.11
2023-08-14,2023-08-18,Standard,FL,South,Secret Factory,4,Secret Factory → FL,1158.47,500,658.47
2023-07-18,2023-07-19,Expedited,GA,South,Lot's O' Nuts,1,Lot's O' Nuts → GA,1494.72,465,797.22
2023-03-09,2023-03-12,Expedited,VA,South,The Other Factory,3,The Other Factory → VA,243.45,107,147.14999999999998
2023-05-12,2023-05-16,Expedited,NJ,Northeast,Sugar Shack,4,Sugar Shack → NJ,663.77,452,437.77
2023-05-02,2023-05-05,Standard,MA,Northeast,The Other Factory,3,The Other Factory → MA,937.81,407,571.51
2023-01-18,2023-01-24,Standard,OR,West,The Other Factory,6,The Other Factory → OR,850.5,391,498.6
2023-04-07,2023-04-12,Standard,WI,Midwest,Wicked Choccy's,5,Wicked Choccy's → WI,1285.29,489,698.49
2023-04-07,2023-04-13,Standard,CA,West,Secret Factory,6,Secret Factory → CA,226.03,88,138.03
2023-01-16,2023-01-23,Standard,NY,Northeast,Secret Factory,7,Secret Factory → NY,496.51,219,277.51
2023-09-29,2023-10-03,Standard,NV,West,Secret Factory,4,Secret Factory → NV,64.83,24,40.83
2023-04-25,2023-05-05,Standard,CA,West,Wicked Choccy's,10,Wicked Choccy's → CA,1109.81,446,574.6099999999999
2023-04-23,2023-04-29,Standard,IL,Midwest,Secret Factory,6,Secret Factory → IL,297.3,124,173.3
2023-05-09,2023-05-15,Standard,IN,Midwest,The Other Factory,6,The Other Factory → IN,21.82,10,12.82
2023-02-21,2023-02-26,Standard,OR,West,The Other Factory,5,The Other Factory → OR,609.29,261,374.39
2023-04-10,2023-04-15,Standard,NJ,Northeast,The Other Factory,5,The Other Factory → NJ,307.75,143,179.05
2023-08-19,2023-08-22,Standard,IL,Midwest,Wicked Choccy's,3,Wicked Choccy's → IL,849.62,312,475.22
2023-06-24,2023-06-30,Standard,CT,Northeast,Sugar Shack,6,Sugar Shack → CT,642.91,392,446.90999999999997
2023-12-05,2023-12-09,Expedited,VA,South,Lot's O' Nuts,4,Lot's O' Nuts → VA,785.24,283,360.74
2023-03-24,2023-03-28,Standard,IL,Midwest,Sugar Shack,4,Sugar Shack → IL,361.99,226,248.99
2023-08-03,2023-08-04,Expedited,GA,South,Wicked Choccy's,1,Wicked Choccy's → GA,818.15,361,384.95
2023-06-17,2023-06-20,Standard,OR,West,The Other Factory,3,The Other Factory → OR,862.71,409,494.61
